report_id,data_source,created_at,date,iso_week,week_start,month,mode,category,narrative,platform,place,region,content_language,target_type,target_age_band,evidence_type,link_cluster,status,hours_to_review,description
PL-000001,synthetic-demo,2025-10-01T10:11:50Z,2025-10-01,2025-W40,2025-09-29,2025-10,in-person,Rumours or lies spread about her,None (in person),,Shop or service,Dolnośląskie,PL,Herself,18-29,Description only,,rejected,11.5,Neighbours spread a rumour that she came to Poland to find a husband.
PL-000002,synthetic-demo,2025-10-01T10:12:22Z,2025-10-01,2025-W40,2025-09-29,2025-10,online,Harassment or pile-on,Other or unclear,TikTok,,Śląskie,PL,Public figure,Unknown,Link and screenshot,LC-42415,verified,9.8,Pile-on in the comments after a Ukrainian woman spoke about her work in local media.
PL-000003,synthetic-demo,2025-10-01T12:27:06Z,2025-10-01,2025-W40,2025-09-29,2025-10,online,False claim to discredit,Abusing benefits / taking jobs,X,,Pomorskie,PL,Ukrainian women as a group,Unknown,Link only,LC-30160,verified,24.1,"Chart with false numbers about benefits paid to Ukrainian women, shared as if official."
PL-000004,synthetic-demo,2025-10-01T13:07:50Z,2025-10-01,2025-W40,2025-09-29,2025-10,online,Manipulated image or video,Stolen photos / fake profiles,Instagram,,Podkarpackie,EN,Herself,30-49,Link only,LC-44130,verified,41.6,Fake account copies a woman's profile photos and messages men pretending to be her.
PL-000005,synthetic-demo,2025-10-01T14:51:20Z,2025-10-01,2025-W40,2025-09-29,2025-10,in-person,Threats or intimidation,None (in person),,Workplace,Zachodniopomorskie,PL,Herself,30-49,Description only,,needs more info,8.3,Former partner threatened to share private photos.
PL-000006,synthetic-demo,2025-10-01T15:52:54Z,2025-10-01,2025-W40,2025-09-29,2025-10,in-person,Verbal harassment or insults,None (in person),,Accommodation or housing,Śląskie,PL,Someone she knows,18-29,Description only,,verified,22.5,Group of men called her names linked to her nationality in the street.
PL-000007,synthetic-demo,2025-10-01T20:02:14Z,2025-10-01,2025-W40,2025-09-29,2025-10,online,Harassment or pile-on,Sex work stereotypes,TikTok,,Mazowieckie,EN,Ukrainian women as a group,Unknown,Description only,,rejected,11.5,Comments call a Ukrainian woman a sex worker after she posted about her new job.
PL-000008,synthetic-demo,2025-10-01T23:58:33Z,2025-10-01,2025-W40,2025-09-29,2025-10,online,Harassment or pile-on,Other or unclear,X,,Małopolskie,EN,Someone she knows,Unknown,Description only,,needs more info,38.8,Her home area and phone number were posted in a hostile group.
PL-000009,synthetic-demo,2025-10-02T11:02:08Z,2025-10-02,2025-W40,2025-09-29,2025-10,in-person,Physical or sexual violence,None (in person),,Workplace,Podlaskie,PL,Someone she knows,18-29,Description only,,verified,16.2,Pushed and hit by a stranger who shouted about Ukrainians.
PL-000010,synthetic-demo,2025-10-02T15:15:33Z,2025-10-02,2025-W40,2025-09-29,2025-10,online,Fabricated story,Criminal or dangerous,TikTok,,Podkarpackie,PL,Ukrainian women as a group,Unknown,Screenshot only,,rejected,26.9,Fabricated story says a Ukrainian woman stole from her employer; the photo is from another country.
PL-000011,synthetic-demo,2025-10-02T16:11:35Z,2025-10-02,2025-W40,2025-09-29,2025-10,online,Harassment or pile-on,Other or unclear,TikTok,,Śląskie,PL,Public figure,50+,Screenshot only,,verified,29.1,Her home area and phone number were posted in a hostile group.
PL-000012,synthetic-demo,2025-10-02T17:22:25Z,2025-10-02,2025-W40,2025-09-29,2025-10,in-person,Verbal harassment or insults,None (in person),,Workplace,Małopolskie,PL,Someone she knows,30-49,Photo,,verified,33.6,Insulted by a customer at work after they heard her accent.
PL-000013,synthetic-demo,2025-10-03T10:12:30Z,2025-10-03,2025-W40,2025-09-29,2025-10,online,Fabricated story,Criminal or dangerous,Facebook,,Śląskie,PL,Herself,30-49,Screenshot only,,verified,28.8,Old crime story from another country reshared as if it happened in Katowice with a Ukrainian woman.
PL-000014,synthetic-demo,2025-10-03T10:41:46Z,2025-10-03,2025-W40,2025-09-29,2025-10,online,Manipulated image or video,Stolen photos / fake profiles,Instagram,,Pomorskie,UA,Someone she knows,18-29,Screenshot only,,verified,52.3,Photos from a Ukrainian woman's private account reposted on a page with sexual captions.
PL-000015,synthetic-demo,2025-10-03T11:07:03Z,2025-10-03,2025-W40,2025-09-29,2025-10,online,Fabricated story,Abusing benefits / taking jobs,Facebook,,Małopolskie,PL,Ukrainian women as a group,Unknown,Link and screenshot,LC-33232,verified,23.8,Post claims Ukrainian women receive more benefits than Polish families; the figures are invented.
PL-000016,synthetic-demo,2025-10-03T15:44:30Z,2025-10-03,2025-W40,2025-09-29,2025-10,in-person,Rumours or lies spread about her,None (in person),,Other,Wielkopolskie,PL,Herself,18-29,Photo,,verified,38.3,"Parents at school said she had a ""bad reputation"" because she is Ukrainian."
PL-000017,synthetic-demo,2025-10-03T19:49:07Z,2025-10-03,2025-W40,2025-09-29,2025-10,online,Fabricated story,Abusing benefits / taking jobs,Facebook,,Łódzkie,PL,Someone she knows,Unknown,Link only,LC-42700,verified,14.7,"Chart with false numbers about benefits paid to Ukrainian women, shared as if official."
PL-000018,synthetic-demo,2025-10-03T20:35:35Z,2025-10-03,2025-W40,2025-09-29,2025-10,online,False claim to discredit,Sex work stereotypes,X,,Pomorskie,PL,Ukrainian women as a group,18-29,Screenshot only,,verified,12.8,Comments call a Ukrainian woman a sex worker after she posted about her new job.
PL-000019,synthetic-demo,2025-10-03T22:30:07Z,2025-10-03,2025-W40,2025-09-29,2025-10,in-person,Verbal harassment or insults,None (in person),,Other,Pomorskie,PL,Someone she knows,30-49,Description only,,needs more info,5.2,Shouted at on public transport in Gdańsk for speaking Ukrainian.
PL-000020,synthetic-demo,2025-10-04T11:30:01Z,2025-10-04,2025-W40,2025-09-29,2025-10,in-person,Verbal harassment or insults,None (in person),,Street or public transport,Śląskie,PL,Someone she knows,18-29,Photo,,verified,9.8,Group of men called her names linked to her nationality in the street.
PL-000021,synthetic-demo,2025-10-04T13:04:38Z,2025-10-04,2025-W40,2025-09-29,2025-10,online,Fabricated story,Other or unclear,Telegram,,Mazowieckie,PL,Ukrainian women as a group,Unknown,Link only,LC-66358,verified,20.2,Pile-on in the comments after a Ukrainian woman spoke about her work in local media.
PL-000022,synthetic-demo,2025-10-04T14:43:08Z,2025-10-04,2025-W40,2025-09-29,2025-10,online,Harassment or pile-on,Other or unclear,Facebook,,Warmińsko-mazurskie,PL,Ukrainian women as a group,Unknown,Link and screenshot,LC-91740,verified,35.6,Comment thread targets a Ukrainian woman activist with insults and false claims about her past.
PL-000023,synthetic-demo,2025-10-04T22:40:11Z,2025-10-04,2025-W40,2025-09-29,2025-10,online,Harassment or pile-on,Criminal or dangerous,TikTok,,Łódzkie,EN,Herself,13-17,Link only,LC-54223,verified,8.6,Old crime story from another country reshared as if it happened in Łódź with a Ukrainian woman.
PL-000024,synthetic-demo,2025-10-04T23:58:33Z,2025-10-04,2025-W40,2025-09-29,2025-10,in-person,Other (in person),None (in person),,Workplace,Mazowieckie,UA,Someone she knows,50+,Description only,,verified,8.1,Treated in a degrading way at an office when asking for help.
PL-000025,synthetic-demo,2025-10-05T10:52:34Z,2025-10-05,2025-W40,2025-09-29,2025-10,online,Fabricated story,Other or unclear,X,,Lubelskie,PL,Public figure,Unknown,Screenshot only,,needs more info,37.6,Her home area and phone number were posted in a hostile group.
PL-000026,synthetic-demo,2025-10-05T15:46:10Z,2025-10-05,2025-W40,2025-09-29,2025-10,online,Fabricated story,Abusing benefits / taking jobs,TikTok,,Małopolskie,PL,Ukrainian women as a group,Unknown,Screenshot only,,verified,8.9,"Chart with false numbers about benefits paid to Ukrainian women, shared as if official."
PL-000027,synthetic-demo,2025-10-05T17:20:51Z,2025-10-05,2025-W40,2025-09-29,2025-10,online,Doxxing or exposure,Stolen photos / fake profiles,X,,Mazowieckie,PL,Herself,18-29,Link only,LC-20291,verified,43.4,Dating profile uses photos of a Ukrainian woman without her consent.
PL-000028,synthetic-demo,2025-10-05T22:46:43Z,2025-10-05,2025-W40,2025-09-29,2025-10,online,"Fake job, housing or relationship offer",Fake offers (lures),Classifieds site,,Małopolskie,UA,Herself,50+,Link only,LC-29392,verified,19,"Offer of a model job near Kraków with pay far above normal, asks women to send full-length photos."
PL-000029,synthetic-demo,2025-10-06T09:08:17Z,2025-10-06,2025-W41,2025-10-06,2025-10,online,Sexualised content or stereotypes,Came to seduce / steal husbands,Instagram,,Mazowieckie,PL,Herself,18-29,Screenshot only,,verified,8.6,"Comments under a local news story say Ukrainian women ""take"" Polish men and break up families."
PL-000030,synthetic-demo,2025-10-06T12:32:29Z,2025-10-06,2025-W41,2025-10-06,2025-10,online,Sexualised content or stereotypes,Came to seduce / steal husbands,TikTok,,Mazowieckie,PL,Public figure,18-29,Link and screenshot,LC-99810,verified,21.5,Meme uses a sexualised stereotype of Ukrainian women to joke about Polish wives.
PL-000031,synthetic-demo,2025-10-06T16:45:17Z,2025-10-06,2025-W41,2025-10-06,2025-10,online,False claim to discredit,Abusing benefits / taking jobs,X,,Lubelskie,PL,Herself,13-17,Link and screenshot,LC-96654,verified,61.4,Post claims Ukrainian women receive more benefits than Polish families; the figures are invented.
PL-000032,synthetic-demo,2025-10-07T09:26:04Z,2025-10-07,2025-W41,2025-10-06,2025-10,online,Sexualised content or stereotypes,Came to seduce / steal husbands,TikTok,,Dolnośląskie,PL,Ukrainian women as a group,Unknown,Screenshot only,,verified,9.6,Short clip mocks Ukrainian women as only interested in men with money; many replies agree.
PL-000033,synthetic-demo,2025-10-07T13:11:29Z,2025-10-07,2025-W41,2025-10-06,2025-10,in-person,Verbal harassment or insults,None (in person),,Other,Mazowieckie,UA,Herself,18-29,Description only,,verified,9.2,Shouted at on public transport in Warsaw for speaking Ukrainian.
PL-000034,synthetic-demo,2025-10-07T16:54:15Z,2025-10-07,2025-W41,2025-10-06,2025-10,online,Manipulated image or video,Stolen photos / fake profiles,Instagram,,Zachodniopomorskie,PL,Someone she knows,50+,Link and screenshot,LC-21328,verified,3,Photos from a Ukrainian woman's private account reposted on a page with sexual captions.
PL-000035,synthetic-demo,2025-10-07T22:20:29Z,2025-10-07,2025-W41,2025-10-06,2025-10,online,Sexualised content or stereotypes,Came to seduce / steal husbands,Instagram,,Dolnośląskie,PL,Someone she knows,18-29,Link only,LC-73498,verified,5.1,Video on Instagram claims Ukrainian women come to Poland to find Polish husbands.
PL-000036,synthetic-demo,2025-10-08T09:20:01Z,2025-10-08,2025-W41,2025-10-06,2025-10,in-person,Threats or intimidation,None (in person),,Accommodation or housing,Śląskie,PL,Herself,30-49,Description only,,verified,14.5,Former partner threatened to share private photos.
PL-000037,synthetic-demo,2025-10-08T09:23:13Z,2025-10-08,2025-W41,2025-10-06,2025-10,online,Fabricated story,Abusing benefits / taking jobs,Telegram,,Małopolskie,PL,Herself,18-29,Description only,,needs more info,40.1,Post claims Ukrainian women receive more benefits than Polish families; the figures are invented.
PL-000038,synthetic-demo,2025-10-08T11:45:25Z,2025-10-08,2025-W41,2025-10-06,2025-10,online,Manipulated image or video,Available women / brides,Instagram,,Małopolskie,PL,Herself,18-29,Link only,LC-32631,rejected,10.1,"Meme ranks Ukrainian women by appearance and invites men to ""choose one""."
PL-000039,synthetic-demo,2025-10-08T13:43:00Z,2025-10-08,2025-W41,2025-10-06,2025-10,online,Manipulated image or video,Stolen photos / fake profiles,TikTok,,Warmińsko-mazurskie,UA,Public figure,13-17,Link only,LC-92405,verified,33.7,Dating profile uses photos of a Ukrainian woman without her consent.
PL-000040,synthetic-demo,2025-10-08T14:48:11Z,2025-10-08,2025-W41,2025-10-06,2025-10,online,Harassment or pile-on,Available women / brides,TikTok,,Warmińsko-mazurskie,PL,Ukrainian women as a group,30-49,Screenshot only,,verified,16.9,Video presents Ukrainian women as available for dating in exchange for help with housing.
PL-000041,synthetic-demo,2025-10-08T15:15:02Z,2025-10-08,2025-W41,2025-10-06,2025-10,online,False claim to discredit,Abusing benefits / taking jobs,Facebook,,Zachodniopomorskie,PL,Herself,Unknown,Link and screenshot,LC-75850,verified,6.2,Post claims Ukrainian women receive more benefits than Polish families; the figures are invented.
PL-000042,synthetic-demo,2025-10-08T15:26:58Z,2025-10-08,2025-W41,2025-10-06,2025-10,in-person,Verbal harassment or insults,None (in person),,Accommodation or housing,Mazowieckie,PL,Someone she knows,18-29,Description only,,rejected,32.6,Insulted by a customer at work after they heard her accent.
PL-000043,synthetic-demo,2025-10-08T18:52:10Z,2025-10-08,2025-W41,2025-10-06,2025-10,online,Sexualised content or stereotypes,Sex work stereotypes,Instagram,,Lubelskie,UA,Public figure,Unknown,Screenshot only,,verified,36.5,Short clip claims Ukrainian women arriving in Poland mostly work in the sex industry.
PL-000044,synthetic-demo,2025-10-08T18:56:35Z,2025-10-08,2025-W41,2025-10-06,2025-10,in-person,Verbal harassment or insults,None (in person),,Street or public transport,Kujawsko-pomorskie,PL,Someone she knows,18-29,Description only,,verified,11.9,Group of men called her names linked to her nationality in the street.
PL-000045,synthetic-demo,2025-10-08T19:34:11Z,2025-10-08,2025-W41,2025-10-06,2025-10,in-person,Rumours or lies spread about her,None (in person),,Community or religious place,Podkarpackie,PL,Herself,Unknown,Description only,,verified,14.2,Neighbours spread a rumour that she came to Poland to find a husband.
PL-000046,synthetic-demo,2025-10-09T09:59:37Z,2025-10-09,2025-W41,2025-10-06,2025-10,in-person,Threats or intimidation,None (in person),,Accommodation or housing,Dolnośląskie,PL,Someone she knows,Unknown,Description only,,verified,13,Employer threatened to report her to the authorities if she complained about pay.
PL-000047,synthetic-demo,2025-10-09T12:55:44Z,2025-10-09,2025-W41,2025-10-06,2025-10,online,False claim to discredit,Sex work stereotypes,Telegram,,Małopolskie,RU,Ukrainian women as a group,Unknown,Description only,,verified,14,Meme claims Ukrainian women arriving in Poland mostly work in the sex industry.
PL-000048,synthetic-demo,2025-10-09T13:38:28Z,2025-10-09,2025-W41,2025-10-06,2025-10,online,Harassment or pile-on,Other or unclear,Telegram,,Dolnośląskie,PL,Herself,13-17,Link only,LC-54347,verified,61.8,Meme targets a Ukrainian woman activist with insults and false claims about her past.
PL-000049,synthetic-demo,2025-10-10T12:30:11Z,2025-10-10,2025-W41,2025-10-06,2025-10,online,Fabricated story,Criminal or dangerous,Facebook,,Śląskie,PL,Ukrainian women as a group,13-17,Link only,LC-79372,verified,13,Video claims Ukrainian women run scams targeting elderly people; no source.
PL-000050,synthetic-demo,2025-10-10T13:32:44Z,2025-10-10,2025-W41,2025-10-06,2025-10,in-person,Unwanted sexual comments or propositions,None (in person),,Street or public transport,Dolnośląskie,PL,Herself,30-49,Description only,,verified,76,"Landlord made sexual comments and hinted rent could be ""paid another way""."
PL-000051,synthetic-demo,2025-10-10T17:00:51Z,2025-10-10,2025-W41,2025-10-06,2025-10,online,"Fake job, housing or relationship offer",Fake offers (lures),Telegram,,Podkarpackie,UA,Ukrainian women as a group,18-29,Description only,,verified,19.3,"Ad offers a well-paid hotel job with free housing and travel, and asks for a passport photo first."
PL-000052,synthetic-demo,2025-10-10T17:47:42Z,2025-10-10,2025-W41,2025-10-06,2025-10,in-person,Verbal harassment or insults,None (in person),,Street or public transport,Lubelskie,PL,Herself,Unknown,Description only,,verified,99.6,Group of men called her names linked to her nationality in the street.
PL-000053,synthetic-demo,2025-10-10T19:18:25Z,2025-10-10,2025-W41,2025-10-06,2025-10,in-person,Verbal harassment or insults,None (in person),,School or university,Małopolskie,PL,Someone she knows,Unknown,Description only,,verified,20.3,Insulted by a customer at work after they heard her accent.
PL-000054,synthetic-demo,2025-10-10T23:04:31Z,2025-10-10,2025-W41,2025-10-06,2025-10,online,Harassment or pile-on,Came to seduce / steal husbands,X,,Zachodniopomorskie,PL,Ukrainian women as a group,Unknown,Link and screenshot,LC-50303,verified,3.3,"Comments under a local news story say Ukrainian women ""take"" Polish men and break up families."
PL-000055,synthetic-demo,2025-10-11T14:27:57Z,2025-10-11,2025-W41,2025-10-06,2025-10,in-person,Unwanted sexual comments or propositions,None (in person),,Workplace,Pomorskie,PL,Herself,Unknown,Description only,,verified,16.8,"Stranger asked whether she was ""one of those Ukrainian girls"" and made sexual remarks."
PL-000056,synthetic-demo,2025-10-11T15:19:36Z,2025-10-11,2025-W41,2025-10-06,2025-10,online,Doxxing or exposure,Stolen photos / fake profiles,Facebook,,Pomorskie,EN,Herself,Unknown,Description only,,pending,,Edited photo puts a Ukrainian woman's face on a sexualised image; shared in a group.
PL-000057,synthetic-demo,2025-10-11T16:48:26Z,2025-10-11,2025-W41,2025-10-06,2025-10,online,False claim to discredit,Abusing benefits / taking jobs,Facebook,,Dolnośląskie,PL,Public figure,13-17,Screenshot only,,verified,16.7,Carousel post says Ukrainian mothers abuse child benefits and take kindergarten places.
PL-000058,synthetic-demo,2025-10-12T09:23:40Z,2025-10-12,2025-W41,2025-10-06,2025-10,online,Manipulated image or video,Stolen photos / fake profiles,X,,Śląskie,PL,Herself,18-29,Description only,,needs more info,40.7,Edited photo puts a Ukrainian woman's face on a sexualised image; shared in a group.
PL-000059,synthetic-demo,2025-10-12T12:39:43Z,2025-10-12,2025-W41,2025-10-06,2025-10,online,False claim to discredit,Abusing benefits / taking jobs,Telegram,,Mazowieckie,PL,Ukrainian women as a group,Unknown,Screenshot only,,verified,17.3,"Chart with false numbers about benefits paid to Ukrainian women, shared as if official."
PL-000060,synthetic-demo,2025-10-12T17:10:17Z,2025-10-12,2025-W41,2025-10-06,2025-10,online,Harassment or pile-on,Criminal or dangerous,TikTok,,Wielkopolskie,PL,Ukrainian women as a group,Unknown,Screenshot only,,verified,9.6,Fabricated story says a Ukrainian woman stole from her employer; the photo is from another country.
PL-000061,synthetic-demo,2025-10-13T06:12:19Z,2025-10-13,2025-W42,2025-10-13,2025-10,online,Sexualised content or stereotypes,Came to seduce / steal husbands,Instagram,,Kujawsko-pomorskie,PL,Herself,18-29,Link and screenshot,LC-14618,verified,12.2,Post uses a sexualised stereotype of Ukrainian women to joke about Polish wives.
PL-000062,synthetic-demo,2025-10-13T06:56:51Z,2025-10-13,2025-W42,2025-10-13,2025-10,in-person,Unwanted sexual comments or propositions,None (in person),,School or university,Podlaskie,PL,Herself,50+,Description only,,needs more info,14.2,"Man at her workplace made sexual comments and suggested she was ""available"" because she is Ukrainian."
PL-000063,synthetic-demo,2025-10-13T08:01:20Z,2025-10-13,2025-W42,2025-10-13,2025-10,online,"Fake job, housing or relationship offer",Fake offers (lures),Classifieds site,,Lubelskie,RU,Ukrainian women as a group,Unknown,Link and screenshot,LC-94414,verified,39.1,"Ad offers a well-paid massage salon job with free housing and travel, and asks for a passport photo first."
PL-000064,synthetic-demo,2025-10-13T09:38:49Z,2025-10-13,2025-W42,2025-10-13,2025-10,online,Harassment or pile-on,Other or unclear,X,,Podkarpackie,PL,Herself,30-49,Link and screenshot,LC-38284,verified,5.6,Her home area and phone number were posted in a hostile group.
PL-000065,synthetic-demo,2025-10-13T11:09:35Z,2025-10-13,2025-W42,2025-10-13,2025-10,online,Sexualised content or stereotypes,Came to seduce / steal husbands,X,,Zachodniopomorskie,EN,Ukrainian women as a group,Unknown,Link and screenshot,LC-47424,verified,8.9,"Comments under a local news story say Ukrainian women ""take"" Polish men and break up families."
PL-000066,synthetic-demo,2025-10-13T15:34:30Z,2025-10-13,2025-W42,2025-10-13,2025-10,online,Harassment or pile-on,Came to seduce / steal husbands,Instagram,,Opolskie,PL,Someone she knows,30-49,Link and screenshot,LC-93423,verified,13.4,Video on Instagram claims Ukrainian women come to Poland to find Polish husbands.
PL-000067,synthetic-demo,2025-10-13T17:11:07Z,2025-10-13,2025-W42,2025-10-13,2025-10,online,Doxxing or exposure,Sex work stereotypes,WhatsApp,,Podkarpackie,PL,Ukrainian women as a group,Unknown,Link and screenshot,LC-32478,verified,58.6,Meme claims Ukrainian women arriving in Poland mostly work in the sex industry.
PL-000068,synthetic-demo,2025-10-13T18:32:32Z,2025-10-13,2025-W42,2025-10-13,2025-10,in-person,Threats or intimidation,None (in person),,Workplace,Małopolskie,UA,Herself,30-49,Description only,,needs more info,13.2,Former partner threatened to share private photos.
PL-000069,synthetic-demo,2025-10-14T11:25:27Z,2025-10-14,2025-W42,2025-10-13,2025-10,online,False claim to discredit,Abusing benefits / taking jobs,Facebook,,Mazowieckie,EN,Public figure,30-49,Link and screenshot,LC-76686,needs more info,12,Post claims Ukrainian women receive more benefits than Polish families; the figures are invented.
PL-000070,synthetic-demo,2025-10-14T13:10:15Z,2025-10-14,2025-W42,2025-10-13,2025-10,online,Manipulated image or video,Stolen photos / fake profiles,TikTok,,Pomorskie,PL,Someone she knows,30-49,Screenshot only,,verified,8.2,Edited photo puts a Ukrainian woman's face on a sexualised image; shared in a group.
PL-000071,synthetic-demo,2025-10-14T14:31:07Z,2025-10-14,2025-W42,2025-10-13,2025-10,in-person,Verbal harassment or insults,None (in person),,Street or public transport,Pomorskie,PL,Herself,50+,Description only,,rejected,7,Insulted by a customer at work after they heard her accent.
PL-000072,synthetic-demo,2025-10-14T15:11:20Z,2025-10-14,2025-W42,2025-10-13,2025-10,in-person,Unwanted sexual comments or propositions,None (in person),,Workplace,Lubelskie,PL,Someone she knows,13-17,Description only,,verified,12,"Landlord made sexual comments and hinted rent could be ""paid another way""."
PL-000073,synthetic-demo,2025-10-14T17:49:17Z,2025-10-14,2025-W42,2025-10-13,2025-10,online,Sexualised content or stereotypes,Came to seduce / steal husbands,TikTok,,Dolnośląskie,PL,Ukrainian women as a group,30-49,Link and screenshot,LC-50554,verified,13.6,Comment thread uses a sexualised stereotype of Ukrainian women to joke about Polish wives.
PL-000074,synthetic-demo,2025-10-14T21:16:06Z,2025-10-14,2025-W42,2025-10-13,2025-10,online,Harassment or pile-on,Other or unclear,Facebook,,Mazowieckie,PL,Herself,50+,Link and screenshot,LC-97070,verified,32.7,Hostile messages sent to several Ukrainian women in a local community group.
PL-000075,synthetic-demo,2025-10-14T22:44:27Z,2025-10-14,2025-W42,2025-10-13,2025-10,online,False claim to discredit,Abusing benefits / taking jobs,X,,Śląskie,PL,Herself,30-49,Screenshot only,,verified,9.8,Video says Ukrainian mothers abuse child benefits and take kindergarten places.
PL-000076,synthetic-demo,2025-10-15T08:33:54Z,2025-10-15,2025-W42,2025-10-13,2025-10,in-person,Verbal harassment or insults,None (in person),,Other,Dolnośląskie,PL,Herself,18-29,Description only,,verified,17.6,Shouted at on public transport in Wrocław for speaking Ukrainian.
PL-000077,synthetic-demo,2025-10-15T16:29:24Z,2025-10-15,2025-W42,2025-10-13,2025-10,online,Fabricated story,Criminal or dangerous,Telegram,,Dolnośląskie,PL,Herself,30-49,Link only,LC-71157,verified,23.2,Short clip claims Ukrainian women run scams targeting elderly people; no source.
PL-000078,synthetic-demo,2025-10-15T16:33:59Z,2025-10-15,2025-W42,2025-10-13,2025-10,online,Fabricated story,Abusing benefits / taking jobs,Facebook,,Kujawsko-pomorskie,RU,Public figure,18-29,Link and screenshot,LC-96926,verified,18.9,Carousel post claims Ukrainian women take jobs from Polish women while living on benefits.
PL-000079,synthetic-demo,2025-10-15T17:17:26Z,2025-10-15,2025-W42,2025-10-13,2025-10,online,False claim to discredit,Abusing benefits / taking jobs,X,,Pomorskie,PL,Ukrainian women as a group,Unknown,Link and screenshot,LC-67125,verified,24.2,Post says Ukrainian mothers abuse child benefits and take kindergarten places.
PL-000080,synthetic-demo,2025-10-16T11:57:41Z,2025-10-16,2025-W42,2025-10-13,2025-10,online,Manipulated image or video,Stolen photos / fake profiles,Telegram,,Pomorskie,RU,Herself,30-49,Link only,LC-65917,pending,,Edited photo puts a Ukrainian woman's face on a sexualised image; shared in a group.
PL-000081,synthetic-demo,2025-10-16T12:20:57Z,2025-10-16,2025-W42,2025-10-13,2025-10,online,"Fake job, housing or relationship offer",Fake offers (lures),Classifieds site,,Lubelskie,UA,Herself,18-29,Screenshot only,,rejected,89.3,"Offer of a care worker job near Lublin with pay far above normal, asks women to send full-length photos."
PL-000082,synthetic-demo,2025-10-16T12:32:47Z,2025-10-16,2025-W42,2025-10-13,2025-10,online,Manipulated image or video,Criminal or dangerous,TikTok,,Dolnośląskie,EN,Herself,18-29,Link and screenshot,LC-24383,rejected,6.6,Post claims Ukrainian women run scams targeting elderly people; no source.
PL-000083,synthetic-demo,2025-10-16T12:54:43Z,2025-10-16,2025-W42,2025-10-13,2025-10,online,Sexualised content or stereotypes,Available women / brides,Facebook,,Mazowieckie,PL,Herself,13-17,Screenshot only,,verified,6.1,Comment thread presents Ukrainian women as available for dating in exchange for help with housing.
PL-000084,synthetic-demo,2025-10-16T14:45:17Z,2025-10-16,2025-W42,2025-10-13,2025-10,online,"Fake job, housing or relationship offer",Fake offers (lures),Facebook,,Mazowieckie,RU,Ukrainian women as a group,Unknown,Link and screenshot,LC-56339,verified,14.9,"Ad for massage salon work abroad through Poland, no company name, contact by private chat only."
PL-000085,synthetic-demo,2025-10-16T14:54:18Z,2025-10-16,2025-W42,2025-10-13,2025-10,online,Doxxing or exposure,Stolen photos / fake profiles,Telegram,,Śląskie,RU,Herself,30-49,Screenshot only,,verified,12.1,Dating profile uses photos of a Ukrainian woman without her consent.
PL-000086,synthetic-demo,2025-10-16T15:00:04Z,2025-10-16,2025-W42,2025-10-13,2025-10,online,Sexualised content or stereotypes,Available women / brides,TikTok,,Lubelskie,UA,Herself,Unknown,Description only,,verified,21.5,Meme presents Ukrainian women as available for dating in exchange for help with housing.
PL-000087,synthetic-demo,2025-10-16T15:28:11Z,2025-10-16,2025-W42,2025-10-13,2025-10,in-person,Unwanted sexual comments or propositions,None (in person),,Workplace,Małopolskie,PL,Herself,30-49,Description only,,verified,29.7,"Stranger asked whether she was ""one of those Ukrainian girls"" and made sexual remarks."
PL-000088,synthetic-demo,2025-10-16T19:22:06Z,2025-10-16,2025-W42,2025-10-13,2025-10,online,Manipulated image or video,Stolen photos / fake profiles,Instagram,,Świętokrzyskie,UA,Herself,50+,Link and screenshot,LC-71351,verified,73.8,Edited photo puts a Ukrainian woman's face on a sexualised image; shared in a group.
PL-000089,synthetic-demo,2025-10-16T23:54:17Z,2025-10-16,2025-W42,2025-10-13,2025-10,online,Fabricated story,Criminal or dangerous,Facebook,,Śląskie,PL,Ukrainian women as a group,Unknown,Link and screenshot,LC-64124,verified,150.5,Fabricated story says a Ukrainian woman stole from her employer; the photo is from another country.
PL-000090,synthetic-demo,2025-10-17T07:05:43Z,2025-10-17,2025-W42,2025-10-13,2025-10,online,Harassment or pile-on,Criminal or dangerous,Instagram,,Dolnośląskie,PL,Ukrainian women as a group,Unknown,Description only,,verified,16.8,Meme claims Ukrainian women bring disease and crime; uses an unrelated photo.
PL-000091,synthetic-demo,2025-10-17T09:47:32Z,2025-10-17,2025-W42,2025-10-13,2025-10,online,Sexualised content or stereotypes,Sex work stereotypes,TikTok,,Świętokrzyskie,PL,Someone she knows,18-29,Description only,,verified,37.4,Meme claims Ukrainian women arriving in Poland mostly work in the sex industry.
PL-000092,synthetic-demo,2025-10-17T12:52:54Z,2025-10-17,2025-W42,2025-10-13,2025-10,online,Manipulated image or video,Stolen photos / fake profiles,X,,Dolnośląskie,UA,Someone she knows,18-29,Link and screenshot,LC-81873,verified,18.8,Photos from a Ukrainian woman's private account reposted on a page with sexual captions.
PL-000093,synthetic-demo,2025-10-17T13:54:19Z,2025-10-17,2025-W42,2025-10-13,2025-10,online,Sexualised content or stereotypes,Available women / brides,TikTok,,Lubelskie,PL,Ukrainian women as a group,Unknown,Link only,LC-53246,verified,22,"Account shares sexualised images captioned as Ukrainian women ""looking for a husband""."
PL-000094,synthetic-demo,2025-10-17T15:44:38Z,2025-10-17,2025-W42,2025-10-13,2025-10,online,"Fake job, housing or relationship offer",Fake offers (lures),Classifieds site,,Warmińsko-mazurskie,RU,Herself,18-29,Link only,LC-20846,verified,17.3,"Ad for cleaning work abroad through Poland, no company name, contact by private chat only."
PL-000095,synthetic-demo,2025-10-17T16:51:36Z,2025-10-17,2025-W42,2025-10-13,2025-10,online,Fabricated story,Criminal or dangerous,X,,Łódzkie,PL,Someone she knows,30-49,Link only,LC-29035,verified,37.5,Post claims Ukrainian women bring disease and crime; uses an unrelated photo.
PL-000096,synthetic-demo,2025-10-18T09:45:32Z,2025-10-18,2025-W42,2025-10-13,2025-10,in-person,Verbal harassment or insults,None (in person),,Accommodation or housing,Mazowieckie,PL,Someone she knows,30-49,Description only,,rejected,5.3,Insulted by a customer at work after they heard her accent.
PL-000097,synthetic-demo,2025-10-18T12:15:47Z,2025-10-18,2025-W42,2025-10-13,2025-10,online,Manipulated image or video,Stolen photos / fake profiles,X,,Podkarpackie,PL,Herself,Unknown,Screenshot only,,needs more info,4.7,Dating profile uses photos of a Ukrainian woman without her consent.
PL-000098,synthetic-demo,2025-10-18T14:05:01Z,2025-10-18,2025-W42,2025-10-13,2025-10,online,Sexualised content or stereotypes,Came to seduce / steal husbands,Instagram,,Wielkopolskie,PL,Public figure,18-29,Screenshot only,,rejected,53.4,"Comments under a local news story say Ukrainian women ""take"" Polish men and break up families."
PL-000099,synthetic-demo,2025-10-18T16:16:02Z,2025-10-18,2025-W42,2025-10-13,2025-10,online,Harassment or pile-on,Available women / brides,X,,Mazowieckie,PL,Ukrainian women as a group,Unknown,Screenshot only,,verified,15.8,Meme presents Ukrainian women as available for dating in exchange for help with housing.
PL-000100,synthetic-demo,2025-10-18T16:59:43Z,2025-10-18,2025-W42,2025-10-13,2025-10,online,False claim to discredit,Abusing benefits / taking jobs,Facebook,,Dolnośląskie,PL,Ukrainian women as a group,30-49,Description only,,rejected,10.8,Video says Ukrainian mothers abuse child benefits and take kindergarten places.
PL-000101,synthetic-demo,2025-10-18T19:02:21Z,2025-10-18,2025-W42,2025-10-13,2025-10,online,Harassment or pile-on,Available women / brides,X,,Kujawsko-pomorskie,PL,Someone she knows,18-29,Link and screenshot,LC-46997,verified,5,"Account shares sexualised images captioned as Ukrainian women ""looking for a husband""."
PL-000102,synthetic-demo,2025-10-18T20:15:25Z,2025-10-18,2025-W42,2025-10-13,2025-10,online,Harassment or pile-on,Abusing benefits / taking jobs,TikTok,,Małopolskie,PL,Ukrainian women as a group,Unknown,Link only,LC-63533,verified,15,Post claims Ukrainian women receive more benefits than Polish families; the figures are invented.
PL-000103,synthetic-demo,2025-10-18T21:16:55Z,2025-10-18,2025-W42,2025-10-13,2025-10,online,"Fake job, housing or relationship offer",Fake offers (lures),Telegram,,Mazowieckie,RU,Herself,18-29,Link only,LC-62791,verified,8.6,"Ad for hostess work abroad through Poland, no company name, contact by private chat only."
PL-000104,synthetic-demo,2025-10-19T13:09:21Z,2025-10-19,2025-W42,2025-10-13,2025-10,in-person,Threats or intimidation,None (in person),,Street or public transport,Mazowieckie,PL,Someone she knows,Unknown,Description only,,verified,11.5,"Man told her to leave the neighbourhood or ""something would happen""."
PL-000105,synthetic-demo,2025-10-19T16:54:34Z,2025-10-19,2025-W42,2025-10-13,2025-10,online,Fabricated story,Criminal or dangerous,Facebook,,Kujawsko-pomorskie,PL,Someone she knows,Unknown,Link only,LC-61718,needs more info,30.1,Meme claims Ukrainian women bring disease and crime; uses an unrelated photo.
PL-000106,synthetic-demo,2025-10-19T21:29:54Z,2025-10-19,2025-W42,2025-10-13,2025-10,online,Sexualised content or stereotypes,Available women / brides,TikTok,,Warmińsko-mazurskie,PL,Herself,30-49,Description only,,needs more info,23.2,Post presents Ukrainian women as available for dating in exchange for help with housing.
PL-000107,synthetic-demo,2025-10-20T09:47:03Z,2025-10-20,2025-W43,2025-10-20,2025-10,online,Sexualised content or stereotypes,Came to seduce / steal husbands,Instagram,,Mazowieckie,PL,Ukrainian women as a group,50+,Description only,,needs more info,14.6,Meme mocks Ukrainian women as only interested in men with money; many replies agree.
PL-000108,synthetic-demo,2025-10-20T13:27:15Z,2025-10-20,2025-W43,2025-10-20,2025-10,online,Harassment or pile-on,Available women / brides,X,,Łódzkie,UA,Ukrainian women as a group,Unknown,Screenshot only,,verified,41.7,"Account shares sexualised images captioned as Ukrainian women ""looking for a husband""."
PL-000109,synthetic-demo,2025-10-20T13:31:38Z,2025-10-20,2025-W43,2025-10-20,2025-10,online,Manipulated image or video,Stolen photos / fake profiles,Telegram,,Mazowieckie,PL,Herself,30-49,Link and screenshot,LC-42775,verified,61.4,Edited photo puts a Ukrainian woman's face on a sexualised image; shared in a group.
PL-000110,synthetic-demo,2025-10-20T14:12:57Z,2025-10-20,2025-W43,2025-10-20,2025-10,online,Manipulated image or video,Stolen photos / fake profiles,Instagram,,Pomorskie,PL,Someone she knows,Unknown,Description only,,needs more info,7.1,Fake account copies a woman's profile photos and messages men pretending to be her.
PL-000111,synthetic-demo,2025-10-20T15:25:09Z,2025-10-20,2025-W43,2025-10-20,2025-10,in-person,Being followed or watched,None (in person),,Other,Podkarpackie,PL,Someone she knows,18-29,Description only,,needs more info,11.3,Man she did not know kept appearing near her building and watching the entrance.
PL-000112,synthetic-demo,2025-10-20T20:03:40Z,2025-10-20,2025-W43,2025-10-20,2025-10,online,Manipulated image or video,Stolen photos / fake profiles,Instagram,,Warmińsko-mazurskie,PL,Someone she knows,18-29,Description only,,verified,16.3,Dating profile uses photos of a Ukrainian woman without her consent.
PL-000113,synthetic-demo,2025-10-21T07:51:25Z,2025-10-21,2025-W43,2025-10-20,2025-10,online,Harassment or pile-on,Available women / brides,X,,Wielkopolskie,PL,Ukrainian women as a group,Unknown,Link only,LC-11604,verified,68.3,"Comment thread ranks Ukrainian women by appearance and invites men to ""choose one""."
PL-000114,synthetic-demo,2025-10-21T10:33:09Z,2025-10-21,2025-W43,2025-10-20,2025-10,online,Fabricated story,Criminal or dangerous,Telegram,,Lubelskie,PL,Herself,30-49,Description only,,verified,6.8,Old crime story from another country reshared as if it happened in Lublin with a Ukrainian woman.
PL-000115,synthetic-demo,2025-10-21T15:33:47Z,2025-10-21,2025-W43,2025-10-20,2025-10,online,Fabricated story,Came to seduce / steal husbands,TikTok,,Pomorskie,PL,Ukrainian women as a group,Unknown,Description only,,verified,17.1,Carousel post uses a sexualised stereotype of Ukrainian women to joke about Polish wives.
PL-000116,synthetic-demo,2025-10-21T17:07:08Z,2025-10-21,2025-W43,2025-10-20,2025-10,online,Fabricated story,Abusing benefits / taking jobs,Other,,Mazowieckie,PL,Ukrainian women as a group,18-29,Screenshot only,,verified,42.1,Post claims Ukrainian women receive more benefits than Polish families; the figures are invented.
PL-000117,synthetic-demo,2025-10-21T18:55:23Z,2025-10-21,2025-W43,2025-10-20,2025-10,online,Sexualised content or stereotypes,Available women / brides,TikTok,,Mazowieckie,PL,Herself,Unknown,Description only,,verified,4.2,"Carousel post ranks Ukrainian women by appearance and invites men to ""choose one""."
PL-000118,synthetic-demo,2025-10-22T11:29:21Z,2025-10-22,2025-W43,2025-10-20,2025-10,online,Sexualised content or stereotypes,Came to seduce / steal husbands,Instagram,,Zachodniopomorskie,PL,Ukrainian women as a group,Unknown,Screenshot only,,verified,18.3,Short clip uses a sexualised stereotype of Ukrainian women to joke about Polish wives.
PL-000119,synthetic-demo,2025-10-22T14:09:20Z,2025-10-22,2025-W43,2025-10-20,2025-10,online,Manipulated image or video,Stolen photos / fake profiles,Telegram,,Mazowieckie,PL,Someone she knows,Unknown,Description only,,verified,43,Photos from a Ukrainian woman's private account reposted on a page with sexual captions.
PL-000120,synthetic-demo,2025-10-22T17:53:42Z,2025-10-22,2025-W43,2025-10-20,2025-10,online,Manipulated image or video,Stolen photos / fake profiles,TikTok,,Wielkopolskie,EN,Someone she knows,18-29,Screenshot only,,verified,20.7,Photos from a Ukrainian woman's private account reposted on a page with sexual captions.
PL-000121,synthetic-demo,2025-10-22T23:45:09Z,2025-10-22,2025-W43,2025-10-20,2025-10,online,Fabricated story,Criminal or dangerous,Telegram,,Podkarpackie,UA,Someone she knows,30-49,Link only,LC-79211,verified,7.3,Fabricated story says a Ukrainian woman stole from her employer; the photo is from another country.
PL-000122,synthetic-demo,2025-10-23T06:03:01Z,2025-10-23,2025-W43,2025-10-20,2025-10,online,Doxxing or exposure,Sex work stereotypes,Telegram,,Dolnośląskie,RU,Ukrainian women as a group,Unknown,Link and screenshot,LC-75716,verified,27.2,"Carousel post describes Ukrainian women as ""easy"" and links this to the war; widely shared."
PL-000123,synthetic-demo,2025-10-23T06:09:39Z,2025-10-23,2025-W43,2025-10-20,2025-10,in-person,Other (in person),None (in person),,Workplace,Małopolskie,PL,Herself,Unknown,Photo,,verified,114.5,Treated in a degrading way at an office when asking for help.
PL-000124,synthetic-demo,2025-10-23T10:25:53Z,2025-10-23,2025-W43,2025-10-20,2025-10,online,"Fake job, housing or relationship offer",Fake offers (lures),Classifieds site,,Opolskie,RU,Ukrainian women as a group,18-29,Link and screenshot,LC-61143,pending,,"Message offers a free room to young Ukrainian women ""in exchange for help around the house""."
PL-000125,synthetic-demo,2025-10-23T16:04:22Z,2025-10-23,2025-W43,2025-10-20,2025-10,online,Fabricated story,Abusing benefits / taking jobs,X,,Mazowieckie,PL,Herself,30-49,Link only,LC-59119,rejected,13.5,"Chart with false numbers about benefits paid to Ukrainian women, shared as if official."
PL-000126,synthetic-demo,2025-10-23T18:16:19Z,2025-10-23,2025-W43,2025-10-20,2025-10,online,Fabricated story,Other or unclear,Facebook,,Pomorskie,PL,Herself,18-29,Screenshot only,,pending,,Her home area and phone number were posted in a hostile group.
PL-000127,synthetic-demo,2025-10-24T00:03:19Z,2025-10-24,2025-W43,2025-10-20,2025-10,online,Manipulated image or video,Available women / brides,X,,Mazowieckie,PL,Ukrainian women as a group,13-17,Description only,,verified,14.2,Carousel post presents Ukrainian women as available for dating in exchange for help with housing.
PL-000128,synthetic-demo,2025-10-24T11:12:20Z,2025-10-24,2025-W43,2025-10-20,2025-10,in-person,Verbal harassment or insults,None (in person),,Other,Mazowieckie,PL,Herself,Unknown,Description only,,rejected,69.9,Insulted by a customer at work after they heard her accent.
PL-000129,synthetic-demo,2025-10-24T11:54:02Z,2025-10-24,2025-W43,2025-10-20,2025-10,online,Sexualised content or stereotypes,Sex work stereotypes,Instagram,,Małopolskie,UA,Someone she knows,18-29,Description only,,verified,49.4,Comments call a Ukrainian woman a sex worker after she posted about her new job.
PL-000130,synthetic-demo,2025-10-24T16:34:34Z,2025-10-24,2025-W43,2025-10-20,2025-10,in-person,Threats or intimidation,None (in person),,Workplace,Małopolskie,PL,Someone she knows,18-29,Description only,,verified,25.9,Former partner threatened to share private photos.
PL-000131,synthetic-demo,2025-10-24T17:25:49Z,2025-10-24,2025-W43,2025-10-20,2025-10,online,False claim to discredit,Abusing benefits / taking jobs,X,,Małopolskie,PL,Ukrainian women as a group,18-29,Description only,,verified,3.3,Post claims Ukrainian women take jobs from Polish women while living on benefits.
PL-000132,synthetic-demo,2025-10-24T17:54:57Z,2025-10-24,2025-W43,2025-10-20,2025-10,in-person,Unwanted sexual comments or propositions,None (in person),,Workplace,Mazowieckie,PL,Herself,30-49,Description only,,rejected,103.4,"Man at her workplace made sexual comments and suggested she was ""available"" because she is Ukrainian."
PL-000133,synthetic-demo,2025-10-25T20:49:29Z,2025-10-25,2025-W43,2025-10-20,2025-10,online,Harassment or pile-on,Sex work stereotypes,TikTok,,Mazowieckie,PL,Public figure,30-49,Link only,LC-78539,verified,29,Post suggests a reception point in Warsaw is used for sex work; no evidence given.
PL-000134,synthetic-demo,2025-10-26T07:51:50Z,2025-10-26,2025-W43,2025-10-20,2025-10,in-person,Threats or intimidation,None (in person),,Accommodation or housing,Mazowieckie,PL,Herself,50+,Description only,,rejected,42.9,Employer threatened to report her to the authorities if she complained about pay.
PL-000135,synthetic-demo,2025-10-26T09:26:44Z,2025-10-26,2025-W43,2025-10-20,2025-10,online,Fabricated story,Came to seduce / steal husbands,Telegram,,Wielkopolskie,PL,Public figure,30-49,Link only,LC-16621,verified,32.8,"Comments under a local news story say Ukrainian women ""take"" Polish men and break up families."
PL-000136,synthetic-demo,2025-10-26T15:37:52Z,2025-10-26,2025-W43,2025-10-20,2025-10,online,Other (online),Other or unclear,TikTok,,Warmińsko-mazurskie,EN,Ukrainian women as a group,Unknown,Screenshot only,,verified,11.9,Hostile messages sent to several Ukrainian women in a local community group.
PL-000137,synthetic-demo,2025-10-26T19:39:45Z,2025-10-26,2025-W43,2025-10-20,2025-10,in-person,Rumours or lies spread about her,None (in person),,Street or public transport,Łódzkie,PL,Herself,Unknown,Description only,,verified,19.8,Neighbours spread a rumour that she came to Poland to find a husband.
PL-000138,synthetic-demo,2025-10-26T20:31:41Z,2025-10-26,2025-W43,2025-10-20,2025-10,in-person,Rumours or lies spread about her,None (in person),,Street or public transport,Wielkopolskie,PL,Herself,13-17,Description only,,verified,13.2,Neighbours spread a rumour that she came to Poland to find a husband.
PL-000139,synthetic-demo,2025-10-27T03:53:09Z,2025-10-27,2025-W44,2025-10-27,2025-10,in-person,Verbal harassment or insults,None (in person),,Workplace,Małopolskie,PL,Someone she knows,18-29,Description only,,needs more info,15.8,Group of men called her names linked to her nationality in the street.
PL-000140,synthetic-demo,2025-10-27T07:48:53Z,2025-10-27,2025-W44,2025-10-27,2025-10,in-person,Other (in person),None (in person),,Street or public transport,Kujawsko-pomorskie,PL,Herself,18-29,Description only,,verified,18.8,Refused service and humiliated in a shop because she is Ukrainian.
PL-000141,synthetic-demo,2025-10-27T08:45:29Z,2025-10-27,2025-W44,2025-10-27,2025-10,online,Harassment or pile-on,Abusing benefits / taking jobs,X,,Śląskie,PL,Herself,Unknown,Link and screenshot,LC-24826,verified,44.7,Short clip claims Ukrainian women take jobs from Polish women while living on benefits.
PL-000142,synthetic-demo,2025-10-27T14:04:00Z,2025-10-27,2025-W44,2025-10-27,2025-10,online,Fabricated story,Other or unclear,TikTok,,Dolnośląskie,PL,Ukrainian women as a group,18-29,Screenshot only,,verified,10.4,Hostile messages sent to several Ukrainian women in a local community group.
PL-000143,synthetic-demo,2025-10-27T14:15:32Z,2025-10-27,2025-W44,2025-10-27,2025-10,online,Sexualised content or stereotypes,Sex work stereotypes,TikTok,,Pomorskie,PL,Herself,18-29,Screenshot only,,verified,84.9,Comments call a Ukrainian woman a sex worker after she posted about her new job.
PL-000144,synthetic-demo,2025-10-27T20:26:10Z,2025-10-27,2025-W44,2025-10-27,2025-10,online,False claim to discredit,Abusing benefits / taking jobs,X,,Kujawsko-pomorskie,PL,Public figure,30-49,Screenshot only,,verified,20,Short clip claims Ukrainian women take jobs from Polish women while living on benefits.
PL-000145,synthetic-demo,2025-10-27T21:06:11Z,2025-10-27,2025-W44,2025-10-27,2025-10,online,Manipulated image or video,Available women / brides,Facebook,,Wielkopolskie,PL,Herself,30-49,Link and screenshot,LC-66915,verified,24.7,"Short clip ranks Ukrainian women by appearance and invites men to ""choose one""."
PL-000146,synthetic-demo,2025-10-28T06:57:28Z,2025-10-28,2025-W44,2025-10-27,2025-10,online,Sexualised content or stereotypes,Sex work stereotypes,Instagram,,Mazowieckie,UA,Herself,50+,Link only,LC-44125,verified,37,Comments call a Ukrainian woman a sex worker after she posted about her new job.
PL-000147,synthetic-demo,2025-10-28T18:41:34Z,2025-10-28,2025-W44,2025-10-27,2025-10,in-person,Verbal harassment or insults,None (in person),,School or university,Podkarpackie,PL,Someone she knows,18-29,Description only,,needs more info,29,Group of men called her names linked to her nationality in the street.
PL-000148,synthetic-demo,2025-10-29T07:53:27Z,2025-10-29,2025-W44,2025-10-27,2025-10,in-person,Threats or intimidation,None (in person),,Street or public transport,Śląskie,PL,Herself,18-29,Description only,,verified,101.5,"Man told her to leave the neighbourhood or ""something would happen""."
PL-000149,synthetic-demo,2025-10-29T15:46:58Z,2025-10-29,2025-W44,2025-10-27,2025-10,online,False claim to discredit,Abusing benefits / taking jobs,Facebook,,Pomorskie,PL,Public figure,30-49,Description only,,rejected,7.3,"Chart with false numbers about benefits paid to Ukrainian women, shared as if official."
PL-000150,synthetic-demo,2025-10-30T14:29:04Z,2025-10-30,2025-W44,2025-10-27,2025-10,online,False claim to discredit,Abusing benefits / taking jobs,TikTok,,Małopolskie,PL,Ukrainian women as a group,18-29,Link only,LC-69574,rejected,22.5,Video claims Ukrainian women take jobs from Polish women while living on benefits.
PL-000151,synthetic-demo,2025-10-30T14:58:03Z,2025-10-30,2025-W44,2025-10-27,2025-10,in-person,Physical or sexual violence,None (in person),,Street or public transport,Mazowieckie,PL,Herself,50+,Description only,,verified,12.8,Touched without consent by a co-worker; the manager did nothing.
PL-000152,synthetic-demo,2025-10-30T15:16:39Z,2025-10-30,2025-W44,2025-10-27,2025-10,online,Harassment or pile-on,Criminal or dangerous,X,,Pomorskie,PL,Someone she knows,50+,Link and screenshot,LC-99205,verified,47.3,Video claims Ukrainian women bring disease and crime; uses an unrelated photo.
PL-000153,synthetic-demo,2025-10-30T15:17:57Z,2025-10-30,2025-W44,2025-10-27,2025-10,online,Other (online),Other or unclear,Facebook,,Śląskie,PL,Ukrainian women as a group,Unknown,Link only,LC-91471,verified,37.3,Her home area and phone number were posted in a hostile group.
PL-000154,synthetic-demo,2025-10-30T15:48:33Z,2025-10-30,2025-W44,2025-10-27,2025-10,online,Sexualised content or stereotypes,Came to seduce / steal husbands,X,,Wielkopolskie,PL,Ukrainian women as a group,Unknown,Link and screenshot,LC-47122,verified,29.7,Comment thread uses a sexualised stereotype of Ukrainian women to joke about Polish wives.
PL-000155,synthetic-demo,2025-10-30T18:50:59Z,2025-10-30,2025-W44,2025-10-27,2025-10,online,Fabricated story,Abusing benefits / taking jobs,Facebook,,Mazowieckie,PL,Someone she knows,18-29,Link and screenshot,LC-47684,verified,72.8,Post claims Ukrainian women take jobs from Polish women while living on benefits.
PL-000156,synthetic-demo,2025-10-31T05:01:11Z,2025-10-31,2025-W44,2025-10-27,2025-10,online,Fabricated story,Criminal or dangerous,X,,Podkarpackie,PL,Ukrainian women as a group,Unknown,Link only,LC-29188,verified,8.6,Carousel post claims Ukrainian women bring disease and crime; uses an unrelated photo.
PL-000157,synthetic-demo,2025-10-31T16:44:37Z,2025-10-31,2025-W44,2025-10-27,2025-10,online,"Fake job, housing or relationship offer",Fake offers (lures),Classifieds site,,Lubuskie,RU,Herself,18-29,Screenshot only,,verified,31.4,"Post offers help finding a ""sponsor"" for women who have just arrived."
PL-000158,synthetic-demo,2025-10-31T16:52:50Z,2025-10-31,2025-W44,2025-10-27,2025-10,in-person,Verbal harassment or insults,None (in person),,Street or public transport,Warmińsko-mazurskie,PL,Herself,30-49,Description only,,verified,14.1,Group of men called her names linked to her nationality in the street.
PL-000159,synthetic-demo,2025-11-01T14:39:46Z,2025-11-01,2025-W44,2025-10-27,2025-11,online,Sexualised content or stereotypes,Available women / brides,Instagram,,Mazowieckie,UA,Herself,18-29,Link and screenshot,LC-66814,verified,26.9,Short clip presents Ukrainian women as available for dating in exchange for help with housing.
PL-000160,synthetic-demo,2025-11-01T16:48:38Z,2025-11-01,2025-W44,2025-10-27,2025-11,online,Manipulated image or video,Stolen photos / fake profiles,Instagram,,Kujawsko-pomorskie,PL,Herself,18-29,Description only,,verified,13,Fake account copies a woman's profile photos and messages men pretending to be her.
PL-000161,synthetic-demo,2025-11-01T17:02:12Z,2025-11-01,2025-W44,2025-10-27,2025-11,online,Sexualised content or stereotypes,Sex work stereotypes,TikTok,,Mazowieckie,PL,Someone she knows,18-29,Link and screenshot,LC-48938,verified,32.2,"Meme describes Ukrainian women as ""easy"" and links this to the war; widely shared."
PL-000162,synthetic-demo,2025-11-01T17:23:44Z,2025-11-01,2025-W44,2025-10-27,2025-11,online,"Fake job, housing or relationship offer",Fake offers (lures),Classifieds site,,Dolnośląskie,UA,Herself,18-29,Link and screenshot,LC-90713,verified,34.5,"Post offers help finding a ""sponsor"" for women who have just arrived."
PL-000163,synthetic-demo,2025-11-01T23:58:33Z,2025-11-01,2025-W44,2025-10-27,2025-11,online,"Fake job, housing or relationship offer",Fake offers (lures),Classifieds site,,Wielkopolskie,RU,Ukrainian women as a group,Unknown,Description only,,needs more info,33.4,"Offer of a hostess job near Poznań with pay far above normal, asks women to send full-length photos."
PL-000164,synthetic-demo,2025-11-02T08:22:36Z,2025-11-02,2025-W44,2025-10-27,2025-11,online,Harassment or pile-on,Available women / brides,Facebook,,Pomorskie,PL,Ukrainian women as a group,Unknown,Link only,LC-11264,verified,11.1,"Account shares sexualised images captioned as Ukrainian women ""looking for a husband""."
PL-000165,synthetic-demo,2025-11-02T11:35:41Z,2025-11-02,2025-W44,2025-10-27,2025-11,in-person,Unwanted sexual comments or propositions,None (in person),,Street or public transport,Mazowieckie,RU,Herself,30-49,Description only,,verified,59.9,"Man at her workplace made sexual comments and suggested she was ""available"" because she is Ukrainian."
PL-000166,synthetic-demo,2025-11-02T14:44:19Z,2025-11-02,2025-W44,2025-10-27,2025-11,online,Sexualised content or stereotypes,Sex work stereotypes,TikTok,,Śląskie,PL,Someone she knows,18-29,Link only,LC-31453,verified,13.1,Short clip claims Ukrainian women arriving in Poland mostly work in the sex industry.
PL-000167,synthetic-demo,2025-11-02T16:03:52Z,2025-11-02,2025-W44,2025-10-27,2025-11,online,Manipulated image or video,Criminal or dangerous,TikTok,,Podlaskie,PL,Someone she knows,Unknown,Description only,,rejected,22.5,Post claims Ukrainian women bring disease and crime; uses an unrelated photo.
PL-000168,synthetic-demo,2025-11-02T19:53:59Z,2025-11-02,2025-W44,2025-10-27,2025-11,online,Sexualised content or stereotypes,Sex work stereotypes,Facebook,,Dolnośląskie,EN,Public figure,18-29,Link only,LC-27846,verified,80.1,Video claims Ukrainian women arriving in Poland mostly work in the sex industry.
PL-000169,synthetic-demo,2025-11-02T20:51:30Z,2025-11-02,2025-W44,2025-10-27,2025-11,online,Harassment or pile-on,Criminal or dangerous,X,,Śląskie,PL,Herself,30-49,Screenshot only,,pending,,Video claims Ukrainian women run scams targeting elderly people; no source.
PL-000170,synthetic-demo,2025-11-03T08:46:39Z,2025-11-03,2025-W45,2025-11-03,2025-11,online,Sexualised content or stereotypes,Sex work stereotypes,Instagram,,Świętokrzyskie,EN,Public figure,30-49,Link only,LC-31268,verified,74.8,Comment thread claims Ukrainian women arriving in Poland mostly work in the sex industry.
PL-000171,synthetic-demo,2025-11-03T16:14:55Z,2025-11-03,2025-W45,2025-11-03,2025-11,online,Doxxing or exposure,Stolen photos / fake profiles,Facebook,,Warmińsko-mazurskie,PL,Herself,30-49,Link only,LC-36448,verified,25.8,Fake account copies a woman's profile photos and messages men pretending to be her.
PL-000172,synthetic-demo,2025-11-03T17:24:30Z,2025-11-03,2025-W45,2025-11-03,2025-11,online,Doxxing or exposure,Sex work stereotypes,Telegram,,Mazowieckie,UA,Public figure,Unknown,Link only,LC-34287,verified,21.6,Comment thread claims Ukrainian women arriving in Poland mostly work in the sex industry.
PL-000173,synthetic-demo,2025-11-03T20:46:55Z,2025-11-03,2025-W45,2025-11-03,2025-11,online,Fabricated story,Came to seduce / steal husbands,TikTok,,Pomorskie,PL,Ukrainian women as a group,Unknown,Link and screenshot,LC-76456,verified,25.6,Carousel post uses a sexualised stereotype of Ukrainian women to joke about Polish wives.
PL-000174,synthetic-demo,2025-11-04T09:40:45Z,2025-11-04,2025-W45,2025-11-03,2025-11,online,Fabricated story,Criminal or dangerous,Facebook,,Pomorskie,PL,Herself,50+,Link and screenshot,LC-86372,verified,8,Fabricated story says a Ukrainian woman stole from her employer; the photo is from another country.
PL-000175,synthetic-demo,2025-11-04T11:59:27Z,2025-11-04,2025-W45,2025-11-03,2025-11,online,Sexualised content or stereotypes,Came to seduce / steal husbands,Facebook,,Pomorskie,PL,Herself,18-29,Description only,,needs more info,16.4,"Comments under a local news story say Ukrainian women ""take"" Polish men and break up families."
PL-000176,synthetic-demo,2025-11-05T14:37:20Z,2025-11-05,2025-W45,2025-11-03,2025-11,online,Harassment or pile-on,Came to seduce / steal husbands,TikTok,,Wielkopolskie,UA,Herself,30-49,Link and screenshot,LC-52996,verified,37.2,"Comments under a local news story say Ukrainian women ""take"" Polish men and break up families."
PL-000177,synthetic-demo,2025-11-05T15:10:06Z,2025-11-05,2025-W45,2025-11-03,2025-11,in-person,Physical or sexual violence,None (in person),,Community or religious place,Dolnośląskie,PL,Someone she knows,18-29,Description only,,verified,7.9,Touched without consent by a co-worker; the manager did nothing.
PL-000178,synthetic-demo,2025-11-05T18:22:22Z,2025-11-05,2025-W45,2025-11-03,2025-11,online,Sexualised content or stereotypes,Came to seduce / steal husbands,Other,,Dolnośląskie,PL,Ukrainian women as a group,Unknown,Link and screenshot,LC-13790,verified,10.8,Meme uses a sexualised stereotype of Ukrainian women to joke about Polish wives.
PL-000179,synthetic-demo,2025-11-05T21:57:05Z,2025-11-05,2025-W45,2025-11-03,2025-11,online,Sexualised content or stereotypes,Came to seduce / steal husbands,Instagram,,Mazowieckie,PL,Public figure,30-49,Link and screenshot,LC-80587,rejected,51,Meme mocks Ukrainian women as only interested in men with money; many replies agree.
PL-000180,synthetic-demo,2025-11-05T22:30:47Z,2025-11-05,2025-W45,2025-11-03,2025-11,online,Sexualised content or stereotypes,Came to seduce / steal husbands,X,,Wielkopolskie,PL,Someone she knows,18-29,Link only,LC-92798,verified,18.6,Short clip uses a sexualised stereotype of Ukrainian women to joke about Polish wives.
PL-000181,synthetic-demo,2025-11-06T10:40:56Z,2025-11-06,2025-W45,2025-11-03,2025-11,online,Doxxing or exposure,Stolen photos / fake profiles,Instagram,,Wielkopolskie,PL,Herself,13-17,Link and screenshot,LC-47608,needs more info,10.8,Fake account copies a woman's profile photos and messages men pretending to be her.
PL-000182,synthetic-demo,2025-11-06T13:44:09Z,2025-11-06,2025-W45,2025-11-03,2025-11,online,Sexualised content or stereotypes,Available women / brides,Instagram,,Opolskie,PL,Ukrainian women as a group,Unknown,Link and screenshot,LC-29382,verified,26.8,Short clip presents Ukrainian women as available for dating in exchange for help with housing.
PL-000183,synthetic-demo,2025-11-06T15:40:46Z,2025-11-06,2025-W45,2025-11-03,2025-11,in-person,Physical or sexual violence,None (in person),,Street or public transport,Dolnośląskie,PL,Someone she knows,18-29,Description only,,verified,25.4,Pushed and hit by a stranger who shouted about Ukrainians.
PL-000184,synthetic-demo,2025-11-06T17:07:04Z,2025-11-06,2025-W45,2025-11-03,2025-11,online,"Fake job, housing or relationship offer",Fake offers (lures),Classifieds site,,Mazowieckie,PL,Ukrainian women as a group,30-49,Link and screenshot,LC-54100,needs more info,10.7,"Ad for nanny work abroad through Poland, no company name, contact by private chat only."
PL-000185,synthetic-demo,2025-11-06T19:50:07Z,2025-11-06,2025-W45,2025-11-03,2025-11,online,Fabricated story,Criminal or dangerous,Telegram,,Mazowieckie,PL,Someone she knows,13-17,Screenshot only,,verified,40.2,Video claims Ukrainian women run scams targeting elderly people; no source.
PL-000186,synthetic-demo,2025-11-06T20:49:14Z,2025-11-06,2025-W45,2025-11-03,2025-11,online,Sexualised content or stereotypes,Available women / brides,X,,Kujawsko-pomorskie,PL,Ukrainian women as a group,Unknown,Description only,,verified,9.1,"Carousel post ranks Ukrainian women by appearance and invites men to ""choose one""."
PL-000187,synthetic-demo,2025-11-07T11:37:28Z,2025-11-07,2025-W45,2025-11-03,2025-11,in-person,Physical or sexual violence,None (in person),,Workplace,Małopolskie,PL,Someone she knows,18-29,Description only,,verified,36.7,Touched without consent by a co-worker; the manager did nothing.
PL-000188,synthetic-demo,2025-11-07T16:24:41Z,2025-11-07,2025-W45,2025-11-03,2025-11,in-person,Verbal harassment or insults,None (in person),,School or university,Mazowieckie,UA,Herself,Unknown,Description only,,rejected,21.6,Insulted by a customer at work after they heard her accent.
PL-000189,synthetic-demo,2025-11-07T17:29:51Z,2025-11-07,2025-W45,2025-11-03,2025-11,online,Sexualised content or stereotypes,Available women / brides,Facebook,,Lubelskie,PL,Herself,30-49,Screenshot only,,verified,34.4,"Page advertises ""Ukrainian brides"" using photos that appear to be taken from a refugee support group."
PL-000190,synthetic-demo,2025-11-07T18:14:02Z,2025-11-07,2025-W45,2025-11-03,2025-11,in-person,Physical or sexual violence,None (in person),,Workplace,Mazowieckie,PL,Herself,18-29,Description only,,verified,10.8,Pushed and hit by a stranger who shouted about Ukrainians.
PL-000191,synthetic-demo,2025-11-07T19:39:56Z,2025-11-07,2025-W45,2025-11-03,2025-11,in-person,Verbal harassment or insults,None (in person),,Street or public transport,Mazowieckie,PL,Herself,13-17,Description only,,verified,9.2,Group of men called her names linked to her nationality in the street.
PL-000192,synthetic-demo,2025-11-08T14:18:48Z,2025-11-08,2025-W45,2025-11-03,2025-11,online,False claim to discredit,Abusing benefits / taking jobs,X,,Małopolskie,PL,Someone she knows,18-29,Link only,LC-11651,verified,17.7,Post claims Ukrainian women receive more benefits than Polish families; the figures are invented.
PL-000193,synthetic-demo,2025-11-08T17:40:33Z,2025-11-08,2025-W45,2025-11-03,2025-11,online,Sexualised content or stereotypes,Came to seduce / steal husbands,Facebook,,Mazowieckie,UA,Public figure,13-17,Link only,LC-44906,verified,14.3,Post mocks Ukrainian women as only interested in men with money; many replies agree.
PL-000194,synthetic-demo,2025-11-08T18:30:49Z,2025-11-08,2025-W45,2025-11-03,2025-11,in-person,Threats or intimidation,None (in person),,Street or public transport,Śląskie,PL,Herself,Unknown,Photo,,verified,40.8,"Man told her to leave the neighbourhood or ""something would happen""."
PL-000195,synthetic-demo,2025-11-09T18:05:07Z,2025-11-09,2025-W45,2025-11-03,2025-11,in-person,Other (in person),None (in person),,School or university,Mazowieckie,PL,Someone she knows,18-29,Description only,,verified,15.4,Refused service and humiliated in a shop because she is Ukrainian.
PL-000196,synthetic-demo,2025-11-09T20:50:33Z,2025-11-09,2025-W45,2025-11-03,2025-11,online,False claim to discredit,Sex work stereotypes,Telegram,,Lubelskie,PL,Ukrainian women as a group,30-49,Screenshot only,,verified,24.4,Comments call a Ukrainian woman a sex worker after she posted about her new job.
PL-000197,synthetic-demo,2025-11-10T05:37:02Z,2025-11-10,2025-W46,2025-11-10,2025-11,online,Harassment or pile-on,Criminal or dangerous,X,,Małopolskie,PL,Someone she knows,18-29,Link and screenshot,LC-52040,verified,13.9,Old crime story from another country reshared as if it happened in Kraków with a Ukrainian woman.
PL-000198,synthetic-demo,2025-11-10T12:57:34Z,2025-11-10,2025-W46,2025-11-10,2025-11,online,False claim to discredit,Abusing benefits / taking jobs,X,,Mazowieckie,EN,Ukrainian women as a group,Unknown,Description only,,needs more info,25.7,Short clip says Ukrainian mothers abuse child benefits and take kindergarten places.
PL-000199,synthetic-demo,2025-11-10T15:26:40Z,2025-11-10,2025-W46,2025-11-10,2025-11,online,Fabricated story,Criminal or dangerous,X,,Małopolskie,PL,Someone she knows,18-29,Link and screenshot,LC-41551,pending,,Old crime story from another country reshared as if it happened in Kraków with a Ukrainian woman.
PL-000200,synthetic-demo,2025-11-11T05:36:46Z,2025-11-11,2025-W46,2025-11-10,2025-11,online,Sexualised content or stereotypes,Available women / brides,Instagram,,Śląskie,UA,Ukrainian women as a group,Unknown,Link and screenshot,LC-44698,verified,39.2,Carousel post presents Ukrainian women as available for dating in exchange for help with housing.
PL-000201,synthetic-demo,2025-11-11T14:16:55Z,2025-11-11,2025-W46,2025-11-10,2025-11,online,"Fake job, housing or relationship offer",Fake offers (lures),Facebook,,Lubelskie,RU,Ukrainian women as a group,18-29,Screenshot only,,verified,17.3,"Offer of a massage salon job near Lublin with pay far above normal, asks women to send full-length photos."
PL-000202,synthetic-demo,2025-11-11T15:46:08Z,2025-11-11,2025-W46,2025-11-10,2025-11,online,Fabricated story,Other or unclear,Facebook,,Podkarpackie,PL,Public figure,18-29,Description only,,rejected,31.2,Pile-on in the comments after a Ukrainian woman spoke about her work in local media.
PL-000203,synthetic-demo,2025-11-11T18:36:28Z,2025-11-11,2025-W46,2025-11-10,2025-11,online,Harassment or pile-on,Criminal or dangerous,Facebook,,Lubuskie,PL,Ukrainian women as a group,Unknown,Link and screenshot,LC-31099,verified,15.2,Meme claims Ukrainian women bring disease and crime; uses an unrelated photo.
PL-000204,synthetic-demo,2025-11-11T19:49:09Z,2025-11-11,2025-W46,2025-11-10,2025-11,in-person,Rumours or lies spread about her,None (in person),,Street or public transport,Kujawsko-pomorskie,UA,Herself,18-29,Description only,,needs more info,27.5,Colleagues told others she got her job through a relationship with the manager.
PL-000205,synthetic-demo,2025-11-12T06:45:01Z,2025-11-12,2025-W46,2025-11-10,2025-11,in-person,Other (in person),None (in person),,Other,Śląskie,PL,Herself,30-49,Description only,,verified,6.5,Refused service and humiliated in a shop because she is Ukrainian.
PL-000206,synthetic-demo,2025-11-12T08:31:35Z,2025-11-12,2025-W46,2025-11-10,2025-11,online,Fabricated story,Criminal or dangerous,TikTok,,Małopolskie,PL,Ukrainian women as a group,50+,Link and screenshot,LC-74637,verified,27.8,Comment thread claims Ukrainian women bring disease and crime; uses an unrelated photo.
PL-000207,synthetic-demo,2025-11-12T13:20:38Z,2025-11-12,2025-W46,2025-11-10,2025-11,in-person,Being followed or watched,None (in person),,Other,Mazowieckie,PL,Someone she knows,30-49,Description only,,rejected,17,Man she did not know kept appearing near her building and watching the entrance.
PL-000208,synthetic-demo,2025-11-12T17:08:05Z,2025-11-12,2025-W46,2025-11-10,2025-11,online,Doxxing or exposure,Stolen photos / fake profiles,X,,Opolskie,PL,Herself,18-29,Link and screenshot,LC-73347,verified,59.1,Fake account copies a woman's profile photos and messages men pretending to be her.
PL-000209,synthetic-demo,2025-11-12T18:40:03Z,2025-11-12,2025-W46,2025-11-10,2025-11,online,Fabricated story,Abusing benefits / taking jobs,Facebook,,Małopolskie,PL,Ukrainian women as a group,18-29,Link and screenshot,LC-28729,verified,83.5,"Chart with false numbers about benefits paid to Ukrainian women, shared as if official."
PL-000210,synthetic-demo,2025-11-12T18:56:53Z,2025-11-12,2025-W46,2025-11-10,2025-11,online,Manipulated image or video,Available women / brides,TikTok,,Wielkopolskie,UA,Ukrainian women as a group,Unknown,Link and screenshot,LC-19424,verified,41.4,"Page advertises ""Ukrainian brides"" using photos that appear to be taken from a refugee support group."
PL-000211,synthetic-demo,2025-11-12T19:09:41Z,2025-11-12,2025-W46,2025-11-10,2025-11,online,False claim to discredit,Abusing benefits / taking jobs,Telegram,,Opolskie,PL,Ukrainian women as a group,Unknown,Description only,,verified,26.1,Post claims Ukrainian women receive more benefits than Polish families; the figures are invented.
PL-000212,synthetic-demo,2025-11-12T20:47:22Z,2025-11-12,2025-W46,2025-11-10,2025-11,online,Doxxing or exposure,Stolen photos / fake profiles,Telegram,,Dolnośląskie,RU,Herself,Unknown,Link and screenshot,LC-86474,verified,38.5,Fake account copies a woman's profile photos and messages men pretending to be her.
PL-000213,synthetic-demo,2025-11-13T12:04:34Z,2025-11-13,2025-W46,2025-11-10,2025-11,online,Harassment or pile-on,Abusing benefits / taking jobs,X,,Zachodniopomorskie,EN,Ukrainian women as a group,Unknown,Description only,,rejected,28.3,Post claims Ukrainian women receive more benefits than Polish families; the figures are invented.
PL-000214,synthetic-demo,2025-11-13T15:52:18Z,2025-11-13,2025-W46,2025-11-10,2025-11,online,Sexualised content or stereotypes,Came to seduce / steal husbands,Instagram,,Pomorskie,PL,Ukrainian women as a group,18-29,Link only,LC-54727,verified,136.8,Meme on Instagram claims Ukrainian women come to Poland to find Polish husbands.
PL-000215,synthetic-demo,2025-11-13T16:09:55Z,2025-11-13,2025-W46,2025-11-10,2025-11,online,Fabricated story,Criminal or dangerous,Facebook,,Lubelskie,PL,Ukrainian women as a group,Unknown,Link and screenshot,LC-38412,pending,,Meme claims Ukrainian women bring disease and crime; uses an unrelated photo.
PL-000216,synthetic-demo,2025-11-13T22:16:51Z,2025-11-13,2025-W46,2025-11-10,2025-11,online,"Fake job, housing or relationship offer",Fake offers (lures),Facebook,,Świętokrzyskie,UA,Herself,18-29,Link only,LC-44317,pending,,"Post offers help finding a ""sponsor"" for women who have just arrived."
PL-000217,synthetic-demo,2025-11-13T23:16:53Z,2025-11-13,2025-W46,2025-11-10,2025-11,in-person,Being followed or watched,None (in person),,Workplace,Małopolskie,PL,Someone she knows,13-17,Description only,,rejected,29.4,Man she did not know kept appearing near her building and watching the entrance.
PL-000218,synthetic-demo,2025-11-14T04:47:42Z,2025-11-14,2025-W46,2025-11-10,2025-11,in-person,Threats or intimidation,None (in person),,Community or religious place,Dolnośląskie,PL,Someone she knows,30-49,Photo,,verified,28.4,Employer threatened to report her to the authorities if she complained about pay.
PL-000219,synthetic-demo,2025-11-14T09:13:35Z,2025-11-14,2025-W46,2025-11-10,2025-11,online,"Fake job, housing or relationship offer",Fake offers (lures),Classifieds site,,Dolnośląskie,RU,Ukrainian women as a group,18-29,Link and screenshot,LC-33983,verified,35.1,"Ad for hotel work abroad through Poland, no company name, contact by private chat only."
PL-000220,synthetic-demo,2025-11-14T11:02:54Z,2025-11-14,2025-W46,2025-11-10,2025-11,online,"Fake job, housing or relationship offer",Fake offers (lures),Telegram,,Wielkopolskie,UA,Herself,18-29,Description only,,verified,3.1,"Ad offers a well-paid cleaning job with free housing and travel, and asks for a passport photo first."
PL-000221,synthetic-demo,2025-11-14T11:04:59Z,2025-11-14,2025-W46,2025-11-10,2025-11,online,Fabricated story,Criminal or dangerous,Facebook,,Dolnośląskie,PL,Someone she knows,30-49,Screenshot only,,verified,17.4,Fabricated story says a Ukrainian woman stole from her employer; the photo is from another country.
PL-000222,synthetic-demo,2025-11-14T11:42:52Z,2025-11-14,2025-W46,2025-11-10,2025-11,in-person,Threats or intimidation,None (in person),,Other,Mazowieckie,PL,Herself,18-29,Description only,,verified,11.5,Former partner threatened to share private photos.
PL-000223,synthetic-demo,2025-11-14T16:23:29Z,2025-11-14,2025-W46,2025-11-10,2025-11,online,"Fake job, housing or relationship offer",Fake offers (lures),Facebook,,Łódzkie,UA,Herself,Unknown,Link and screenshot,LC-38938,verified,10.2,"Ad for nanny work abroad through Poland, no company name, contact by private chat only."
PL-000224,synthetic-demo,2025-11-14T19:19:37Z,2025-11-14,2025-W46,2025-11-10,2025-11,online,Fabricated story,Criminal or dangerous,Facebook,,Śląskie,PL,Ukrainian women as a group,Unknown,Screenshot only,,verified,4.5,Old crime story from another country reshared as if it happened in Katowice with a Ukrainian woman.
PL-000225,synthetic-demo,2025-11-14T20:10:20Z,2025-11-14,2025-W46,2025-11-10,2025-11,online,Harassment or pile-on,Available women / brides,Instagram,,Lubuskie,RU,Herself,50+,Link and screenshot,LC-65670,verified,30.5,Comment thread presents Ukrainian women as available for dating in exchange for help with housing.
PL-000226,synthetic-demo,2025-11-14T21:46:11Z,2025-11-14,2025-W46,2025-11-10,2025-11,online,Sexualised content or stereotypes,Came to seduce / steal husbands,TikTok,,Małopolskie,PL,Ukrainian women as a group,Unknown,Screenshot only,,verified,29.6,"Comments under a local news story say Ukrainian women ""take"" Polish men and break up families."
PL-000227,synthetic-demo,2025-11-14T21:47:35Z,2025-11-14,2025-W46,2025-11-10,2025-11,online,False claim to discredit,Abusing benefits / taking jobs,X,,Mazowieckie,PL,Public figure,30-49,Screenshot only,,verified,31.9,Post claims Ukrainian women receive more benefits than Polish families; the figures are invented.
PL-000228,synthetic-demo,2025-11-14T22:07:28Z,2025-11-14,2025-W46,2025-11-10,2025-11,online,Sexualised content or stereotypes,Came to seduce / steal husbands,Instagram,,Lubelskie,PL,Ukrainian women as a group,Unknown,Link and screenshot,LC-60520,pending,,Meme on Instagram claims Ukrainian women come to Poland to find Polish husbands.
PL-000229,synthetic-demo,2025-11-15T11:41:52Z,2025-11-15,2025-W46,2025-11-10,2025-11,online,Manipulated image or video,Stolen photos / fake profiles,TikTok,,Lubelskie,RU,Herself,30-49,Link and screenshot,LC-29306,rejected,27,Photos from a Ukrainian woman's private account reposted on a page with sexual captions.
PL-000230,synthetic-demo,2025-11-15T18:30:09Z,2025-11-15,2025-W46,2025-11-10,2025-11,in-person,Being followed or watched,None (in person),,School or university,Dolnośląskie,PL,Herself,18-29,Photo,,needs more info,11.8,Man she did not know kept appearing near her building and watching the entrance.
PL-000231,synthetic-demo,2025-11-16T07:55:20Z,2025-11-16,2025-W46,2025-11-10,2025-11,online,False claim to discredit,Sex work stereotypes,X,,Mazowieckie,PL,Herself,18-29,Link and screenshot,LC-21427,rejected,21.8,Post suggests a reception point in Warsaw is used for sex work; no evidence given.
PL-000232,synthetic-demo,2025-11-16T14:21:14Z,2025-11-16,2025-W46,2025-11-10,2025-11,online,Fabricated story,Came to seduce / steal husbands,TikTok,,Zachodniopomorskie,PL,Ukrainian women as a group,Unknown,Link only,LC-35352,verified,8.8,Short clip on TikTok claims Ukrainian women come to Poland to find Polish husbands.
PL-000233,synthetic-demo,2025-11-16T23:58:33Z,2025-11-16,2025-W46,2025-11-10,2025-11,online,Sexualised content or stereotypes,Available women / brides,X,,Wielkopolskie,PL,Ukrainian women as a group,Unknown,Screenshot only,,rejected,9.2,"Post ranks Ukrainian women by appearance and invites men to ""choose one""."
PL-000234,synthetic-demo,2025-11-17T14:03:17Z,2025-11-17,2025-W47,2025-11-17,2025-11,in-person,Unwanted sexual comments or propositions,None (in person),,School or university,Małopolskie,PL,Someone she knows,30-49,Description only,,needs more info,9.6,"Man at her workplace made sexual comments and suggested she was ""available"" because she is Ukrainian."
PL-000235,synthetic-demo,2025-11-17T15:31:51Z,2025-11-17,2025-W47,2025-11-17,2025-11,online,Harassment or pile-on,Came to seduce / steal husbands,TikTok,,Mazowieckie,PL,Ukrainian women as a group,Unknown,Screenshot only,,verified,8.2,"Comments under a local news story say Ukrainian women ""take"" Polish men and break up families."
PL-000236,synthetic-demo,2025-11-18T10:30:08Z,2025-11-18,2025-W47,2025-11-17,2025-11,online,"Fake job, housing or relationship offer",Fake offers (lures),Telegram,,Śląskie,RU,Ukrainian women as a group,Unknown,Link and screenshot,LC-50094,verified,8.4,"Ad for hostess work abroad through Poland, no company name, contact by private chat only."
PL-000237,synthetic-demo,2025-11-18T11:15:26Z,2025-11-18,2025-W47,2025-11-17,2025-11,online,Fabricated story,Criminal or dangerous,Facebook,,Śląskie,PL,Someone she knows,30-49,Link only,LC-35559,verified,4.7,Video claims Ukrainian women run scams targeting elderly people; no source.
PL-000238,synthetic-demo,2025-11-18T13:15:43Z,2025-11-18,2025-W47,2025-11-17,2025-11,in-person,Verbal harassment or insults,None (in person),,School or university,Małopolskie,PL,Herself,13-17,Description only,,verified,41.2,Group of men called her names linked to her nationality in the street.
PL-000239,synthetic-demo,2025-11-18T14:08:18Z,2025-11-18,2025-W47,2025-11-17,2025-11,online,Harassment or pile-on,Criminal or dangerous,X,,Dolnośląskie,PL,Herself,13-17,Screenshot only,,verified,20.2,Meme claims Ukrainian women bring disease and crime; uses an unrelated photo.
PL-000240,synthetic-demo,2025-11-18T15:19:27Z,2025-11-18,2025-W47,2025-11-17,2025-11,online,Manipulated image or video,Stolen photos / fake profiles,TikTok,,Mazowieckie,PL,Herself,Unknown,Description only,,rejected,10.3,Dating profile uses photos of a Ukrainian woman without her consent.
PL-000241,synthetic-demo,2025-11-18T17:56:34Z,2025-11-18,2025-W47,2025-11-17,2025-11,online,Harassment or pile-on,Sex work stereotypes,Facebook,,Podkarpackie,PL,Someone she knows,18-29,Screenshot only,,verified,10,Post suggests a reception point in Rzeszów is used for sex work; no evidence given.
PL-000242,synthetic-demo,2025-11-19T11:27:23Z,2025-11-19,2025-W47,2025-11-17,2025-11,online,Harassment or pile-on,Sex work stereotypes,X,,Dolnośląskie,PL,Ukrainian women as a group,Unknown,Link only,LC-70429,verified,8.3,"Video describes Ukrainian women as ""easy"" and links this to the war; widely shared."
PL-000243,synthetic-demo,2025-11-19T13:55:54Z,2025-11-19,2025-W47,2025-11-17,2025-11,online,Sexualised content or stereotypes,Available women / brides,TikTok,,Śląskie,PL,Ukrainian women as a group,Unknown,Screenshot only,,verified,49.3,"Account shares sexualised images captioned as Ukrainian women ""looking for a husband""."
PL-000244,synthetic-demo,2025-11-19T18:37:37Z,2025-11-19,2025-W47,2025-11-17,2025-11,online,"Fake job, housing or relationship offer",Fake offers (lures),Facebook,,Zachodniopomorskie,PL,Herself,30-49,Link only,LC-34362,needs more info,49.5,"Ad offers a well-paid hotel job with free housing and travel, and asks for a passport photo first."
PL-000245,synthetic-demo,2025-11-19T21:00:28Z,2025-11-19,2025-W47,2025-11-17,2025-11,online,Sexualised content or stereotypes,Available women / brides,Telegram,,Małopolskie,PL,Herself,Unknown,Description only,,verified,14.5,"Post ranks Ukrainian women by appearance and invites men to ""choose one""."
PL-000246,synthetic-demo,2025-11-20T08:19:12Z,2025-11-20,2025-W47,2025-11-17,2025-11,online,Fabricated story,Criminal or dangerous,Telegram,,Podkarpackie,RU,Someone she knows,Unknown,Screenshot only,,verified,4.6,Meme claims Ukrainian women bring disease and crime; uses an unrelated photo.
PL-000247,synthetic-demo,2025-11-20T08:59:45Z,2025-11-20,2025-W47,2025-11-17,2025-11,in-person,Being followed or watched,None (in person),,Street or public transport,Pomorskie,PL,Herself,18-29,Description only,,verified,7.1,Man she did not know kept appearing near her building and watching the entrance.
PL-000248,synthetic-demo,2025-11-20T12:16:20Z,2025-11-20,2025-W47,2025-11-17,2025-11,in-person,Verbal harassment or insults,None (in person),,Shop or service,Małopolskie,PL,Someone she knows,18-29,Description only,,verified,16.5,Shouted at on public transport in Kraków for speaking Ukrainian.
PL-000249,synthetic-demo,2025-11-20T12:23:22Z,2025-11-20,2025-W47,2025-11-17,2025-11,in-person,Unwanted sexual comments or propositions,None (in person),,Accommodation or housing,Lubelskie,PL,Herself,18-29,Description only,,verified,20.9,"Stranger asked whether she was ""one of those Ukrainian girls"" and made sexual remarks."
PL-000250,synthetic-demo,2025-11-20T14:04:52Z,2025-11-20,2025-W47,2025-11-17,2025-11,online,Fabricated story,Abusing benefits / taking jobs,Facebook,,Śląskie,PL,Public figure,18-29,Screenshot only,,verified,22.7,Meme says Ukrainian mothers abuse child benefits and take kindergarten places.
PL-000251,synthetic-demo,2025-11-20T19:16:12Z,2025-11-20,2025-W47,2025-11-17,2025-11,online,Doxxing or exposure,Stolen photos / fake profiles,Facebook,,Pomorskie,PL,Herself,30-49,Link and screenshot,LC-95692,verified,31.2,Dating profile uses photos of a Ukrainian woman without her consent.
PL-000252,synthetic-demo,2025-11-20T19:30:47Z,2025-11-20,2025-W47,2025-11-17,2025-11,online,False claim to discredit,Abusing benefits / taking jobs,X,,Śląskie,PL,Ukrainian women as a group,50+,Link and screenshot,LC-90815,verified,22.8,Post claims Ukrainian women take jobs from Polish women while living on benefits.
PL-000253,synthetic-demo,2025-11-20T20:43:07Z,2025-11-20,2025-W47,2025-11-17,2025-11,online,False claim to discredit,Abusing benefits / taking jobs,X,,Kujawsko-pomorskie,PL,Herself,30-49,Screenshot only,,verified,96,Short clip says Ukrainian mothers abuse child benefits and take kindergarten places.
PL-000254,synthetic-demo,2025-11-21T07:24:34Z,2025-11-21,2025-W47,2025-11-17,2025-11,online,Doxxing or exposure,Other or unclear,Facebook,,Podkarpackie,PL,Someone she knows,Unknown,Description only,,rejected,21.3,Hostile messages sent to several Ukrainian women in a local community group.
PL-000255,synthetic-demo,2025-11-21T15:53:56Z,2025-11-21,2025-W47,2025-11-17,2025-11,online,False claim to discredit,Abusing benefits / taking jobs,X,,Małopolskie,PL,Ukrainian women as a group,30-49,Screenshot only,,verified,39.2,Post claims Ukrainian women receive more benefits than Polish families; the figures are invented.
PL-000256,synthetic-demo,2025-11-21T18:54:44Z,2025-11-21,2025-W47,2025-11-17,2025-11,in-person,Rumours or lies spread about her,None (in person),,Other,Dolnośląskie,PL,Herself,18-29,Photo,,verified,31.5,Colleagues told others she got her job through a relationship with the manager.
PL-000257,synthetic-demo,2025-11-21T20:40:20Z,2025-11-21,2025-W47,2025-11-17,2025-11,in-person,Verbal harassment or insults,None (in person),,Street or public transport,Dolnośląskie,PL,Someone she knows,18-29,Description only,,verified,55.9,Insulted by a customer at work after they heard her accent.
PL-000258,synthetic-demo,2025-11-22T11:57:21Z,2025-11-22,2025-W47,2025-11-17,2025-11,in-person,Physical or sexual violence,None (in person),,Workplace,Śląskie,PL,Someone she knows,18-29,Description only,,verified,14.9,Touched without consent by a co-worker; the manager did nothing.
PL-000259,synthetic-demo,2025-11-22T15:13:43Z,2025-11-22,2025-W47,2025-11-17,2025-11,in-person,Verbal harassment or insults,None (in person),,Community or religious place,Zachodniopomorskie,PL,Herself,18-29,Description only,,verified,43.8,Shouted at on public transport in Szczecin for speaking Ukrainian.
PL-000260,synthetic-demo,2025-11-22T22:17:52Z,2025-11-22,2025-W47,2025-11-17,2025-11,online,False claim to discredit,Abusing benefits / taking jobs,X,,Mazowieckie,PL,Someone she knows,18-29,Link only,LC-89565,verified,63.4,"Chart with false numbers about benefits paid to Ukrainian women, shared as if official."
PL-000261,synthetic-demo,2025-11-22T23:58:11Z,2025-11-22,2025-W47,2025-11-17,2025-11,online,Sexualised content or stereotypes,Available women / brides,Instagram,,Pomorskie,PL,Ukrainian women as a group,Unknown,Link only,LC-28466,verified,17.3,"Video ranks Ukrainian women by appearance and invites men to ""choose one""."
PL-000262,synthetic-demo,2025-11-23T13:40:12Z,2025-11-23,2025-W47,2025-11-17,2025-11,online,"Fake job, housing or relationship offer",Fake offers (lures),Telegram,,Dolnośląskie,RU,Herself,18-29,Description only,,verified,67.2,"Message offers a free room to young Ukrainian women ""in exchange for help around the house""."
PL-000263,synthetic-demo,2025-11-23T14:11:44Z,2025-11-23,2025-W47,2025-11-17,2025-11,online,Sexualised content or stereotypes,Sex work stereotypes,Other,,Mazowieckie,PL,Herself,30-49,Link and screenshot,LC-12753,verified,14.2,Post suggests a reception point in Warsaw is used for sex work; no evidence given.
PL-000264,synthetic-demo,2025-11-23T23:58:33Z,2025-11-23,2025-W47,2025-11-17,2025-11,online,Sexualised content or stereotypes,Available women / brides,X,,Mazowieckie,EN,Ukrainian women as a group,Unknown,Screenshot only,,verified,18.6,"Video ranks Ukrainian women by appearance and invites men to ""choose one""."
PL-000265,synthetic-demo,2025-11-24T13:27:37Z,2025-11-24,2025-W48,2025-11-24,2025-11,online,Fabricated story,Other or unclear,Telegram,,Lubelskie,PL,Herself,18-29,Screenshot only,,verified,22.5,Her home area and phone number were posted in a hostile group.
PL-000266,synthetic-demo,2025-11-25T07:43:22Z,2025-11-25,2025-W48,2025-11-24,2025-11,online,"Fake job, housing or relationship offer",Fake offers (lures),Classifieds site,,Mazowieckie,PL,Ukrainian women as a group,Unknown,Description only,,verified,10.6,"Offer of a cleaning job near Warsaw with pay far above normal, asks women to send full-length photos."
PL-000267,synthetic-demo,2025-11-25T15:10:09Z,2025-11-25,2025-W48,2025-11-24,2025-11,online,Sexualised content or stereotypes,Sex work stereotypes,TikTok,,Pomorskie,PL,Someone she knows,18-29,Link and screenshot,LC-64651,verified,4.9,Video claims Ukrainian women arriving in Poland mostly work in the sex industry.
PL-000268,synthetic-demo,2025-11-25T15:28:41Z,2025-11-25,2025-W48,2025-11-24,2025-11,online,Doxxing or exposure,Stolen photos / fake profiles,Telegram,,Wielkopolskie,RU,Herself,18-29,Description only,,verified,14.8,Edited photo puts a Ukrainian woman's face on a sexualised image; shared in a group.
PL-000269,synthetic-demo,2025-11-25T20:55:34Z,2025-11-25,2025-W48,2025-11-24,2025-11,online,"Fake job, housing or relationship offer",Fake offers (lures),Telegram,,Świętokrzyskie,PL,Herself,18-29,Link only,LC-35449,verified,107.5,"Ad offers a well-paid care worker job with free housing and travel, and asks for a passport photo first."
PL-000270,synthetic-demo,2025-11-25T22:03:49Z,2025-11-25,2025-W48,2025-11-24,2025-11,in-person,Verbal harassment or insults,None (in person),,Workplace,Dolnośląskie,PL,Herself,Unknown,Description only,,verified,2.7,Group of men called her names linked to her nationality in the street.
PL-000271,synthetic-demo,2025-11-26T11:06:13Z,2025-11-26,2025-W48,2025-11-24,2025-11,online,Harassment or pile-on,Sex work stereotypes,TikTok,,Wielkopolskie,EN,Herself,30-49,Link and screenshot,LC-95006,verified,64.3,Post suggests a reception point in Poznań is used for sex work; no evidence given.
PL-000272,synthetic-demo,2025-11-26T17:26:43Z,2025-11-26,2025-W48,2025-11-24,2025-11,online,Sexualised content or stereotypes,Came to seduce / steal husbands,Instagram,,Mazowieckie,PL,Ukrainian women as a group,Unknown,Description only,,verified,32.4,Comment thread mocks Ukrainian women as only interested in men with money; many replies agree.
PL-000273,synthetic-demo,2025-11-26T22:42:54Z,2025-11-26,2025-W48,2025-11-24,2025-11,online,Fabricated story,Came to seduce / steal husbands,Facebook,,Dolnośląskie,EN,Someone she knows,Unknown,Link and screenshot,LC-68259,verified,6.1,"Comments under a local news story say Ukrainian women ""take"" Polish men and break up families."
PL-000274,synthetic-demo,2025-11-27T10:43:13Z,2025-11-27,2025-W48,2025-11-24,2025-11,online,Sexualised content or stereotypes,Came to seduce / steal husbands,Telegram,,Małopolskie,PL,Herself,18-29,Link and screenshot,LC-14587,verified,20.2,Short clip uses a sexualised stereotype of Ukrainian women to joke about Polish wives.
PL-000275,synthetic-demo,2025-11-27T10:58:06Z,2025-11-27,2025-W48,2025-11-24,2025-11,in-person,Unwanted sexual comments or propositions,None (in person),,Shop or service,Lubelskie,PL,Herself,Unknown,Description only,,rejected,7.9,"Man at her workplace made sexual comments and suggested she was ""available"" because she is Ukrainian."
PL-000276,synthetic-demo,2025-11-27T15:11:11Z,2025-11-27,2025-W48,2025-11-24,2025-11,online,False claim to discredit,Abusing benefits / taking jobs,Facebook,,Lubuskie,PL,Ukrainian women as a group,Unknown,Link and screenshot,LC-36945,verified,4,Meme claims Ukrainian women take jobs from Polish women while living on benefits.
PL-000277,synthetic-demo,2025-11-27T15:15:08Z,2025-11-27,2025-W48,2025-11-24,2025-11,online,Manipulated image or video,Stolen photos / fake profiles,TikTok,,Małopolskie,PL,Someone she knows,18-29,Screenshot only,,verified,22.2,Dating profile uses photos of a Ukrainian woman without her consent.
PL-000278,synthetic-demo,2025-11-27T15:42:40Z,2025-11-27,2025-W48,2025-11-24,2025-11,online,Sexualised content or stereotypes,Available women / brides,Telegram,,Dolnośląskie,PL,Herself,18-29,Link only,LC-19172,verified,7.6,"Video ranks Ukrainian women by appearance and invites men to ""choose one""."
PL-000279,synthetic-demo,2025-11-27T19:22:07Z,2025-11-27,2025-W48,2025-11-24,2025-11,in-person,Rumours or lies spread about her,None (in person),,Accommodation or housing,Pomorskie,PL,Someone she knows,18-29,Description only,,rejected,13.6,Neighbours spread a rumour that she came to Poland to find a husband.
PL-000280,synthetic-demo,2025-11-27T20:58:22Z,2025-11-27,2025-W48,2025-11-24,2025-11,online,False claim to discredit,Abusing benefits / taking jobs,X,,Dolnośląskie,PL,Public figure,30-49,Link only,LC-10392,verified,18.5,Post claims Ukrainian women receive more benefits than Polish families; the figures are invented.
PL-000281,synthetic-demo,2025-11-27T23:09:19Z,2025-11-27,2025-W48,2025-11-24,2025-11,online,Harassment or pile-on,Criminal or dangerous,X,,Pomorskie,PL,Ukrainian women as a group,Unknown,Link and screenshot,LC-15249,pending,,Comment thread claims Ukrainian women bring disease and crime; uses an unrelated photo.
PL-000282,synthetic-demo,2025-11-28T05:41:23Z,2025-11-28,2025-W48,2025-11-24,2025-11,in-person,Verbal harassment or insults,None (in person),,Accommodation or housing,Opolskie,PL,Herself,30-49,Description only,,rejected,19.4,Shouted at on public transport in Opole for speaking Ukrainian.
PL-000283,synthetic-demo,2025-11-28T07:25:25Z,2025-11-28,2025-W48,2025-11-24,2025-11,online,False claim to discredit,Abusing benefits / taking jobs,X,,Wielkopolskie,PL,Ukrainian women as a group,Unknown,Link only,LC-30591,verified,2,Carousel post claims Ukrainian women take jobs from Polish women while living on benefits.
PL-000284,synthetic-demo,2025-11-28T11:49:00Z,2025-11-28,2025-W48,2025-11-24,2025-11,online,Harassment or pile-on,Abusing benefits / taking jobs,Instagram,,Śląskie,PL,Herself,50+,Screenshot only,,needs more info,56.2,Post claims Ukrainian women receive more benefits than Polish families; the figures are invented.
PL-000285,synthetic-demo,2025-11-28T13:32:15Z,2025-11-28,2025-W48,2025-11-24,2025-11,online,"Fake job, housing or relationship offer",Fake offers (lures),Telegram,,Małopolskie,UA,Ukrainian women as a group,18-29,Link and screenshot,LC-20231,pending,,"Post offers help finding a ""sponsor"" for women who have just arrived."
PL-000286,synthetic-demo,2025-11-28T15:10:50Z,2025-11-28,2025-W48,2025-11-24,2025-11,online,Fabricated story,Came to seduce / steal husbands,Facebook,,Mazowieckie,PL,Public figure,30-49,Link and screenshot,LC-60550,verified,22.9,Short clip on Facebook claims Ukrainian women come to Poland to find Polish husbands.
PL-000287,synthetic-demo,2025-11-28T17:18:09Z,2025-11-28,2025-W48,2025-11-24,2025-11,online,"Fake job, housing or relationship offer",Fake offers (lures),Classifieds site,,Podkarpackie,RU,Herself,18-29,Description only,,verified,9.3,"Post offers help finding a ""sponsor"" for women who have just arrived."
PL-000288,synthetic-demo,2025-11-28T18:03:51Z,2025-11-28,2025-W48,2025-11-24,2025-11,online,Fabricated story,Came to seduce / steal husbands,Other,,Świętokrzyskie,PL,Herself,Unknown,Link and screenshot,LC-17123,verified,59.8,Post mocks Ukrainian women as only interested in men with money; many replies agree.
PL-000289,synthetic-demo,2025-11-28T20:35:42Z,2025-11-28,2025-W48,2025-11-24,2025-11,online,Sexualised content or stereotypes,Came to seduce / steal husbands,TikTok,,Zachodniopomorskie,EN,Herself,18-29,Link and screenshot,LC-55900,verified,11.7,"Comments under a local news story say Ukrainian women ""take"" Polish men and break up families."
PL-000290,synthetic-demo,2025-11-29T09:55:19Z,2025-11-29,2025-W48,2025-11-24,2025-11,online,"Fake job, housing or relationship offer",Fake offers (lures),Facebook,,Podkarpackie,RU,Herself,13-17,Link and screenshot,LC-55545,verified,22.1,"Message offers a free room to young Ukrainian women ""in exchange for help around the house""."
PL-000291,synthetic-demo,2025-11-29T14:13:59Z,2025-11-29,2025-W48,2025-11-24,2025-11,online,False claim to discredit,Abusing benefits / taking jobs,Telegram,,Podkarpackie,PL,Someone she knows,18-29,Link only,LC-10643,verified,31.2,Post claims Ukrainian women receive more benefits than Polish families; the figures are invented.
PL-000292,synthetic-demo,2025-11-29T19:24:28Z,2025-11-29,2025-W48,2025-11-24,2025-11,online,"Fake job, housing or relationship offer",Fake offers (lures),WhatsApp,,Łódzkie,PL,Ukrainian women as a group,Unknown,Screenshot only,,needs more info,25.2,"Post offers help finding a ""sponsor"" for women who have just arrived."
PL-000293,synthetic-demo,2025-11-30T07:49:08Z,2025-11-30,2025-W48,2025-11-24,2025-11,online,Harassment or pile-on,Criminal or dangerous,Instagram,,Śląskie,PL,Herself,18-29,Screenshot only,,verified,50.9,Comment thread claims Ukrainian women run scams targeting elderly people; no source.
PL-000294,synthetic-demo,2025-11-30T11:40:50Z,2025-11-30,2025-W48,2025-11-24,2025-11,in-person,Unwanted sexual comments or propositions,None (in person),,Accommodation or housing,Wielkopolskie,PL,Herself,18-29,Description only,,needs more info,13.4,"Stranger asked whether she was ""one of those Ukrainian girls"" and made sexual remarks."
PL-000295,synthetic-demo,2025-11-30T13:02:09Z,2025-11-30,2025-W48,2025-11-24,2025-11,in-person,Verbal harassment or insults,None (in person),,Other,Śląskie,PL,Herself,18-29,Description only,,needs more info,21.1,Shouted at on public transport in Katowice for speaking Ukrainian.
PL-000296,synthetic-demo,2025-11-30T14:49:51Z,2025-11-30,2025-W48,2025-11-24,2025-11,in-person,Verbal harassment or insults,None (in person),,Street or public transport,Lubuskie,PL,Herself,18-29,Description only,,verified,7.4,Group of men called her names linked to her nationality in the street.
PL-000297,synthetic-demo,2025-11-30T15:05:16Z,2025-11-30,2025-W48,2025-11-24,2025-11,online,"Fake job, housing or relationship offer",Fake offers (lures),Telegram,,Lubelskie,PL,Herself,13-17,Screenshot only,,verified,4.5,"Offer of a seasonal farm job near Lublin with pay far above normal, asks women to send full-length photos."
PL-000298,synthetic-demo,2025-11-30T16:44:45Z,2025-11-30,2025-W48,2025-11-24,2025-11,in-person,Unwanted sexual comments or propositions,None (in person),,Workplace,Mazowieckie,PL,Herself,18-29,Description only,,verified,30.9,"Man at her workplace made sexual comments and suggested she was ""available"" because she is Ukrainian."
PL-000299,synthetic-demo,2025-11-30T18:45:23Z,2025-11-30,2025-W48,2025-11-24,2025-11,online,Sexualised content or stereotypes,Available women / brides,Facebook,,Opolskie,PL,Herself,18-29,Link only,LC-41540,verified,18.6,Post presents Ukrainian women as available for dating in exchange for help with housing.
PL-000300,synthetic-demo,2025-12-01T05:53:48Z,2025-12-01,2025-W49,2025-12-01,2025-12,in-person,Threats or intimidation,None (in person),,Community or religious place,Małopolskie,PL,Herself,Unknown,Description only,,verified,17.4,Former partner threatened to share private photos.
PL-000301,synthetic-demo,2025-12-01T06:39:18Z,2025-12-01,2025-W49,2025-12-01,2025-12,in-person,Threats or intimidation,None (in person),,Accommodation or housing,Pomorskie,PL,Herself,18-29,Photo,,verified,12.7,"Man told her to leave the neighbourhood or ""something would happen""."
PL-000302,synthetic-demo,2025-12-01T11:04:41Z,2025-12-01,2025-W49,2025-12-01,2025-12,online,Harassment or pile-on,Sex work stereotypes,X,,Zachodniopomorskie,EN,Public figure,13-17,Link only,LC-89258,verified,48.1,"Video describes Ukrainian women as ""easy"" and links this to the war; widely shared."
PL-000303,synthetic-demo,2025-12-01T12:36:18Z,2025-12-01,2025-W49,2025-12-01,2025-12,online,Sexualised content or stereotypes,Available women / brides,Facebook,,Pomorskie,UA,Herself,30-49,Screenshot only,,needs more info,7.3,Short clip presents Ukrainian women as available for dating in exchange for help with housing.
PL-000304,synthetic-demo,2025-12-01T14:03:54Z,2025-12-01,2025-W49,2025-12-01,2025-12,in-person,Verbal harassment or insults,None (in person),,Street or public transport,Mazowieckie,RU,Herself,13-17,Photo,,verified,12.1,Group of men called her names linked to her nationality in the street.
PL-000305,synthetic-demo,2025-12-01T14:05:15Z,2025-12-01,2025-W49,2025-12-01,2025-12,online,Fabricated story,Came to seduce / steal husbands,Other,,Małopolskie,EN,Ukrainian women as a group,Unknown,Link and screenshot,LC-12971,verified,15.4,Meme uses a sexualised stereotype of Ukrainian women to joke about Polish wives.
PL-000306,synthetic-demo,2025-12-01T14:20:31Z,2025-12-01,2025-W49,2025-12-01,2025-12,in-person,Unwanted sexual comments or propositions,None (in person),,Shop or service,Dolnośląskie,PL,Someone she knows,30-49,Description only,,verified,4.7,"Landlord made sexual comments and hinted rent could be ""paid another way""."
PL-000307,synthetic-demo,2025-12-01T16:53:13Z,2025-12-01,2025-W49,2025-12-01,2025-12,online,Sexualised content or stereotypes,Available women / brides,TikTok,,Mazowieckie,PL,Ukrainian women as a group,Unknown,Link only,LC-83319,rejected,10.5,Video presents Ukrainian women as available for dating in exchange for help with housing.
PL-000308,synthetic-demo,2025-12-01T19:09:00Z,2025-12-01,2025-W49,2025-12-01,2025-12,online,False claim to discredit,Abusing benefits / taking jobs,Facebook,,Wielkopolskie,EN,Someone she knows,18-29,Link only,LC-27763,verified,5.2,"Chart with false numbers about benefits paid to Ukrainian women, shared as if official."
PL-000309,synthetic-demo,2025-12-01T23:58:33Z,2025-12-01,2025-W49,2025-12-01,2025-12,in-person,Unwanted sexual comments or propositions,None (in person),,Shop or service,Mazowieckie,RU,Herself,18-29,Description only,,rejected,41,"Man at her workplace made sexual comments and suggested she was ""available"" because she is Ukrainian."
PL-000310,synthetic-demo,2025-12-02T17:44:28Z,2025-12-02,2025-W49,2025-12-01,2025-12,online,Sexualised content or stereotypes,Came to seduce / steal husbands,Instagram,,Lubelskie,PL,Herself,18-29,Description only,,verified,19,Short clip uses a sexualised stereotype of Ukrainian women to joke about Polish wives.
PL-000311,synthetic-demo,2025-12-03T11:41:22Z,2025-12-03,2025-W49,2025-12-01,2025-12,online,Doxxing or exposure,Other or unclear,Telegram,,Zachodniopomorskie,UA,Someone she knows,30-49,Screenshot only,,needs more info,6.6,Hostile messages sent to several Ukrainian women in a local community group.
PL-000312,synthetic-demo,2025-12-03T13:01:53Z,2025-12-03,2025-W49,2025-12-01,2025-12,in-person,Rumours or lies spread about her,None (in person),,Other,Małopolskie,PL,Herself,30-49,Photo,,verified,12.5,"Parents at school said she had a ""bad reputation"" because she is Ukrainian."
PL-000313,synthetic-demo,2025-12-03T15:22:15Z,2025-12-03,2025-W49,2025-12-01,2025-12,online,Manipulated image or video,Stolen photos / fake profiles,Instagram,,Śląskie,PL,Someone she knows,30-49,Description only,,rejected,27.1,Photos from a Ukrainian woman's private account reposted on a page with sexual captions.
PL-000314,synthetic-demo,2025-12-03T15:40:59Z,2025-12-03,2025-W49,2025-12-01,2025-12,online,Fabricated story,Came to seduce / steal husbands,Telegram,,Kujawsko-pomorskie,RU,Public figure,50+,Link only,LC-23200,verified,6.5,Short clip on Telegram claims Ukrainian women come to Poland to find Polish husbands.
PL-000315,synthetic-demo,2025-12-03T15:47:43Z,2025-12-03,2025-W49,2025-12-01,2025-12,online,Harassment or pile-on,Came to seduce / steal husbands,Instagram,,Zachodniopomorskie,UA,Ukrainian women as a group,18-29,Screenshot only,,verified,32.3,Video uses a sexualised stereotype of Ukrainian women to joke about Polish wives.
PL-000316,synthetic-demo,2025-12-03T18:09:08Z,2025-12-03,2025-W49,2025-12-01,2025-12,online,Fabricated story,Came to seduce / steal husbands,X,,Mazowieckie,PL,Public figure,Unknown,Screenshot only,,verified,19.3,Post uses a sexualised stereotype of Ukrainian women to joke about Polish wives.
PL-000317,synthetic-demo,2025-12-03T19:50:53Z,2025-12-03,2025-W49,2025-12-01,2025-12,in-person,Being followed or watched,None (in person),,Workplace,Małopolskie,PL,Herself,18-29,Description only,,needs more info,18.8,Same car seen waiting outside her workplace several evenings.
PL-000318,synthetic-demo,2025-12-03T22:16:24Z,2025-12-03,2025-W49,2025-12-01,2025-12,in-person,Unwanted sexual comments or propositions,None (in person),,Street or public transport,Łódzkie,UA,Someone she knows,Unknown,Description only,,verified,10.4,"Landlord made sexual comments and hinted rent could be ""paid another way""."
PL-000319,synthetic-demo,2025-12-04T12:00:10Z,2025-12-04,2025-W49,2025-12-01,2025-12,in-person,Verbal harassment or insults,None (in person),,Accommodation or housing,Opolskie,PL,Someone she knows,18-29,Description only,,needs more info,0.8,Group of men called her names linked to her nationality in the street.
PL-000320,synthetic-demo,2025-12-04T14:20:05Z,2025-12-04,2025-W49,2025-12-01,2025-12,online,Harassment or pile-on,Other or unclear,Instagram,,Podkarpackie,PL,Ukrainian women as a group,Unknown,Link and screenshot,LC-82653,verified,25.5,Post targets a Ukrainian woman activist with insults and false claims about her past.
PL-000321,synthetic-demo,2025-12-04T15:46:48Z,2025-12-04,2025-W49,2025-12-01,2025-12,online,Sexualised content or stereotypes,Available women / brides,TikTok,,Podlaskie,PL,Ukrainian women as a group,Unknown,Link and screenshot,LC-86622,verified,64.4,"Meme ranks Ukrainian women by appearance and invites men to ""choose one""."
PL-000322,synthetic-demo,2025-12-04T17:24:45Z,2025-12-04,2025-W49,2025-12-01,2025-12,online,Fabricated story,Abusing benefits / taking jobs,X,,Podlaskie,EN,Someone she knows,13-17,Screenshot only,,verified,27.5,Short clip claims Ukrainian women take jobs from Polish women while living on benefits.
PL-000323,synthetic-demo,2025-12-04T17:44:35Z,2025-12-04,2025-W49,2025-12-01,2025-12,online,Harassment or pile-on,Criminal or dangerous,Instagram,,Małopolskie,PL,Someone she knows,30-49,Link and screenshot,LC-65141,needs more info,25.3,Meme claims Ukrainian women run scams targeting elderly people; no source.
PL-000324,synthetic-demo,2025-12-04T19:15:05Z,2025-12-04,2025-W49,2025-12-01,2025-12,online,Sexualised content or stereotypes,Came to seduce / steal husbands,Other,,Małopolskie,PL,Herself,50+,Link and screenshot,LC-41460,verified,62.7,Carousel post mocks Ukrainian women as only interested in men with money; many replies agree.
PL-000325,synthetic-demo,2025-12-04T20:30:21Z,2025-12-04,2025-W49,2025-12-01,2025-12,online,Manipulated image or video,Criminal or dangerous,Instagram,,Mazowieckie,PL,Ukrainian women as a group,Unknown,Link and screenshot,LC-53385,rejected,25.7,Fabricated story says a Ukrainian woman stole from her employer; the photo is from another country.
PL-000326,synthetic-demo,2025-12-04T20:48:07Z,2025-12-04,2025-W49,2025-12-01,2025-12,online,False claim to discredit,Sex work stereotypes,Facebook,,Mazowieckie,PL,Ukrainian women as a group,Unknown,Link and screenshot,LC-53205,verified,29.4,Comment thread claims Ukrainian women arriving in Poland mostly work in the sex industry.
PL-000327,synthetic-demo,2025-12-04T21:25:16Z,2025-12-04,2025-W49,2025-12-01,2025-12,online,Sexualised content or stereotypes,Came to seduce / steal husbands,Telegram,,Dolnośląskie,RU,Public figure,18-29,Screenshot only,,verified,3.8,Comment thread on Telegram claims Ukrainian women come to Poland to find Polish husbands.
PL-000328,synthetic-demo,2025-12-05T09:13:09Z,2025-12-05,2025-W49,2025-12-01,2025-12,online,Harassment or pile-on,Came to seduce / steal husbands,Telegram,,Mazowieckie,UA,Public figure,18-29,Link and screenshot,LC-66870,verified,23.4,Carousel post on Telegram claims Ukrainian women come to Poland to find Polish husbands.
PL-000329,synthetic-demo,2025-12-05T15:10:30Z,2025-12-05,2025-W49,2025-12-01,2025-12,in-person,Being followed or watched,None (in person),,Workplace,Śląskie,UA,Herself,18-29,Description only,,verified,20.7,Man she did not know kept appearing near her building and watching the entrance.
PL-000330,synthetic-demo,2025-12-06T09:19:38Z,2025-12-06,2025-W49,2025-12-01,2025-12,online,Sexualised content or stereotypes,Available women / brides,X,,Śląskie,PL,Herself,18-29,Screenshot only,,verified,107.7,"Page advertises ""Ukrainian brides"" using photos that appear to be taken from a refugee support group."
PL-000331,synthetic-demo,2025-12-06T09:54:05Z,2025-12-06,2025-W49,2025-12-01,2025-12,online,Harassment or pile-on,Available women / brides,TikTok,,Pomorskie,PL,Someone she knows,Unknown,Screenshot only,,verified,11.7,"Account shares sexualised images captioned as Ukrainian women ""looking for a husband""."
PL-000332,synthetic-demo,2025-12-06T10:41:30Z,2025-12-06,2025-W49,2025-12-01,2025-12,in-person,Physical or sexual violence,None (in person),,Other,Mazowieckie,PL,Herself,30-49,Description only,,verified,20,Grabbed by a man in the street after refusing to talk to him.
PL-000333,synthetic-demo,2025-12-06T11:49:44Z,2025-12-06,2025-W49,2025-12-01,2025-12,online,Harassment or pile-on,Available women / brides,Instagram,,Wielkopolskie,PL,Herself,18-29,Description only,,verified,39.8,"Account shares sexualised images captioned as Ukrainian women ""looking for a husband""."
PL-000334,synthetic-demo,2025-12-06T13:12:48Z,2025-12-06,2025-W49,2025-12-01,2025-12,online,False claim to discredit,Sex work stereotypes,Telegram,,Małopolskie,PL,Someone she knows,18-29,Link and screenshot,LC-48785,needs more info,16.5,Comments call a Ukrainian woman a sex worker after she posted about her new job.
PL-000335,synthetic-demo,2025-12-06T16:40:35Z,2025-12-06,2025-W49,2025-12-01,2025-12,online,Harassment or pile-on,Available women / brides,Facebook,,Śląskie,UA,Ukrainian women as a group,18-29,Link only,LC-21402,verified,20.2,"Account shares sexualised images captioned as Ukrainian women ""looking for a husband""."
PL-000336,synthetic-demo,2025-12-06T16:51:09Z,2025-12-06,2025-W49,2025-12-01,2025-12,online,Sexualised content or stereotypes,Available women / brides,Instagram,,Podlaskie,PL,Ukrainian women as a group,Unknown,Link only,LC-59110,verified,10.4,"Page advertises ""Ukrainian brides"" using photos that appear to be taken from a refugee support group."
PL-000337,synthetic-demo,2025-12-06T19:25:05Z,2025-12-06,2025-W49,2025-12-01,2025-12,in-person,Verbal harassment or insults,None (in person),,Street or public transport,Podkarpackie,PL,Herself,30-49,Description only,,verified,7,Insulted by a customer at work after they heard her accent.
PL-000338,synthetic-demo,2025-12-06T20:53:51Z,2025-12-06,2025-W49,2025-12-01,2025-12,online,Sexualised content or stereotypes,Sex work stereotypes,TikTok,,Mazowieckie,PL,Herself,30-49,Link only,LC-47889,needs more info,19.5,Carousel post claims Ukrainian women arriving in Poland mostly work in the sex industry.
PL-000339,synthetic-demo,2025-12-07T14:46:43Z,2025-12-07,2025-W49,2025-12-01,2025-12,online,False claim to discredit,Abusing benefits / taking jobs,TikTok,,Wielkopolskie,UA,Someone she knows,18-29,Link and screenshot,LC-79514,verified,11.9,Post claims Ukrainian women receive more benefits than Polish families; the figures are invented.
PL-000340,synthetic-demo,2025-12-08T05:13:12Z,2025-12-08,2025-W50,2025-12-08,2025-12,online,Harassment or pile-on,Came to seduce / steal husbands,Facebook,,Kujawsko-pomorskie,EN,Ukrainian women as a group,Unknown,Screenshot only,,verified,30.1,Video on Facebook claims Ukrainian women come to Poland to find Polish husbands.
PL-000341,synthetic-demo,2025-12-08T08:04:10Z,2025-12-08,2025-W50,2025-12-08,2025-12,online,Sexualised content or stereotypes,Came to seduce / steal husbands,Telegram,,Mazowieckie,PL,Ukrainian women as a group,Unknown,Screenshot only,,verified,72.2,Carousel post uses a sexualised stereotype of Ukrainian women to joke about Polish wives.
PL-000342,synthetic-demo,2025-12-08T09:41:24Z,2025-12-08,2025-W50,2025-12-08,2025-12,in-person,Rumours or lies spread about her,None (in person),,Accommodation or housing,Dolnośląskie,PL,Herself,13-17,Description only,,rejected,10.4,Neighbours spread a rumour that she came to Poland to find a husband.
PL-000343,synthetic-demo,2025-12-08T12:28:04Z,2025-12-08,2025-W50,2025-12-08,2025-12,online,Manipulated image or video,Available women / brides,TikTok,,Pomorskie,PL,Herself,18-29,Link only,LC-35244,verified,5.5,"Page advertises ""Ukrainian brides"" using photos that appear to be taken from a refugee support group."
PL-000344,synthetic-demo,2025-12-08T16:52:26Z,2025-12-08,2025-W50,2025-12-08,2025-12,online,Sexualised content or stereotypes,Sex work stereotypes,TikTok,,Mazowieckie,UA,Ukrainian women as a group,Unknown,Screenshot only,,rejected,28.4,Post suggests a reception point in Warsaw is used for sex work; no evidence given.
PL-000345,synthetic-demo,2025-12-08T22:20:52Z,2025-12-08,2025-W50,2025-12-08,2025-12,online,False claim to discredit,Abusing benefits / taking jobs,TikTok,,Mazowieckie,PL,Ukrainian women as a group,18-29,Link only,LC-95058,verified,18.3,Meme claims Ukrainian women take jobs from Polish women while living on benefits.
PL-000346,synthetic-demo,2025-12-09T07:53:04Z,2025-12-09,2025-W50,2025-12-08,2025-12,in-person,Verbal harassment or insults,None (in person),,Accommodation or housing,Łódzkie,PL,Someone she knows,30-49,Description only,,verified,44.4,Group of men called her names linked to her nationality in the street.
PL-000347,synthetic-demo,2025-12-09T15:32:05Z,2025-12-09,2025-W50,2025-12-08,2025-12,online,"Fake job, housing or relationship offer",Fake offers (lures),Telegram,,Dolnośląskie,UA,Someone she knows,18-29,Link only,LC-88304,verified,100.7,"Message offers a free room to young Ukrainian women ""in exchange for help around the house""."
PL-000348,synthetic-demo,2025-12-09T15:51:38Z,2025-12-09,2025-W50,2025-12-08,2025-12,online,Sexualised content or stereotypes,Came to seduce / steal husbands,Other,,Śląskie,PL,Herself,30-49,Link and screenshot,LC-19352,verified,21.7,Comment thread mocks Ukrainian women as only interested in men with money; many replies agree.
PL-000349,synthetic-demo,2025-12-09T17:00:20Z,2025-12-09,2025-W50,2025-12-08,2025-12,online,False claim to discredit,Abusing benefits / taking jobs,Facebook,,Dolnośląskie,EN,Public figure,30-49,Description only,,verified,13.1,"Chart with false numbers about benefits paid to Ukrainian women, shared as if official."
PL-000350,synthetic-demo,2025-12-09T17:40:27Z,2025-12-09,2025-W50,2025-12-08,2025-12,online,Harassment or pile-on,Criminal or dangerous,TikTok,,Pomorskie,UA,Ukrainian women as a group,Unknown,Screenshot only,,verified,108.5,Comment thread claims Ukrainian women bring disease and crime; uses an unrelated photo.
PL-000351,synthetic-demo,2025-12-10T11:04:32Z,2025-12-10,2025-W50,2025-12-08,2025-12,online,Sexualised content or stereotypes,Available women / brides,TikTok,,Mazowieckie,EN,Public figure,18-29,Link and screenshot,LC-54134,verified,10.1,Short clip presents Ukrainian women as available for dating in exchange for help with housing.
PL-000352,synthetic-demo,2025-12-10T12:54:42Z,2025-12-10,2025-W50,2025-12-08,2025-12,online,"Fake job, housing or relationship offer",Fake offers (lures),Classifieds site,,Mazowieckie,UA,Ukrainian women as a group,Unknown,Link and screenshot,LC-62267,verified,24.6,"Message offers a free room to young Ukrainian women ""in exchange for help around the house""."
PL-000353,synthetic-demo,2025-12-10T15:30:52Z,2025-12-10,2025-W50,2025-12-08,2025-12,in-person,Unwanted sexual comments or propositions,None (in person),,Community or religious place,Małopolskie,PL,Herself,30-49,Description only,,verified,4.4,"Landlord made sexual comments and hinted rent could be ""paid another way""."
PL-000354,synthetic-demo,2025-12-10T20:23:41Z,2025-12-10,2025-W50,2025-12-08,2025-12,online,"Fake job, housing or relationship offer",Fake offers (lures),WhatsApp,,Pomorskie,RU,Ukrainian women as a group,30-49,Screenshot only,,verified,4.4,"Message offers a free room to young Ukrainian women ""in exchange for help around the house""."
PL-000355,synthetic-demo,2025-12-10T23:11:48Z,2025-12-10,2025-W50,2025-12-08,2025-12,online,Fabricated story,Criminal or dangerous,X,,Pomorskie,PL,Herself,18-29,Link only,LC-32732,verified,16.7,Video claims Ukrainian women run scams targeting elderly people; no source.
PL-000356,synthetic-demo,2025-12-11T11:00:43Z,2025-12-11,2025-W50,2025-12-08,2025-12,online,False claim to discredit,Abusing benefits / taking jobs,Facebook,,Podlaskie,PL,Someone she knows,Unknown,Link only,LC-20713,verified,26.3,"Chart with false numbers about benefits paid to Ukrainian women, shared as if official."
PL-000357,synthetic-demo,2025-12-11T12:06:55Z,2025-12-11,2025-W50,2025-12-08,2025-12,online,False claim to discredit,Sex work stereotypes,Facebook,,Wielkopolskie,EN,Ukrainian women as a group,13-17,Link and screenshot,LC-70745,verified,24,"Video describes Ukrainian women as ""easy"" and links this to the war; widely shared."
PL-000358,synthetic-demo,2025-12-11T13:26:00Z,2025-12-11,2025-W50,2025-12-08,2025-12,in-person,Verbal harassment or insults,None (in person),,Workplace,Małopolskie,PL,Someone she knows,30-49,Description only,,rejected,28.6,Insulted by a customer at work after they heard her accent.
PL-000359,synthetic-demo,2025-12-11T13:58:47Z,2025-12-11,2025-W50,2025-12-08,2025-12,online,False claim to discredit,Abusing benefits / taking jobs,X,,Wielkopolskie,UA,Ukrainian women as a group,13-17,Link only,LC-94237,verified,10.9,Meme says Ukrainian mothers abuse child benefits and take kindergarten places.
PL-000360,synthetic-demo,2025-12-11T17:38:18Z,2025-12-11,2025-W50,2025-12-08,2025-12,in-person,Threats or intimidation,None (in person),,School or university,Wielkopolskie,PL,Someone she knows,18-29,Description only,,verified,55.4,"Man told her to leave the neighbourhood or ""something would happen""."
PL-000361,synthetic-demo,2025-12-11T17:42:10Z,2025-12-11,2025-W50,2025-12-08,2025-12,online,False claim to discredit,Sex work stereotypes,Other,,Świętokrzyskie,UA,Herself,30-49,Link and screenshot,LC-39112,verified,53.9,Post suggests a reception point in Kielce is used for sex work; no evidence given.
PL-000362,synthetic-demo,2025-12-11T18:28:02Z,2025-12-11,2025-W50,2025-12-08,2025-12,online,False claim to discredit,Abusing benefits / taking jobs,X,,Mazowieckie,UA,Someone she knows,18-29,Screenshot only,,verified,10.6,Meme claims Ukrainian women take jobs from Polish women while living on benefits.
PL-000363,synthetic-demo,2025-12-11T23:03:31Z,2025-12-11,2025-W50,2025-12-08,2025-12,online,Other (online),Other or unclear,TikTok,,Mazowieckie,PL,Ukrainian women as a group,13-17,Link and screenshot,LC-14943,needs more info,9.2,Post targets a Ukrainian woman activist with insults and false claims about her past.
PL-000364,synthetic-demo,2025-12-12T11:01:46Z,2025-12-12,2025-W50,2025-12-08,2025-12,online,Fabricated story,Abusing benefits / taking jobs,TikTok,,Wielkopolskie,PL,Ukrainian women as a group,Unknown,Link and screenshot,LC-82253,verified,28.1,Post claims Ukrainian women receive more benefits than Polish families; the figures are invented.
PL-000365,synthetic-demo,2025-12-12T12:10:59Z,2025-12-12,2025-W50,2025-12-08,2025-12,in-person,Unwanted sexual comments or propositions,None (in person),,School or university,Opolskie,PL,Herself,13-17,Description only,,verified,15.3,"Landlord made sexual comments and hinted rent could be ""paid another way""."
PL-000366,synthetic-demo,2025-12-12T16:28:59Z,2025-12-12,2025-W50,2025-12-08,2025-12,online,Sexualised content or stereotypes,Came to seduce / steal husbands,Telegram,,Śląskie,PL,Someone she knows,18-29,Link and screenshot,LC-38263,verified,16.4,"Comments under a local news story say Ukrainian women ""take"" Polish men and break up families."
PL-000367,synthetic-demo,2025-12-12T16:38:22Z,2025-12-12,2025-W50,2025-12-08,2025-12,in-person,Being followed or watched,None (in person),,Workplace,Łódzkie,PL,Herself,18-29,Description only,,verified,12.2,Man she did not know kept appearing near her building and watching the entrance.
PL-000368,synthetic-demo,2025-12-12T18:29:55Z,2025-12-12,2025-W50,2025-12-08,2025-12,in-person,Verbal harassment or insults,None (in person),,Street or public transport,Wielkopolskie,PL,Herself,30-49,Description only,,verified,44,Insulted by a customer at work after they heard her accent.
PL-000369,synthetic-demo,2025-12-13T07:00:35Z,2025-12-13,2025-W50,2025-12-08,2025-12,in-person,Verbal harassment or insults,None (in person),,Workplace,Mazowieckie,UA,Someone she knows,18-29,Description only,,verified,19.2,Shouted at on public transport in Warsaw for speaking Ukrainian.
PL-000370,synthetic-demo,2025-12-13T19:29:24Z,2025-12-13,2025-W50,2025-12-08,2025-12,in-person,Unwanted sexual comments or propositions,None (in person),,Street or public transport,Podkarpackie,PL,Herself,18-29,Description only,,rejected,28.9,"Landlord made sexual comments and hinted rent could be ""paid another way""."
PL-000371,synthetic-demo,2025-12-14T12:55:33Z,2025-12-14,2025-W50,2025-12-08,2025-12,online,"Fake job, housing or relationship offer",Fake offers (lures),Telegram,,Dolnośląskie,RU,Ukrainian women as a group,Unknown,Link only,LC-15491,verified,50.4,"Ad offers a well-paid hotel job with free housing and travel, and asks for a passport photo first."
PL-000372,synthetic-demo,2025-12-14T13:23:22Z,2025-12-14,2025-W50,2025-12-08,2025-12,in-person,Verbal harassment or insults,None (in person),,Workplace,Kujawsko-pomorskie,PL,Herself,18-29,Description only,,needs more info,31.3,Group of men called her names linked to her nationality in the street.
PL-000373,synthetic-demo,2025-12-14T15:36:45Z,2025-12-14,2025-W50,2025-12-08,2025-12,in-person,Other (in person),None (in person),,Community or religious place,Dolnośląskie,PL,Herself,30-49,Photo,,verified,41.7,Refused service and humiliated in a shop because she is Ukrainian.
PL-000374,synthetic-demo,2025-12-14T18:41:39Z,2025-12-14,2025-W50,2025-12-08,2025-12,online,Sexualised content or stereotypes,Sex work stereotypes,X,,Małopolskie,PL,Ukrainian women as a group,30-49,Screenshot only,,verified,5.5,"Meme describes Ukrainian women as ""easy"" and links this to the war; widely shared."
PL-000375,synthetic-demo,2025-12-15T05:31:34Z,2025-12-15,2025-W51,2025-12-15,2025-12,online,Sexualised content or stereotypes,Came to seduce / steal husbands,X,,Pomorskie,PL,Ukrainian women as a group,30-49,Link and screenshot,LC-40380,verified,8.4,"Comments under a local news story say Ukrainian women ""take"" Polish men and break up families."
PL-000376,synthetic-demo,2025-12-15T09:12:50Z,2025-12-15,2025-W51,2025-12-15,2025-12,in-person,Unwanted sexual comments or propositions,None (in person),,School or university,Mazowieckie,PL,Herself,18-29,Description only,,verified,54.5,"Stranger asked whether she was ""one of those Ukrainian girls"" and made sexual remarks."
PL-000377,synthetic-demo,2025-12-15T09:59:30Z,2025-12-15,2025-W51,2025-12-15,2025-12,online,Harassment or pile-on,Sex work stereotypes,X,,Małopolskie,PL,Ukrainian women as a group,18-29,Link only,LC-23358,verified,21.4,Comments call a Ukrainian woman a sex worker after she posted about her new job.
PL-000378,synthetic-demo,2025-12-15T13:36:04Z,2025-12-15,2025-W51,2025-12-15,2025-12,in-person,Verbal harassment or insults,None (in person),,School or university,Małopolskie,PL,Herself,18-29,Description only,,verified,5.6,Insulted by a customer at work after they heard her accent.
PL-000379,synthetic-demo,2025-12-15T14:27:37Z,2025-12-15,2025-W51,2025-12-15,2025-12,in-person,Unwanted sexual comments or propositions,None (in person),,Street or public transport,Lubelskie,PL,Someone she knows,18-29,Description only,,needs more info,9.3,"Stranger asked whether she was ""one of those Ukrainian girls"" and made sexual remarks."
PL-000380,synthetic-demo,2025-12-15T14:40:33Z,2025-12-15,2025-W51,2025-12-15,2025-12,online,Fabricated story,Abusing benefits / taking jobs,X,,Mazowieckie,PL,Ukrainian women as a group,Unknown,Screenshot only,,verified,41.6,Post says Ukrainian mothers abuse child benefits and take kindergarten places.
PL-000381,synthetic-demo,2025-12-15T14:54:23Z,2025-12-15,2025-W51,2025-12-15,2025-12,online,Fabricated story,Came to seduce / steal husbands,Facebook,,Lubuskie,PL,Ukrainian women as a group,Unknown,Link only,LC-17826,verified,16.4,Carousel post mocks Ukrainian women as only interested in men with money; many replies agree.
PL-000382,synthetic-demo,2025-12-15T18:58:07Z,2025-12-15,2025-W51,2025-12-15,2025-12,online,Sexualised content or stereotypes,Came to seduce / steal husbands,X,,Świętokrzyskie,UA,Someone she knows,18-29,Screenshot only,,verified,50.5,Short clip on X claims Ukrainian women come to Poland to find Polish husbands.
PL-000383,synthetic-demo,2025-12-16T06:08:16Z,2025-12-16,2025-W51,2025-12-15,2025-12,in-person,Unwanted sexual comments or propositions,None (in person),,Community or religious place,Warmińsko-mazurskie,PL,Herself,50+,Description only,,verified,15.8,"Man at her workplace made sexual comments and suggested she was ""available"" because she is Ukrainian."
PL-000384,synthetic-demo,2025-12-16T08:32:13Z,2025-12-16,2025-W51,2025-12-15,2025-12,online,Harassment or pile-on,Other or unclear,Instagram,,Mazowieckie,PL,Ukrainian women as a group,18-29,Screenshot only,,verified,18.4,Pile-on in the comments after a Ukrainian woman spoke about her work in local media.
PL-000385,synthetic-demo,2025-12-16T09:10:10Z,2025-12-16,2025-W51,2025-12-15,2025-12,in-person,Verbal harassment or insults,None (in person),,Community or religious place,Mazowieckie,PL,Someone she knows,Unknown,Description only,,verified,10.1,Group of men called her names linked to her nationality in the street.
PL-000386,synthetic-demo,2025-12-16T10:15:17Z,2025-12-16,2025-W51,2025-12-15,2025-12,online,Manipulated image or video,Available women / brides,TikTok,,Zachodniopomorskie,PL,Herself,13-17,Link and screenshot,LC-63318,verified,28.9,"Page advertises ""Ukrainian brides"" using photos that appear to be taken from a refugee support group."
PL-000387,synthetic-demo,2025-12-16T12:46:53Z,2025-12-16,2025-W51,2025-12-15,2025-12,online,Manipulated image or video,Stolen photos / fake profiles,TikTok,,Lubelskie,PL,Herself,18-29,Link only,LC-67648,verified,21.9,Edited photo puts a Ukrainian woman's face on a sexualised image; shared in a group.
PL-000388,synthetic-demo,2025-12-16T12:48:20Z,2025-12-16,2025-W51,2025-12-15,2025-12,online,Fabricated story,Criminal or dangerous,X,,Śląskie,PL,Herself,18-29,Screenshot only,,verified,15,Video claims Ukrainian women bring disease and crime; uses an unrelated photo.
PL-000389,synthetic-demo,2025-12-16T16:01:45Z,2025-12-16,2025-W51,2025-12-15,2025-12,online,Harassment or pile-on,Criminal or dangerous,Instagram,,Podkarpackie,PL,Ukrainian women as a group,13-17,Screenshot only,,verified,5.7,Carousel post claims Ukrainian women bring disease and crime; uses an unrelated photo.
PL-000390,synthetic-demo,2025-12-16T22:34:25Z,2025-12-16,2025-W51,2025-12-15,2025-12,online,Harassment or pile-on,Criminal or dangerous,X,,Lubelskie,PL,Ukrainian women as a group,Unknown,Screenshot only,,verified,4.8,Meme claims Ukrainian women run scams targeting elderly people; no source.
PL-000391,synthetic-demo,2025-12-17T07:48:52Z,2025-12-17,2025-W51,2025-12-15,2025-12,online,Sexualised content or stereotypes,Came to seduce / steal husbands,TikTok,,Mazowieckie,PL,Ukrainian women as a group,30-49,Screenshot only,,verified,17.7,Comment thread mocks Ukrainian women as only interested in men with money; many replies agree.
PL-000392,synthetic-demo,2025-12-17T09:57:39Z,2025-12-17,2025-W51,2025-12-15,2025-12,online,Fabricated story,Other or unclear,Facebook,,Podlaskie,UA,Herself,13-17,Description only,,verified,24.4,Pile-on in the comments after a Ukrainian woman spoke about her work in local media.
PL-000393,synthetic-demo,2025-12-17T10:56:27Z,2025-12-17,2025-W51,2025-12-15,2025-12,in-person,Rumours or lies spread about her,None (in person),,Workplace,Małopolskie,PL,Herself,Unknown,Photo,,needs more info,11.3,Neighbours spread a rumour that she came to Poland to find a husband.
PL-000394,synthetic-demo,2025-12-17T12:17:35Z,2025-12-17,2025-W51,2025-12-15,2025-12,online,"Fake job, housing or relationship offer",Fake offers (lures),Classifieds site,,Opolskie,RU,Ukrainian women as a group,30-49,Description only,,verified,35.3,"Offer of a massage salon job near Opole with pay far above normal, asks women to send full-length photos."
PL-000395,synthetic-demo,2025-12-17T13:02:45Z,2025-12-17,2025-W51,2025-12-15,2025-12,in-person,Threats or intimidation,None (in person),,Street or public transport,Śląskie,UA,Herself,18-29,Description only,,rejected,7.6,Former partner threatened to share private photos.
PL-000396,synthetic-demo,2025-12-17T13:17:25Z,2025-12-17,2025-W51,2025-12-15,2025-12,in-person,Verbal harassment or insults,None (in person),,Workplace,Pomorskie,PL,Someone she knows,18-29,Photo,,verified,9.5,Shouted at on public transport in Gdańsk for speaking Ukrainian.
PL-000397,synthetic-demo,2025-12-17T15:11:41Z,2025-12-17,2025-W51,2025-12-15,2025-12,online,Harassment or pile-on,Other or unclear,X,,Podkarpackie,PL,Ukrainian women as a group,Unknown,Screenshot only,,verified,22.6,Pile-on in the comments after a Ukrainian woman spoke about her work in local media.
PL-000398,synthetic-demo,2025-12-17T22:39:00Z,2025-12-17,2025-W51,2025-12-15,2025-12,online,Manipulated image or video,Stolen photos / fake profiles,TikTok,,Małopolskie,PL,Herself,Unknown,Link only,LC-77033,verified,42.1,Dating profile uses photos of a Ukrainian woman without her consent.
PL-000399,synthetic-demo,2025-12-18T08:53:00Z,2025-12-18,2025-W51,2025-12-15,2025-12,online,Fabricated story,Criminal or dangerous,TikTok,,Pomorskie,EN,Someone she knows,30-49,Link only,LC-22120,verified,60.6,Comment thread claims Ukrainian women run scams targeting elderly people; no source.
PL-000400,synthetic-demo,2025-12-18T18:13:14Z,2025-12-18,2025-W51,2025-12-15,2025-12,online,Sexualised content or stereotypes,Sex work stereotypes,Instagram,,Lubelskie,PL,Herself,18-29,Link only,LC-73382,verified,22.7,Post suggests a reception point in Lublin is used for sex work; no evidence given.
PL-000401,synthetic-demo,2025-12-18T20:24:17Z,2025-12-18,2025-W51,2025-12-15,2025-12,online,"Fake job, housing or relationship offer",Fake offers (lures),Telegram,,Pomorskie,UA,Ukrainian women as a group,Unknown,Link and screenshot,LC-41332,verified,34.6,"Message offers a free room to young Ukrainian women ""in exchange for help around the house""."
PL-000402,synthetic-demo,2025-12-18T20:59:58Z,2025-12-18,2025-W51,2025-12-15,2025-12,in-person,Verbal harassment or insults,None (in person),,Accommodation or housing,Śląskie,PL,Someone she knows,30-49,Description only,,needs more info,4.3,Shouted at on public transport in Katowice for speaking Ukrainian.
PL-000403,synthetic-demo,2025-12-19T08:56:42Z,2025-12-19,2025-W51,2025-12-15,2025-12,online,Harassment or pile-on,Came to seduce / steal husbands,Other,,Lubelskie,PL,Ukrainian women as a group,30-49,Screenshot only,,verified,17.2,"Comments under a local news story say Ukrainian women ""take"" Polish men and break up families."
PL-000404,synthetic-demo,2025-12-19T12:26:52Z,2025-12-19,2025-W51,2025-12-15,2025-12,online,Fabricated story,Criminal or dangerous,Facebook,,Śląskie,PL,Ukrainian women as a group,Unknown,Link only,LC-59761,verified,11.9,Post claims Ukrainian women run scams targeting elderly people; no source.
PL-000405,synthetic-demo,2025-12-19T12:32:31Z,2025-12-19,2025-W51,2025-12-15,2025-12,online,Manipulated image or video,Criminal or dangerous,Instagram,,Pomorskie,PL,Herself,18-29,Description only,,verified,12.9,Carousel post claims Ukrainian women run scams targeting elderly people; no source.
PL-000406,synthetic-demo,2025-12-19T12:41:31Z,2025-12-19,2025-W51,2025-12-15,2025-12,online,False claim to discredit,Abusing benefits / taking jobs,Facebook,,Małopolskie,PL,Someone she knows,18-29,Link and screenshot,LC-34741,verified,18,Comment thread claims Ukrainian women take jobs from Polish women while living on benefits.
PL-000407,synthetic-demo,2025-12-19T13:25:20Z,2025-12-19,2025-W51,2025-12-15,2025-12,online,Sexualised content or stereotypes,Available women / brides,TikTok,,Małopolskie,PL,Ukrainian women as a group,Unknown,Link and screenshot,LC-52949,verified,15.5,"Page advertises ""Ukrainian brides"" using photos that appear to be taken from a refugee support group."
PL-000408,synthetic-demo,2025-12-19T14:26:46Z,2025-12-19,2025-W51,2025-12-15,2025-12,online,Doxxing or exposure,Sex work stereotypes,Facebook,,Podlaskie,PL,Herself,18-29,Link and screenshot,LC-56724,rejected,15.2,Carousel post claims Ukrainian women arriving in Poland mostly work in the sex industry.
PL-000409,synthetic-demo,2025-12-19T15:06:13Z,2025-12-19,2025-W51,2025-12-15,2025-12,online,Manipulated image or video,Stolen photos / fake profiles,TikTok,,Śląskie,PL,Herself,30-49,Link only,LC-42219,verified,37.6,Photos from a Ukrainian woman's private account reposted on a page with sexual captions.
PL-000410,synthetic-demo,2025-12-19T17:51:16Z,2025-12-19,2025-W51,2025-12-15,2025-12,in-person,Other (in person),None (in person),,School or university,Dolnośląskie,PL,Someone she knows,30-49,Description only,,verified,7.8,Refused service and humiliated in a shop because she is Ukrainian.
PL-000411,synthetic-demo,2025-12-19T18:36:43Z,2025-12-19,2025-W51,2025-12-15,2025-12,in-person,Verbal harassment or insults,None (in person),,Street or public transport,Wielkopolskie,PL,Herself,18-29,Description only,,verified,19.2,Shouted at on public transport in Poznań for speaking Ukrainian.
PL-000412,synthetic-demo,2025-12-19T21:23:12Z,2025-12-19,2025-W51,2025-12-15,2025-12,online,Fabricated story,Abusing benefits / taking jobs,X,,Małopolskie,PL,Herself,30-49,Link and screenshot,LC-28495,verified,17.3,"Chart with false numbers about benefits paid to Ukrainian women, shared as if official."
PL-000413,synthetic-demo,2025-12-20T15:47:31Z,2025-12-20,2025-W51,2025-12-15,2025-12,in-person,Rumours or lies spread about her,None (in person),,School or university,Mazowieckie,PL,Herself,18-29,Description only,,verified,27.3,Neighbours spread a rumour that she came to Poland to find a husband.
PL-000414,synthetic-demo,2025-12-21T12:55:28Z,2025-12-21,2025-W51,2025-12-15,2025-12,in-person,Threats or intimidation,None (in person),,School or university,Wielkopolskie,PL,Herself,30-49,Photo,,verified,8.2,Former partner threatened to share private photos.
PL-000415,synthetic-demo,2025-12-21T16:16:53Z,2025-12-21,2025-W51,2025-12-15,2025-12,online,Doxxing or exposure,Stolen photos / fake profiles,Telegram,,Podkarpackie,PL,Herself,18-29,Description only,,verified,18.5,Fake account copies a woman's profile photos and messages men pretending to be her.
PL-000416,synthetic-demo,2025-12-21T19:16:52Z,2025-12-21,2025-W51,2025-12-15,2025-12,online,Harassment or pile-on,Criminal or dangerous,Instagram,,Podlaskie,UA,Ukrainian women as a group,50+,Link and screenshot,LC-62616,pending,,Fabricated story says a Ukrainian woman stole from her employer; the photo is from another country.
PL-000417,synthetic-demo,2025-12-22T03:00:46Z,2025-12-22,2025-W52,2025-12-22,2025-12,in-person,Verbal harassment or insults,None (in person),,Street or public transport,Kujawsko-pomorskie,PL,Someone she knows,18-29,Description only,,verified,60.8,Insulted by a customer at work after they heard her accent.
PL-000418,synthetic-demo,2025-12-22T12:13:23Z,2025-12-22,2025-W52,2025-12-22,2025-12,online,Sexualised content or stereotypes,Available women / brides,Instagram,,Podkarpackie,PL,Ukrainian women as a group,Unknown,Link only,LC-98124,verified,4,"Short clip ranks Ukrainian women by appearance and invites men to ""choose one""."
PL-000419,synthetic-demo,2025-12-22T12:21:49Z,2025-12-22,2025-W52,2025-12-22,2025-12,in-person,Unwanted sexual comments or propositions,None (in person),,Workplace,Śląskie,UA,Herself,18-29,Description only,,verified,10.6,"Landlord made sexual comments and hinted rent could be ""paid another way""."
PL-000420,synthetic-demo,2025-12-22T13:11:47Z,2025-12-22,2025-W52,2025-12-22,2025-12,in-person,Rumours or lies spread about her,None (in person),,Workplace,Warmińsko-mazurskie,PL,Herself,30-49,Description only,,verified,8.4,Neighbours spread a rumour that she came to Poland to find a husband.
PL-000421,synthetic-demo,2025-12-22T13:44:16Z,2025-12-22,2025-W52,2025-12-22,2025-12,online,Sexualised content or stereotypes,Sex work stereotypes,Instagram,,Dolnośląskie,UA,Ukrainian women as a group,Unknown,Screenshot only,,verified,10.3,"Meme describes Ukrainian women as ""easy"" and links this to the war; widely shared."
PL-000422,synthetic-demo,2025-12-22T16:40:31Z,2025-12-22,2025-W52,2025-12-22,2025-12,online,Fabricated story,Criminal or dangerous,Telegram,,Mazowieckie,UA,Herself,18-29,Screenshot only,,rejected,57.5,Old crime story from another country reshared as if it happened in Warsaw with a Ukrainian woman.
PL-000423,synthetic-demo,2025-12-22T19:17:03Z,2025-12-22,2025-W52,2025-12-22,2025-12,online,Harassment or pile-on,Other or unclear,TikTok,,Dolnośląskie,PL,Ukrainian women as a group,Unknown,Link and screenshot,LC-90255,pending,,Her home area and phone number were posted in a hostile group.
PL-000424,synthetic-demo,2025-12-23T10:35:00Z,2025-12-23,2025-W52,2025-12-22,2025-12,online,Manipulated image or video,Criminal or dangerous,Telegram,,Warmińsko-mazurskie,RU,Herself,13-17,Screenshot only,,verified,59.1,Fabricated story says a Ukrainian woman stole from her employer; the photo is from another country.
PL-000425,synthetic-demo,2025-12-23T14:02:21Z,2025-12-23,2025-W52,2025-12-22,2025-12,online,Fabricated story,Criminal or dangerous,Other,,Małopolskie,PL,Ukrainian women as a group,Unknown,Screenshot only,,verified,7.5,Post claims Ukrainian women bring disease and crime; uses an unrelated photo.
PL-000426,synthetic-demo,2025-12-23T15:26:43Z,2025-12-23,2025-W52,2025-12-22,2025-12,in-person,Being followed or watched,None (in person),,School or university,Dolnośląskie,PL,Herself,30-49,Description only,,verified,13.2,Followed from the bus stop to her accommodation twice in one week.
PL-000427,synthetic-demo,2025-12-23T17:58:39Z,2025-12-23,2025-W52,2025-12-22,2025-12,in-person,Being followed or watched,None (in person),,Accommodation or housing,Śląskie,UA,Herself,30-49,Description only,,verified,30.3,Man she did not know kept appearing near her building and watching the entrance.
PL-000428,synthetic-demo,2025-12-23T20:29:01Z,2025-12-23,2025-W52,2025-12-22,2025-12,in-person,Being followed or watched,None (in person),,Community or religious place,Mazowieckie,PL,Herself,18-29,Description only,,verified,15.8,Man she did not know kept appearing near her building and watching the entrance.
PL-000429,synthetic-demo,2025-12-23T20:45:01Z,2025-12-23,2025-W52,2025-12-22,2025-12,in-person,Verbal harassment or insults,None (in person),,School or university,Mazowieckie,PL,Herself,30-49,Description only,,verified,16.9,Group of men called her names linked to her nationality in the street.
PL-000430,synthetic-demo,2025-12-23T23:58:16Z,2025-12-23,2025-W52,2025-12-22,2025-12,online,"Fake job, housing or relationship offer",Fake offers (lures),Classifieds site,,Śląskie,RU,Ukrainian women as a group,Unknown,Description only,,rejected,8.4,"Ad for model work abroad through Poland, no company name, contact by private chat only."
PL-000431,synthetic-demo,2025-12-24T11:34:22Z,2025-12-24,2025-W52,2025-12-22,2025-12,online,"Fake job, housing or relationship offer",Fake offers (lures),Telegram,,Mazowieckie,UA,Herself,Unknown,Link only,LC-70148,verified,18.5,"Ad offers a well-paid nanny job with free housing and travel, and asks for a passport photo first."
PL-000432,synthetic-demo,2025-12-24T12:58:12Z,2025-12-24,2025-W52,2025-12-22,2025-12,in-person,Rumours or lies spread about her,None (in person),,Street or public transport,Mazowieckie,PL,Herself,18-29,Photo,,verified,35.6,Colleagues told others she got her job through a relationship with the manager.
PL-000433,synthetic-demo,2025-12-24T13:56:16Z,2025-12-24,2025-W52,2025-12-22,2025-12,online,"Fake job, housing or relationship offer",Fake offers (lures),Classifieds site,,Wielkopolskie,RU,Herself,18-29,Link and screenshot,LC-71683,verified,8.2,"Offer of a hostess job near Poznań with pay far above normal, asks women to send full-length photos."
PL-000434,synthetic-demo,2025-12-24T14:23:34Z,2025-12-24,2025-W52,2025-12-22,2025-12,in-person,Rumours or lies spread about her,None (in person),,Accommodation or housing,Podlaskie,RU,Herself,18-29,Description only,,needs more info,7.9,Neighbours spread a rumour that she came to Poland to find a husband.
PL-000435,synthetic-demo,2025-12-24T18:16:36Z,2025-12-24,2025-W52,2025-12-22,2025-12,in-person,Verbal harassment or insults,None (in person),,Street or public transport,Mazowieckie,PL,Herself,50+,Description only,,verified,14.4,Group of men called her names linked to her nationality in the street.
PL-000436,synthetic-demo,2025-12-24T19:16:06Z,2025-12-24,2025-W52,2025-12-22,2025-12,online,Sexualised content or stereotypes,Came to seduce / steal husbands,TikTok,,Małopolskie,PL,Public figure,18-29,Link only,LC-64170,verified,26.6,Meme uses a sexualised stereotype of Ukrainian women to joke about Polish wives.
PL-000437,synthetic-demo,2025-12-24T22:28:07Z,2025-12-24,2025-W52,2025-12-22,2025-12,online,Sexualised content or stereotypes,Available women / brides,Instagram,,Wielkopolskie,PL,Public figure,30-49,Link only,LC-36193,verified,15.1,"Account shares sexualised images captioned as Ukrainian women ""looking for a husband""."
PL-000438,synthetic-demo,2025-12-24T22:51:16Z,2025-12-24,2025-W52,2025-12-22,2025-12,online,Other (online),Other or unclear,X,,Dolnośląskie,PL,Ukrainian women as a group,18-29,Link and screenshot,LC-51969,verified,15.3,Hostile messages sent to several Ukrainian women in a local community group.
PL-000439,synthetic-demo,2025-12-25T15:40:39Z,2025-12-25,2025-W52,2025-12-22,2025-12,online,Manipulated image or video,Stolen photos / fake profiles,Facebook,,Dolnośląskie,PL,Someone she knows,30-49,Link and screenshot,LC-28974,needs more info,29.6,Fake account copies a woman's profile photos and messages men pretending to be her.
PL-000440,synthetic-demo,2025-12-25T16:32:26Z,2025-12-25,2025-W52,2025-12-22,2025-12,online,Harassment or pile-on,Other or unclear,X,,Zachodniopomorskie,PL,Herself,30-49,Link only,LC-71130,rejected,35.4,Comment thread targets a Ukrainian woman activist with insults and false claims about her past.
PL-000441,synthetic-demo,2025-12-25T16:33:25Z,2025-12-25,2025-W52,2025-12-22,2025-12,online,Sexualised content or stereotypes,Came to seduce / steal husbands,TikTok,,Podkarpackie,EN,Public figure,18-29,Link and screenshot,LC-12887,verified,17.4,Post mocks Ukrainian women as only interested in men with money; many replies agree.
PL-000442,synthetic-demo,2025-12-25T16:39:16Z,2025-12-25,2025-W52,2025-12-22,2025-12,online,Harassment or pile-on,Came to seduce / steal husbands,X,,Zachodniopomorskie,PL,Ukrainian women as a group,18-29,Link only,LC-65188,verified,6,Carousel post on X claims Ukrainian women come to Poland to find Polish husbands.
PL-000443,synthetic-demo,2025-12-25T22:20:31Z,2025-12-25,2025-W52,2025-12-22,2025-12,online,Fabricated story,Came to seduce / steal husbands,TikTok,,Mazowieckie,PL,Public figure,13-17,Link and screenshot,LC-44625,verified,14.8,Comment thread uses a sexualised stereotype of Ukrainian women to joke about Polish wives.
PL-000444,synthetic-demo,2025-12-25T22:30:33Z,2025-12-25,2025-W52,2025-12-22,2025-12,in-person,Verbal harassment or insults,None (in person),,Accommodation or housing,Dolnośląskie,RU,Herself,18-29,Description only,,verified,7.4,Insulted by a customer at work after they heard her accent.
PL-000445,synthetic-demo,2025-12-26T13:16:44Z,2025-12-26,2025-W52,2025-12-22,2025-12,online,Doxxing or exposure,Sex work stereotypes,Telegram,,Mazowieckie,RU,Someone she knows,Unknown,Screenshot only,,verified,12.5,Post suggests a reception point in Warsaw is used for sex work; no evidence given.
PL-000446,synthetic-demo,2025-12-26T13:49:11Z,2025-12-26,2025-W52,2025-12-22,2025-12,online,Harassment or pile-on,Came to seduce / steal husbands,X,,Lubelskie,UA,Herself,18-29,Link only,LC-51883,verified,9.5,Comment thread mocks Ukrainian women as only interested in men with money; many replies agree.
PL-000447,synthetic-demo,2025-12-26T16:29:07Z,2025-12-26,2025-W52,2025-12-22,2025-12,in-person,Other (in person),None (in person),,School or university,Lubelskie,PL,Herself,30-49,Description only,,rejected,38.8,Treated in a degrading way at an office when asking for help.
PL-000448,synthetic-demo,2025-12-26T17:28:56Z,2025-12-26,2025-W52,2025-12-22,2025-12,in-person,Verbal harassment or insults,None (in person),,Street or public transport,Dolnośląskie,PL,Someone she knows,30-49,Description only,,verified,8.2,Group of men called her names linked to her nationality in the street.
PL-000449,synthetic-demo,2025-12-26T23:58:33Z,2025-12-26,2025-W52,2025-12-22,2025-12,in-person,Other (in person),None (in person),,Other,Mazowieckie,UA,Herself,Unknown,Description only,,rejected,56.5,Treated in a degrading way at an office when asking for help.
PL-000450,synthetic-demo,2025-12-27T16:48:29Z,2025-12-27,2025-W52,2025-12-22,2025-12,online,False claim to discredit,Abusing benefits / taking jobs,X,,Pomorskie,EN,Herself,50+,Link and screenshot,LC-88414,verified,28.1,Post claims Ukrainian women receive more benefits than Polish families; the figures are invented.
PL-000451,synthetic-demo,2025-12-28T04:39:55Z,2025-12-28,2025-W52,2025-12-22,2025-12,online,Harassment or pile-on,Came to seduce / steal husbands,TikTok,,Śląskie,PL,Public figure,18-29,Description only,,needs more info,7.9,Post mocks Ukrainian women as only interested in men with money; many replies agree.
PL-000452,synthetic-demo,2025-12-28T13:54:59Z,2025-12-28,2025-W52,2025-12-22,2025-12,online,False claim to discredit,Abusing benefits / taking jobs,TikTok,,Pomorskie,PL,Someone she knows,30-49,Link and screenshot,LC-34841,needs more info,6.6,"Chart with false numbers about benefits paid to Ukrainian women, shared as if official."
PL-000453,synthetic-demo,2025-12-28T14:07:54Z,2025-12-28,2025-W52,2025-12-22,2025-12,in-person,Threats or intimidation,None (in person),,Community or religious place,Świętokrzyskie,PL,Herself,18-29,Description only,,verified,58.5,Employer threatened to report her to the authorities if she complained about pay.
PL-000454,synthetic-demo,2025-12-28T15:30:01Z,2025-12-28,2025-W52,2025-12-22,2025-12,online,Sexualised content or stereotypes,Available women / brides,X,,Mazowieckie,PL,Herself,Unknown,Link and screenshot,LC-23734,verified,14.9,"Page advertises ""Ukrainian brides"" using photos that appear to be taken from a refugee support group."
PL-000455,synthetic-demo,2025-12-28T15:34:26Z,2025-12-28,2025-W52,2025-12-22,2025-12,online,False claim to discredit,Abusing benefits / taking jobs,X,,Podlaskie,PL,Ukrainian women as a group,30-49,Link only,LC-41813,verified,17.9,Post claims Ukrainian women receive more benefits than Polish families; the figures are invented.
PL-000456,synthetic-demo,2025-12-28T16:04:57Z,2025-12-28,2025-W52,2025-12-22,2025-12,online,Sexualised content or stereotypes,Came to seduce / steal husbands,Instagram,,Małopolskie,PL,Public figure,30-49,Screenshot only,,verified,17.4,Short clip uses a sexualised stereotype of Ukrainian women to joke about Polish wives.
PL-000457,synthetic-demo,2025-12-28T16:46:24Z,2025-12-28,2025-W52,2025-12-22,2025-12,online,Sexualised content or stereotypes,Available women / brides,TikTok,,Dolnośląskie,PL,Someone she knows,30-49,Description only,,rejected,17.9,"Account shares sexualised images captioned as Ukrainian women ""looking for a husband""."
PL-000458,synthetic-demo,2025-12-28T19:25:35Z,2025-12-28,2025-W52,2025-12-22,2025-12,online,"Fake job, housing or relationship offer",Fake offers (lures),WhatsApp,,Wielkopolskie,PL,Ukrainian women as a group,18-29,Description only,,needs more info,8.1,"Offer of a cleaning job near Poznań with pay far above normal, asks women to send full-length photos."
PL-000459,synthetic-demo,2025-12-28T20:16:39Z,2025-12-28,2025-W52,2025-12-22,2025-12,online,Sexualised content or stereotypes,Came to seduce / steal husbands,Facebook,,Opolskie,PL,Herself,18-29,Screenshot only,,verified,10.8,Short clip mocks Ukrainian women as only interested in men with money; many replies agree.
PL-000460,synthetic-demo,2025-12-29T06:40:25Z,2025-12-29,2026-W01,2025-12-29,2025-12,online,Sexualised content or stereotypes,Available women / brides,Instagram,,Lubelskie,RU,Ukrainian women as a group,18-29,Description only,,rejected,39.9,"Account shares sexualised images captioned as Ukrainian women ""looking for a husband""."
PL-000461,synthetic-demo,2025-12-29T07:52:13Z,2025-12-29,2026-W01,2025-12-29,2025-12,online,False claim to discredit,Sex work stereotypes,Facebook,,Lubuskie,PL,Public figure,18-29,Link only,LC-67165,verified,5.7,Post suggests a reception point in Zielona Góra is used for sex work; no evidence given.
PL-000462,synthetic-demo,2025-12-29T10:59:31Z,2025-12-29,2026-W01,2025-12-29,2025-12,in-person,Verbal harassment or insults,None (in person),,Accommodation or housing,Śląskie,PL,Herself,18-29,Description only,,pending,,Group of men called her names linked to her nationality in the street.
PL-000463,synthetic-demo,2025-12-29T16:10:36Z,2025-12-29,2026-W01,2025-12-29,2025-12,online,Sexualised content or stereotypes,Came to seduce / steal husbands,Telegram,,Dolnośląskie,RU,Public figure,Unknown,Description only,,needs more info,30,Video on Telegram claims Ukrainian women come to Poland to find Polish husbands.
PL-000464,synthetic-demo,2025-12-29T17:09:16Z,2025-12-29,2026-W01,2025-12-29,2025-12,in-person,Verbal harassment or insults,None (in person),,Street or public transport,Mazowieckie,PL,Herself,18-29,Description only,,needs more info,21.7,Insulted by a customer at work after they heard her accent.
PL-000465,synthetic-demo,2025-12-29T21:15:18Z,2025-12-29,2026-W01,2025-12-29,2025-12,online,Sexualised content or stereotypes,Available women / brides,X,,Pomorskie,PL,Ukrainian women as a group,Unknown,Link and screenshot,LC-39393,verified,22.5,"Carousel post ranks Ukrainian women by appearance and invites men to ""choose one""."
PL-000466,synthetic-demo,2025-12-29T23:58:33Z,2025-12-29,2026-W01,2025-12-29,2025-12,online,Fabricated story,Abusing benefits / taking jobs,Other,,Dolnośląskie,PL,Ukrainian women as a group,18-29,Screenshot only,,verified,11,Carousel post claims Ukrainian women take jobs from Polish women while living on benefits.
PL-000467,synthetic-demo,2025-12-30T04:27:41Z,2025-12-30,2026-W01,2025-12-29,2025-12,in-person,Verbal harassment or insults,None (in person),,Street or public transport,Lubelskie,RU,Herself,18-29,Description only,,rejected,20.7,Shouted at on public transport in Lublin for speaking Ukrainian.
PL-000468,synthetic-demo,2025-12-30T10:23:13Z,2025-12-30,2026-W01,2025-12-29,2025-12,in-person,Verbal harassment or insults,None (in person),,Workplace,Podkarpackie,PL,Herself,30-49,Description only,,needs more info,4.4,Shouted at on public transport in Rzeszów for speaking Ukrainian.
PL-000469,synthetic-demo,2025-12-30T11:26:18Z,2025-12-30,2026-W01,2025-12-29,2025-12,online,Sexualised content or stereotypes,Available women / brides,Other,,Lubelskie,PL,Herself,Unknown,Screenshot only,,verified,8.8,Post presents Ukrainian women as available for dating in exchange for help with housing.
PL-000470,synthetic-demo,2025-12-30T11:43:44Z,2025-12-30,2026-W01,2025-12-29,2025-12,online,Sexualised content or stereotypes,Available women / brides,Telegram,,Lubelskie,RU,Someone she knows,50+,Screenshot only,,verified,13.8,"Page advertises ""Ukrainian brides"" using photos that appear to be taken from a refugee support group."
PL-000471,synthetic-demo,2025-12-30T17:33:38Z,2025-12-30,2026-W01,2025-12-29,2025-12,online,Manipulated image or video,Criminal or dangerous,Instagram,,Wielkopolskie,PL,Ukrainian women as a group,Unknown,Link only,LC-95232,rejected,21.1,Carousel post claims Ukrainian women bring disease and crime; uses an unrelated photo.
PL-000472,synthetic-demo,2025-12-30T17:50:25Z,2025-12-30,2026-W01,2025-12-29,2025-12,online,"Fake job, housing or relationship offer",Fake offers (lures),Classifieds site,,Śląskie,UA,Herself,Unknown,Link and screenshot,LC-90095,verified,14,"Offer of a massage salon job near Katowice with pay far above normal, asks women to send full-length photos."
PL-000473,synthetic-demo,2025-12-30T20:59:27Z,2025-12-30,2026-W01,2025-12-29,2025-12,online,Fabricated story,Abusing benefits / taking jobs,X,,Małopolskie,UA,Someone she knows,30-49,Link only,LC-93145,verified,28,"Chart with false numbers about benefits paid to Ukrainian women, shared as if official."
PL-000474,synthetic-demo,2025-12-31T12:03:59Z,2025-12-31,2026-W01,2025-12-29,2025-12,online,Harassment or pile-on,Abusing benefits / taking jobs,Instagram,,Mazowieckie,PL,Herself,18-29,Screenshot only,,verified,4.9,Video says Ukrainian mothers abuse child benefits and take kindergarten places.
PL-000475,synthetic-demo,2025-12-31T13:20:31Z,2025-12-31,2026-W01,2025-12-29,2025-12,online,Sexualised content or stereotypes,Sex work stereotypes,Facebook,,Małopolskie,PL,Ukrainian women as a group,18-29,Screenshot only,,verified,40.3,Comments call a Ukrainian woman a sex worker after she posted about her new job.
PL-000476,synthetic-demo,2025-12-31T14:10:05Z,2025-12-31,2026-W01,2025-12-29,2025-12,in-person,Verbal harassment or insults,None (in person),,Accommodation or housing,Wielkopolskie,RU,Someone she knows,18-29,Photo,,verified,6.8,Insulted by a customer at work after they heard her accent.
PL-000477,synthetic-demo,2025-12-31T15:32:32Z,2025-12-31,2026-W01,2025-12-29,2025-12,online,Fabricated story,Criminal or dangerous,TikTok,,Mazowieckie,PL,Ukrainian women as a group,Unknown,Description only,,verified,14.4,Comment thread claims Ukrainian women bring disease and crime; uses an unrelated photo.
PL-000478,synthetic-demo,2025-12-31T16:18:26Z,2025-12-31,2026-W01,2025-12-29,2025-12,in-person,Verbal harassment or insults,None (in person),,Other,Warmińsko-mazurskie,PL,Someone she knows,30-49,Description only,,needs more info,9.5,Insulted by a customer at work after they heard her accent.
PL-000479,synthetic-demo,2025-12-31T16:36:47Z,2025-12-31,2026-W01,2025-12-29,2025-12,in-person,Unwanted sexual comments or propositions,None (in person),,Workplace,Lubuskie,PL,Herself,18-29,Description only,,verified,16.2,"Landlord made sexual comments and hinted rent could be ""paid another way""."
PL-000480,synthetic-demo,2025-12-31T17:18:58Z,2025-12-31,2026-W01,2025-12-29,2025-12,online,"Fake job, housing or relationship offer",Fake offers (lures),Classifieds site,,Zachodniopomorskie,UA,Ukrainian women as a group,Unknown,Description only,,verified,21.2,"Post offers help finding a ""sponsor"" for women who have just arrived."
PL-000481,synthetic-demo,2025-12-31T18:06:18Z,2025-12-31,2026-W01,2025-12-29,2025-12,online,Sexualised content or stereotypes,Came to seduce / steal husbands,X,,Podkarpackie,PL,Public figure,50+,Link only,LC-21127,verified,4.1,Video on X claims Ukrainian women come to Poland to find Polish husbands.
PL-000482,synthetic-demo,2025-12-31T18:20:39Z,2025-12-31,2026-W01,2025-12-29,2025-12,online,Manipulated image or video,Stolen photos / fake profiles,Telegram,,Podkarpackie,UA,Herself,18-29,Link and screenshot,LC-22942,verified,8,Edited photo puts a Ukrainian woman's face on a sexualised image; shared in a group.
PL-000483,synthetic-demo,2025-12-31T20:12:54Z,2025-12-31,2026-W01,2025-12-29,2025-12,in-person,Rumours or lies spread about her,None (in person),,Shop or service,Małopolskie,PL,Herself,30-49,Description only,,needs more info,13.2,Neighbours spread a rumour that she came to Poland to find a husband.
PL-000484,synthetic-demo,2025-12-31T23:58:33Z,2025-12-31,2026-W01,2025-12-29,2025-12,in-person,Physical or sexual violence,None (in person),,Other,Kujawsko-pomorskie,UA,Herself,Unknown,Description only,,verified,28.8,Grabbed by a man in the street after refusing to talk to him.
PL-000485,synthetic-demo,2025-12-31T23:58:33Z,2025-12-31,2026-W01,2025-12-29,2025-12,online,Manipulated image or video,Stolen photos / fake profiles,Instagram,,Małopolskie,UA,Herself,18-29,Screenshot only,,verified,5,Dating profile uses photos of a Ukrainian woman without her consent.
PL-000486,synthetic-demo,2025-12-31T23:58:33Z,2025-12-31,2026-W01,2025-12-29,2025-12,online,Sexualised content or stereotypes,Came to seduce / steal husbands,X,,Wielkopolskie,PL,Ukrainian women as a group,30-49,Link only,LC-14777,rejected,14.8,Short clip uses a sexualised stereotype of Ukrainian women to joke about Polish wives.
PL-000487,synthetic-demo,2026-01-01T12:57:25Z,2026-01-01,2026-W01,2025-12-29,2026-01,in-person,Verbal harassment or insults,None (in person),,Shop or service,Mazowieckie,PL,Someone she knows,30-49,Description only,,verified,50.9,Shouted at on public transport in Warsaw for speaking Ukrainian.
PL-000488,synthetic-demo,2026-01-01T17:42:16Z,2026-01-01,2026-W01,2025-12-29,2026-01,in-person,Unwanted sexual comments or propositions,None (in person),,Other,Śląskie,PL,Herself,13-17,Description only,,rejected,20.3,"Stranger asked whether she was ""one of those Ukrainian girls"" and made sexual remarks."
PL-000489,synthetic-demo,2026-01-01T23:13:32Z,2026-01-01,2026-W01,2025-12-29,2026-01,in-person,Threats or intimidation,None (in person),,Workplace,Lubelskie,UA,Herself,Unknown,Description only,,verified,92.1,Former partner threatened to share private photos.
PL-000490,synthetic-demo,2026-01-02T11:23:37Z,2026-01-02,2026-W01,2025-12-29,2026-01,in-person,Threats or intimidation,None (in person),,Street or public transport,Śląskie,PL,Herself,30-49,Description only,,verified,29.3,Employer threatened to report her to the authorities if she complained about pay.
PL-000491,synthetic-demo,2026-01-02T11:38:43Z,2026-01-02,2026-W01,2025-12-29,2026-01,online,Sexualised content or stereotypes,Came to seduce / steal husbands,X,,Podkarpackie,PL,Ukrainian women as a group,Unknown,Link and screenshot,LC-52474,verified,16,Meme mocks Ukrainian women as only interested in men with money; many replies agree.
PL-000492,synthetic-demo,2026-01-02T11:46:09Z,2026-01-02,2026-W01,2025-12-29,2026-01,online,Sexualised content or stereotypes,Available women / brides,TikTok,,Kujawsko-pomorskie,PL,Herself,30-49,Link only,LC-31524,verified,17.4,"Account shares sexualised images captioned as Ukrainian women ""looking for a husband""."
PL-000493,synthetic-demo,2026-01-02T13:27:59Z,2026-01-02,2026-W01,2025-12-29,2026-01,in-person,Verbal harassment or insults,None (in person),,Street or public transport,Małopolskie,PL,Herself,Unknown,Description only,,verified,10.7,Shouted at on public transport in Kraków for speaking Ukrainian.
PL-000494,synthetic-demo,2026-01-02T15:45:22Z,2026-01-02,2026-W01,2025-12-29,2026-01,online,False claim to discredit,Abusing benefits / taking jobs,Other,,Małopolskie,EN,Public figure,18-29,Link only,LC-20245,verified,54.9,"Chart with false numbers about benefits paid to Ukrainian women, shared as if official."
PL-000495,synthetic-demo,2026-01-02T16:06:28Z,2026-01-02,2026-W01,2025-12-29,2026-01,online,Manipulated image or video,Criminal or dangerous,X,,Małopolskie,PL,Herself,30-49,Link only,LC-59273,verified,9.9,Comment thread claims Ukrainian women bring disease and crime; uses an unrelated photo.
PL-000496,synthetic-demo,2026-01-02T23:58:33Z,2026-01-02,2026-W01,2025-12-29,2026-01,in-person,Unwanted sexual comments or propositions,None (in person),,Street or public transport,Lubuskie,PL,Herself,30-49,Description only,,rejected,34.2,"Man at her workplace made sexual comments and suggested she was ""available"" because she is Ukrainian."
PL-000497,synthetic-demo,2026-01-02T23:58:33Z,2026-01-02,2026-W01,2025-12-29,2026-01,online,Fabricated story,Came to seduce / steal husbands,Facebook,,Warmińsko-mazurskie,PL,Public figure,18-29,Link and screenshot,LC-14229,verified,2.2,Comment thread uses a sexualised stereotype of Ukrainian women to joke about Polish wives.
PL-000498,synthetic-demo,2026-01-04T09:23:47Z,2026-01-04,2026-W01,2025-12-29,2026-01,online,Manipulated image or video,Available women / brides,Instagram,,Dolnośląskie,PL,Ukrainian women as a group,Unknown,Link and screenshot,LC-24695,verified,14,"Carousel post ranks Ukrainian women by appearance and invites men to ""choose one""."
PL-000499,synthetic-demo,2026-01-04T11:29:19Z,2026-01-04,2026-W01,2025-12-29,2026-01,online,False claim to discredit,Sex work stereotypes,Facebook,,Podlaskie,PL,Public figure,18-29,Description only,,verified,52.2,"Comment thread describes Ukrainian women as ""easy"" and links this to the war; widely shared."
PL-000500,synthetic-demo,2026-01-04T16:35:34Z,2026-01-04,2026-W01,2025-12-29,2026-01,online,"Fake job, housing or relationship offer",Fake offers (lures),Telegram,,Mazowieckie,UA,Herself,18-29,Link only,LC-72674,verified,37.6,"Message offers a free room to young Ukrainian women ""in exchange for help around the house""."
PL-000501,synthetic-demo,2026-01-04T17:48:27Z,2026-01-04,2026-W01,2025-12-29,2026-01,online,Sexualised content or stereotypes,Sex work stereotypes,TikTok,,Świętokrzyskie,PL,Herself,Unknown,Screenshot only,,verified,10,Comment thread claims Ukrainian women arriving in Poland mostly work in the sex industry.
PL-000502,synthetic-demo,2026-01-04T19:00:45Z,2026-01-04,2026-W01,2025-12-29,2026-01,online,False claim to discredit,Sex work stereotypes,X,,Wielkopolskie,UA,Someone she knows,30-49,Screenshot only,,verified,6.3,Comments call a Ukrainian woman a sex worker after she posted about her new job.
PL-000503,synthetic-demo,2026-01-04T22:55:07Z,2026-01-04,2026-W01,2025-12-29,2026-01,online,Doxxing or exposure,Other or unclear,X,,Podkarpackie,PL,Herself,30-49,Screenshot only,,needs more info,16.2,Her home area and phone number were posted in a hostile group.
PL-000504,synthetic-demo,2026-01-05T13:21:03Z,2026-01-05,2026-W02,2026-01-05,2026-01,online,Sexualised content or stereotypes,Sex work stereotypes,Instagram,,Wielkopolskie,PL,Someone she knows,30-49,Screenshot only,,needs more info,6.4,Short clip claims Ukrainian women arriving in Poland mostly work in the sex industry.
PL-000505,synthetic-demo,2026-01-05T14:20:16Z,2026-01-05,2026-W02,2026-01-05,2026-01,in-person,Threats or intimidation,None (in person),,Workplace,Śląskie,PL,Herself,18-29,Description only,,verified,19,Former partner threatened to share private photos.
PL-000506,synthetic-demo,2026-01-05T16:36:06Z,2026-01-05,2026-W02,2026-01-05,2026-01,in-person,Unwanted sexual comments or propositions,None (in person),,Accommodation or housing,Mazowieckie,PL,Herself,Unknown,Description only,,verified,22.8,"Man at her workplace made sexual comments and suggested she was ""available"" because she is Ukrainian."
PL-000507,synthetic-demo,2026-01-05T16:47:39Z,2026-01-05,2026-W02,2026-01-05,2026-01,in-person,Unwanted sexual comments or propositions,None (in person),,Shop or service,Mazowieckie,PL,Herself,18-29,Description only,,rejected,35.4,"Man at her workplace made sexual comments and suggested she was ""available"" because she is Ukrainian."
PL-000508,synthetic-demo,2026-01-05T17:44:50Z,2026-01-05,2026-W02,2026-01-05,2026-01,online,Manipulated image or video,Stolen photos / fake profiles,X,,Mazowieckie,PL,Herself,18-29,Screenshot only,,verified,29.1,Dating profile uses photos of a Ukrainian woman without her consent.
PL-000509,synthetic-demo,2026-01-05T23:02:41Z,2026-01-05,2026-W02,2026-01-05,2026-01,online,Sexualised content or stereotypes,Available women / brides,Facebook,,Mazowieckie,PL,Herself,30-49,Link only,LC-37553,verified,21.5,"Account shares sexualised images captioned as Ukrainian women ""looking for a husband""."
PL-000510,synthetic-demo,2026-01-06T04:04:02Z,2026-01-06,2026-W02,2026-01-05,2026-01,online,Sexualised content or stereotypes,Available women / brides,TikTok,,Mazowieckie,PL,Herself,18-29,Screenshot only,,verified,20.5,"Account shares sexualised images captioned as Ukrainian women ""looking for a husband""."
PL-000511,synthetic-demo,2026-01-06T07:50:38Z,2026-01-06,2026-W02,2026-01-05,2026-01,in-person,Being followed or watched,None (in person),,Workplace,Wielkopolskie,PL,Herself,30-49,Description only,,needs more info,14.7,Followed from the bus stop to her accommodation twice in one week.
PL-000512,synthetic-demo,2026-01-06T11:05:45Z,2026-01-06,2026-W02,2026-01-05,2026-01,online,Sexualised content or stereotypes,Came to seduce / steal husbands,X,,Mazowieckie,PL,Herself,18-29,Description only,,verified,9.2,Post mocks Ukrainian women as only interested in men with money; many replies agree.
PL-000513,synthetic-demo,2026-01-06T13:34:42Z,2026-01-06,2026-W02,2026-01-05,2026-01,online,Other (online),Other or unclear,Facebook,,Śląskie,PL,Public figure,Unknown,Link and screenshot,LC-35240,verified,49,Pile-on in the comments after a Ukrainian woman spoke about her work in local media.
PL-000514,synthetic-demo,2026-01-06T13:44:44Z,2026-01-06,2026-W02,2026-01-05,2026-01,online,False claim to discredit,Abusing benefits / taking jobs,Facebook,,Podkarpackie,EN,Someone she knows,18-29,Link only,LC-41134,verified,32.4,Meme claims Ukrainian women take jobs from Polish women while living on benefits.
PL-000515,synthetic-demo,2026-01-06T15:42:24Z,2026-01-06,2026-W02,2026-01-05,2026-01,online,Fabricated story,Abusing benefits / taking jobs,Telegram,,Łódzkie,UA,Herself,13-17,Link only,LC-68626,verified,33.7,"Chart with false numbers about benefits paid to Ukrainian women, shared as if official."
PL-000516,synthetic-demo,2026-01-06T19:26:31Z,2026-01-06,2026-W02,2026-01-05,2026-01,in-person,Verbal harassment or insults,None (in person),,Workplace,Mazowieckie,PL,Herself,18-29,Description only,,verified,5.3,Shouted at on public transport in Warsaw for speaking Ukrainian.
PL-000517,synthetic-demo,2026-01-07T08:26:54Z,2026-01-07,2026-W02,2026-01-05,2026-01,online,Fabricated story,Criminal or dangerous,Facebook,,Śląskie,EN,Herself,50+,Screenshot only,,verified,9.7,Comment thread claims Ukrainian women run scams targeting elderly people; no source.
PL-000518,synthetic-demo,2026-01-07T12:47:57Z,2026-01-07,2026-W02,2026-01-05,2026-01,online,Manipulated image or video,Stolen photos / fake profiles,Facebook,,Mazowieckie,PL,Herself,50+,Link and screenshot,LC-72990,verified,18.2,Dating profile uses photos of a Ukrainian woman without her consent.
PL-000519,synthetic-demo,2026-01-07T16:50:12Z,2026-01-07,2026-W02,2026-01-05,2026-01,online,Harassment or pile-on,Abusing benefits / taking jobs,Facebook,,Świętokrzyskie,PL,Ukrainian women as a group,Unknown,Screenshot only,,verified,102.3,Comment thread says Ukrainian mothers abuse child benefits and take kindergarten places.
PL-000520,synthetic-demo,2026-01-08T09:51:41Z,2026-01-08,2026-W02,2026-01-05,2026-01,in-person,Verbal harassment or insults,None (in person),,Workplace,Dolnośląskie,PL,Someone she knows,Unknown,Description only,,verified,4.9,Shouted at on public transport in Wrocław for speaking Ukrainian.
PL-000521,synthetic-demo,2026-01-08T14:02:16Z,2026-01-08,2026-W02,2026-01-05,2026-01,online,False claim to discredit,Sex work stereotypes,X,,Podkarpackie,PL,Someone she knows,18-29,Screenshot only,,verified,10,"Comment thread describes Ukrainian women as ""easy"" and links this to the war; widely shared."
PL-000522,synthetic-demo,2026-01-08T14:37:41Z,2026-01-08,2026-W02,2026-01-05,2026-01,online,False claim to discredit,Abusing benefits / taking jobs,X,,Opolskie,EN,Herself,18-29,Screenshot only,,verified,13.4,"Chart with false numbers about benefits paid to Ukrainian women, shared as if official."
PL-000523,synthetic-demo,2026-01-08T16:18:44Z,2026-01-08,2026-W02,2026-01-05,2026-01,online,Sexualised content or stereotypes,Came to seduce / steal husbands,Instagram,,Wielkopolskie,PL,Someone she knows,18-29,Link and screenshot,LC-40411,verified,96.8,Short clip uses a sexualised stereotype of Ukrainian women to joke about Polish wives.
PL-000524,synthetic-demo,2026-01-08T16:38:37Z,2026-01-08,2026-W02,2026-01-05,2026-01,online,Sexualised content or stereotypes,Available women / brides,Instagram,,Małopolskie,PL,Someone she knows,30-49,Link and screenshot,LC-93164,verified,33,"Account shares sexualised images captioned as Ukrainian women ""looking for a husband""."
PL-000525,synthetic-demo,2026-01-08T23:58:33Z,2026-01-08,2026-W02,2026-01-05,2026-01,online,"Fake job, housing or relationship offer",Fake offers (lures),Telegram,,Dolnośląskie,UA,Ukrainian women as a group,Unknown,Description only,,verified,19.5,"Offer of a care worker job near Wrocław with pay far above normal, asks women to send full-length photos."
PL-000526,synthetic-demo,2026-01-08T23:58:33Z,2026-01-08,2026-W02,2026-01-05,2026-01,online,Other (online),Other or unclear,Telegram,,Opolskie,RU,Ukrainian women as a group,Unknown,Screenshot only,,rejected,23.3,Video targets a Ukrainian woman activist with insults and false claims about her past.
PL-000527,synthetic-demo,2026-01-09T12:12:53Z,2026-01-09,2026-W02,2026-01-05,2026-01,in-person,Threats or intimidation,None (in person),,Street or public transport,Mazowieckie,UA,Someone she knows,30-49,Description only,,needs more info,14.3,Former partner threatened to share private photos.
PL-000528,synthetic-demo,2026-01-09T12:14:29Z,2026-01-09,2026-W02,2026-01-05,2026-01,in-person,Rumours or lies spread about her,None (in person),,Workplace,Podkarpackie,PL,Herself,30-49,Description only,,verified,9.1,Colleagues told others she got her job through a relationship with the manager.
PL-000529,synthetic-demo,2026-01-09T17:37:27Z,2026-01-09,2026-W02,2026-01-05,2026-01,in-person,Being followed or watched,None (in person),,Workplace,Łódzkie,PL,Herself,Unknown,Description only,,verified,11.6,Same car seen waiting outside her workplace several evenings.
PL-000530,synthetic-demo,2026-01-09T18:51:54Z,2026-01-09,2026-W02,2026-01-05,2026-01,online,Sexualised content or stereotypes,Available women / brides,Instagram,,Śląskie,RU,Ukrainian women as a group,Unknown,Link and screenshot,LC-30461,verified,6.3,"Account shares sexualised images captioned as Ukrainian women ""looking for a husband""."
PL-000531,synthetic-demo,2026-01-10T08:28:32Z,2026-01-10,2026-W02,2026-01-05,2026-01,online,False claim to discredit,Abusing benefits / taking jobs,X,,Śląskie,PL,Herself,Unknown,Link and screenshot,LC-75205,verified,25.2,Post claims Ukrainian women take jobs from Polish women while living on benefits.
PL-000532,synthetic-demo,2026-01-10T15:21:22Z,2026-01-10,2026-W02,2026-01-05,2026-01,in-person,Threats or intimidation,None (in person),,School or university,Wielkopolskie,PL,Someone she knows,18-29,Description only,,verified,14.1,Former partner threatened to share private photos.
PL-000533,synthetic-demo,2026-01-10T15:27:35Z,2026-01-10,2026-W02,2026-01-05,2026-01,in-person,Physical or sexual violence,None (in person),,Street or public transport,Pomorskie,PL,Someone she knows,18-29,Description only,,verified,35.3,Grabbed by a man in the street after refusing to talk to him.
PL-000534,synthetic-demo,2026-01-10T17:44:09Z,2026-01-10,2026-W02,2026-01-05,2026-01,online,Harassment or pile-on,Criminal or dangerous,Instagram,,Zachodniopomorskie,UA,Ukrainian women as a group,Unknown,Screenshot only,,pending,,Video claims Ukrainian women run scams targeting elderly people; no source.
PL-000535,synthetic-demo,2026-01-10T20:11:13Z,2026-01-10,2026-W02,2026-01-05,2026-01,online,Manipulated image or video,Available women / brides,TikTok,,Mazowieckie,PL,Herself,18-29,Link and screenshot,LC-89078,verified,73.1,"Page advertises ""Ukrainian brides"" using photos that appear to be taken from a refugee support group."
PL-000536,synthetic-demo,2026-01-11T07:22:54Z,2026-01-11,2026-W02,2026-01-05,2026-01,online,Manipulated image or video,Available women / brides,Instagram,,Podlaskie,PL,Ukrainian women as a group,Unknown,Screenshot only,,verified,23.9,Comment thread presents Ukrainian women as available for dating in exchange for help with housing.
PL-000537,synthetic-demo,2026-01-11T12:30:10Z,2026-01-11,2026-W02,2026-01-05,2026-01,in-person,Verbal harassment or insults,None (in person),,School or university,Małopolskie,UA,Someone she knows,18-29,Description only,,verified,8,Insulted by a customer at work after they heard her accent.
PL-000538,synthetic-demo,2026-01-11T16:25:28Z,2026-01-11,2026-W02,2026-01-05,2026-01,online,"Fake job, housing or relationship offer",Fake offers (lures),Telegram,,Małopolskie,UA,Ukrainian women as a group,18-29,Link only,LC-49101,verified,103.1,"Message offers a free room to young Ukrainian women ""in exchange for help around the house""."
PL-000539,synthetic-demo,2026-01-12T05:22:06Z,2026-01-12,2026-W03,2026-01-12,2026-01,in-person,Threats or intimidation,None (in person),,Street or public transport,Dolnośląskie,RU,Someone she knows,18-29,Description only,,needs more info,3.8,Employer threatened to report her to the authorities if she complained about pay.
PL-000540,synthetic-demo,2026-01-12T08:49:48Z,2026-01-12,2026-W03,2026-01-12,2026-01,online,Sexualised content or stereotypes,Available women / brides,Instagram,,Wielkopolskie,RU,Ukrainian women as a group,Unknown,Link and screenshot,LC-26147,pending,,Short clip presents Ukrainian women as available for dating in exchange for help with housing.
PL-000541,synthetic-demo,2026-01-12T14:13:08Z,2026-01-12,2026-W03,2026-01-12,2026-01,online,Sexualised content or stereotypes,Came to seduce / steal husbands,Instagram,,Dolnośląskie,PL,Ukrainian women as a group,18-29,Description only,,needs more info,13.3,"Comments under a local news story say Ukrainian women ""take"" Polish men and break up families."
PL-000542,synthetic-demo,2026-01-12T15:11:23Z,2026-01-12,2026-W03,2026-01-12,2026-01,online,Doxxing or exposure,Stolen photos / fake profiles,Telegram,,Podkarpackie,UA,Herself,30-49,Link and screenshot,LC-36972,verified,31.3,Fake account copies a woman's profile photos and messages men pretending to be her.
PL-000543,synthetic-demo,2026-01-12T15:53:45Z,2026-01-12,2026-W03,2026-01-12,2026-01,online,Harassment or pile-on,Sex work stereotypes,Instagram,,Dolnośląskie,PL,Ukrainian women as a group,Unknown,Screenshot only,,verified,23.7,"Video describes Ukrainian women as ""easy"" and links this to the war; widely shared."
PL-000544,synthetic-demo,2026-01-12T18:17:24Z,2026-01-12,2026-W03,2026-01-12,2026-01,in-person,Verbal harassment or insults,None (in person),,Street or public transport,Śląskie,PL,Herself,30-49,Photo,,verified,19.6,Group of men called her names linked to her nationality in the street.
PL-000545,synthetic-demo,2026-01-12T18:40:47Z,2026-01-12,2026-W03,2026-01-12,2026-01,online,Sexualised content or stereotypes,Came to seduce / steal husbands,Facebook,,Pomorskie,PL,Someone she knows,50+,Screenshot only,,verified,9.7,Post on Facebook claims Ukrainian women come to Poland to find Polish husbands.
PL-000546,synthetic-demo,2026-01-13T08:08:17Z,2026-01-13,2026-W03,2026-01-12,2026-01,online,Fabricated story,Criminal or dangerous,Facebook,,Małopolskie,PL,Public figure,18-29,Link only,LC-76794,verified,4.9,Post claims Ukrainian women bring disease and crime; uses an unrelated photo.
PL-000547,synthetic-demo,2026-01-13T13:03:40Z,2026-01-13,2026-W03,2026-01-12,2026-01,online,Fabricated story,Criminal or dangerous,Facebook,,Podkarpackie,EN,Ukrainian women as a group,30-49,Link only,LC-58073,rejected,46.7,Carousel post claims Ukrainian women bring disease and crime; uses an unrelated photo.
PL-000548,synthetic-demo,2026-01-13T14:11:26Z,2026-01-13,2026-W03,2026-01-12,2026-01,online,Fabricated story,Criminal or dangerous,X,,Dolnośląskie,PL,Ukrainian women as a group,Unknown,Link only,LC-85878,verified,14.6,Fabricated story says a Ukrainian woman stole from her employer; the photo is from another country.
PL-000549,synthetic-demo,2026-01-13T14:40:42Z,2026-01-13,2026-W03,2026-01-12,2026-01,in-person,Unwanted sexual comments or propositions,None (in person),,Street or public transport,Łódzkie,PL,Herself,30-49,Description only,,verified,12.8,"Stranger asked whether she was ""one of those Ukrainian girls"" and made sexual remarks."
PL-000550,synthetic-demo,2026-01-14T03:50:52Z,2026-01-14,2026-W03,2026-01-12,2026-01,online,Doxxing or exposure,Sex work stereotypes,Telegram,,Wielkopolskie,RU,Someone she knows,30-49,Link only,LC-26187,verified,13,Post suggests a reception point in Poznań is used for sex work; no evidence given.
PL-000551,synthetic-demo,2026-01-14T14:26:03Z,2026-01-14,2026-W03,2026-01-12,2026-01,online,Sexualised content or stereotypes,Came to seduce / steal husbands,TikTok,,Lubelskie,PL,Herself,Unknown,Link only,LC-31846,verified,9.5,"Comments under a local news story say Ukrainian women ""take"" Polish men and break up families."
PL-000552,synthetic-demo,2026-01-14T15:06:08Z,2026-01-14,2026-W03,2026-01-12,2026-01,online,Sexualised content or stereotypes,Came to seduce / steal husbands,Instagram,,Opolskie,PL,Public figure,18-29,Link and screenshot,LC-66027,verified,10.9,"Comments under a local news story say Ukrainian women ""take"" Polish men and break up families."
PL-000553,synthetic-demo,2026-01-14T19:21:18Z,2026-01-14,2026-W03,2026-01-12,2026-01,online,Manipulated image or video,Stolen photos / fake profiles,Instagram,,Łódzkie,PL,Someone she knows,18-29,Description only,,verified,17.1,Photos from a Ukrainian woman's private account reposted on a page with sexual captions.
PL-000554,synthetic-demo,2026-01-14T21:04:22Z,2026-01-14,2026-W03,2026-01-12,2026-01,in-person,Rumours or lies spread about her,None (in person),,Community or religious place,Małopolskie,PL,Herself,50+,Description only,,verified,12.7,Colleagues told others she got her job through a relationship with the manager.
PL-000555,synthetic-demo,2026-01-15T18:04:24Z,2026-01-15,2026-W03,2026-01-12,2026-01,in-person,Verbal harassment or insults,None (in person),,Shop or service,Mazowieckie,UA,Herself,18-29,Description only,,rejected,15.1,Shouted at on public transport in Warsaw for speaking Ukrainian.
PL-000556,synthetic-demo,2026-01-15T18:43:40Z,2026-01-15,2026-W03,2026-01-12,2026-01,online,Manipulated image or video,Criminal or dangerous,TikTok,,Dolnośląskie,PL,Herself,Unknown,Link only,LC-21069,verified,13.3,Old crime story from another country reshared as if it happened in Wrocław with a Ukrainian woman.
PL-000557,synthetic-demo,2026-01-15T21:37:14Z,2026-01-15,2026-W03,2026-01-12,2026-01,in-person,Threats or intimidation,None (in person),,Street or public transport,Łódzkie,PL,Herself,50+,Description only,,verified,10.8,Employer threatened to report her to the authorities if she complained about pay.
PL-000558,synthetic-demo,2026-01-16T08:17:43Z,2026-01-16,2026-W03,2026-01-12,2026-01,online,Sexualised content or stereotypes,Available women / brides,Telegram,,Dolnośląskie,UA,Public figure,Unknown,Link only,LC-10705,verified,10.3,"Account shares sexualised images captioned as Ukrainian women ""looking for a husband""."
PL-000559,synthetic-demo,2026-01-16T10:18:11Z,2026-01-16,2026-W03,2026-01-12,2026-01,online,Harassment or pile-on,Available women / brides,X,,Dolnośląskie,RU,Herself,30-49,Link only,LC-12568,verified,14.8,Carousel post presents Ukrainian women as available for dating in exchange for help with housing.
PL-000560,synthetic-demo,2026-01-16T10:55:42Z,2026-01-16,2026-W03,2026-01-12,2026-01,online,Manipulated image or video,Stolen photos / fake profiles,Facebook,,Pomorskie,PL,Herself,30-49,Link and screenshot,LC-17532,verified,13.7,Photos from a Ukrainian woman's private account reposted on a page with sexual captions.
PL-000561,synthetic-demo,2026-01-16T12:03:13Z,2026-01-16,2026-W03,2026-01-12,2026-01,online,Doxxing or exposure,Stolen photos / fake profiles,Facebook,,Warmińsko-mazurskie,PL,Someone she knows,30-49,Screenshot only,,verified,29.6,Fake account copies a woman's profile photos and messages men pretending to be her.
PL-000562,synthetic-demo,2026-01-16T15:48:07Z,2026-01-16,2026-W03,2026-01-12,2026-01,online,Harassment or pile-on,Sex work stereotypes,TikTok,,Dolnośląskie,EN,Herself,18-29,Description only,,verified,18.9,Post suggests a reception point in Wrocław is used for sex work; no evidence given.
PL-000563,synthetic-demo,2026-01-16T16:12:35Z,2026-01-16,2026-W03,2026-01-12,2026-01,online,Harassment or pile-on,Came to seduce / steal husbands,Facebook,,Kujawsko-pomorskie,EN,Ukrainian women as a group,30-49,Link only,LC-93924,verified,21.6,Short clip on Facebook claims Ukrainian women come to Poland to find Polish husbands.
PL-000564,synthetic-demo,2026-01-16T17:12:43Z,2026-01-16,2026-W03,2026-01-12,2026-01,online,False claim to discredit,Abusing benefits / taking jobs,Facebook,,Lubelskie,PL,Ukrainian women as a group,18-29,Description only,,needs more info,23.2,Comment thread says Ukrainian mothers abuse child benefits and take kindergarten places.
PL-000565,synthetic-demo,2026-01-16T17:32:22Z,2026-01-16,2026-W03,2026-01-12,2026-01,online,Doxxing or exposure,Stolen photos / fake profiles,Instagram,,Mazowieckie,PL,Herself,30-49,Screenshot only,,verified,9,Edited photo puts a Ukrainian woman's face on a sexualised image; shared in a group.
PL-000566,synthetic-demo,2026-01-17T10:38:27Z,2026-01-17,2026-W03,2026-01-12,2026-01,in-person,Being followed or watched,None (in person),,Shop or service,Śląskie,PL,Herself,18-29,Description only,,verified,8.5,Same car seen waiting outside her workplace several evenings.
PL-000567,synthetic-demo,2026-01-17T14:39:37Z,2026-01-17,2026-W03,2026-01-12,2026-01,in-person,Unwanted sexual comments or propositions,None (in person),,School or university,Podkarpackie,UA,Someone she knows,30-49,Description only,,needs more info,9.5,"Stranger asked whether she was ""one of those Ukrainian girls"" and made sexual remarks."
PL-000568,synthetic-demo,2026-01-17T23:58:33Z,2026-01-17,2026-W03,2026-01-12,2026-01,in-person,Rumours or lies spread about her,None (in person),,Shop or service,Mazowieckie,PL,Someone she knows,30-49,Description only,,rejected,38.8,"Parents at school said she had a ""bad reputation"" because she is Ukrainian."
PL-000569,synthetic-demo,2026-01-18T10:04:54Z,2026-01-18,2026-W03,2026-01-12,2026-01,online,Manipulated image or video,Criminal or dangerous,TikTok,,Lubelskie,PL,Someone she knows,13-17,Link and screenshot,LC-32138,verified,31.2,Old crime story from another country reshared as if it happened in Lublin with a Ukrainian woman.
PL-000570,synthetic-demo,2026-01-18T13:51:16Z,2026-01-18,2026-W03,2026-01-12,2026-01,online,Fabricated story,Other or unclear,Facebook,,Małopolskie,PL,Public figure,18-29,Link only,LC-42090,pending,,Video targets a Ukrainian woman activist with insults and false claims about her past.
PL-000571,synthetic-demo,2026-01-18T15:45:17Z,2026-01-18,2026-W03,2026-01-12,2026-01,online,Sexualised content or stereotypes,Came to seduce / steal husbands,TikTok,,Śląskie,PL,Someone she knows,30-49,Screenshot only,,pending,,Comment thread on TikTok claims Ukrainian women come to Poland to find Polish husbands.
PL-000572,synthetic-demo,2026-01-18T16:42:07Z,2026-01-18,2026-W03,2026-01-12,2026-01,online,False claim to discredit,Abusing benefits / taking jobs,X,,Lubuskie,PL,Herself,30-49,Description only,,verified,54,Comment thread says Ukrainian mothers abuse child benefits and take kindergarten places.
PL-000573,synthetic-demo,2026-01-18T16:54:19Z,2026-01-18,2026-W03,2026-01-12,2026-01,online,Sexualised content or stereotypes,Sex work stereotypes,X,,Mazowieckie,PL,Public figure,13-17,Link only,LC-71133,verified,23.6,"Video describes Ukrainian women as ""easy"" and links this to the war; widely shared."
PL-000574,synthetic-demo,2026-01-19T05:30:02Z,2026-01-19,2026-W04,2026-01-19,2026-01,online,Harassment or pile-on,Abusing benefits / taking jobs,Instagram,,Małopolskie,PL,Public figure,Unknown,Screenshot only,,verified,21.3,Post claims Ukrainian women receive more benefits than Polish families; the figures are invented.
PL-000575,synthetic-demo,2026-01-19T11:09:22Z,2026-01-19,2026-W04,2026-01-19,2026-01,in-person,Rumours or lies spread about her,None (in person),,School or university,Małopolskie,PL,Herself,50+,Description only,,needs more info,7.4,"Parents at school said she had a ""bad reputation"" because she is Ukrainian."
PL-000576,synthetic-demo,2026-01-19T21:35:19Z,2026-01-19,2026-W04,2026-01-19,2026-01,online,False claim to discredit,Abusing benefits / taking jobs,X,,Podkarpackie,PL,Ukrainian women as a group,30-49,Link and screenshot,LC-17474,verified,26.5,Carousel post says Ukrainian mothers abuse child benefits and take kindergarten places.
PL-000577,synthetic-demo,2026-01-20T08:31:15Z,2026-01-20,2026-W04,2026-01-19,2026-01,online,False claim to discredit,Abusing benefits / taking jobs,Facebook,,Śląskie,PL,Herself,Unknown,Link only,LC-82527,verified,13.3,Carousel post claims Ukrainian women take jobs from Polish women while living on benefits.
PL-000578,synthetic-demo,2026-01-20T11:14:33Z,2026-01-20,2026-W04,2026-01-19,2026-01,online,Sexualised content or stereotypes,Came to seduce / steal husbands,TikTok,,Lubelskie,PL,Someone she knows,30-49,Link and screenshot,LC-58388,verified,4.3,Video on TikTok claims Ukrainian women come to Poland to find Polish husbands.
PL-000579,synthetic-demo,2026-01-20T11:38:16Z,2026-01-20,2026-W04,2026-01-19,2026-01,online,Sexualised content or stereotypes,Available women / brides,Telegram,,Mazowieckie,UA,Someone she knows,18-29,Link and screenshot,LC-40314,verified,6.2,"Page advertises ""Ukrainian brides"" using photos that appear to be taken from a refugee support group."
PL-000580,synthetic-demo,2026-01-20T11:45:43Z,2026-01-20,2026-W04,2026-01-19,2026-01,online,False claim to discredit,Abusing benefits / taking jobs,Facebook,,Opolskie,PL,Ukrainian women as a group,Unknown,Link and screenshot,LC-43822,verified,15.8,Comment thread says Ukrainian mothers abuse child benefits and take kindergarten places.
PL-000581,synthetic-demo,2026-01-20T12:10:41Z,2026-01-20,2026-W04,2026-01-19,2026-01,in-person,Unwanted sexual comments or propositions,None (in person),,Workplace,Mazowieckie,RU,Someone she knows,Unknown,Description only,,verified,12.4,"Landlord made sexual comments and hinted rent could be ""paid another way""."
PL-000582,synthetic-demo,2026-01-20T12:45:32Z,2026-01-20,2026-W04,2026-01-19,2026-01,online,Harassment or pile-on,Other or unclear,Facebook,,Podkarpackie,PL,Public figure,Unknown,Description only,,verified,54.7,Hostile messages sent to several Ukrainian women in a local community group.
PL-000583,synthetic-demo,2026-01-20T13:00:12Z,2026-01-20,2026-W04,2026-01-19,2026-01,online,False claim to discredit,Abusing benefits / taking jobs,X,,Pomorskie,PL,Someone she knows,30-49,Link and screenshot,LC-72204,verified,19.4,Video claims Ukrainian women take jobs from Polish women while living on benefits.
PL-000584,synthetic-demo,2026-01-20T13:27:07Z,2026-01-20,2026-W04,2026-01-19,2026-01,online,False claim to discredit,Abusing benefits / taking jobs,Facebook,,Małopolskie,PL,Public figure,18-29,Link and screenshot,LC-60169,verified,35.2,Post claims Ukrainian women receive more benefits than Polish families; the figures are invented.
PL-000585,synthetic-demo,2026-01-20T14:40:46Z,2026-01-20,2026-W04,2026-01-19,2026-01,online,False claim to discredit,Abusing benefits / taking jobs,Facebook,,Wielkopolskie,PL,Herself,18-29,Link only,LC-19480,verified,5.2,Carousel post claims Ukrainian women take jobs from Polish women while living on benefits.
PL-000586,synthetic-demo,2026-01-20T16:07:19Z,2026-01-20,2026-W04,2026-01-19,2026-01,online,False claim to discredit,Abusing benefits / taking jobs,X,,Dolnośląskie,PL,Herself,Unknown,Link only,LC-19487,verified,44.3,Carousel post says Ukrainian mothers abuse child benefits and take kindergarten places.
PL-000587,synthetic-demo,2026-01-20T16:30:21Z,2026-01-20,2026-W04,2026-01-19,2026-01,online,Sexualised content or stereotypes,Available women / brides,Telegram,,Lubelskie,UA,Herself,30-49,Link only,LC-17198,verified,32,Short clip presents Ukrainian women as available for dating in exchange for help with housing.
PL-000588,synthetic-demo,2026-01-20T20:27:37Z,2026-01-20,2026-W04,2026-01-19,2026-01,in-person,Rumours or lies spread about her,None (in person),,Community or religious place,Dolnośląskie,PL,Someone she knows,50+,Description only,,verified,2.8,Neighbours spread a rumour that she came to Poland to find a husband.
PL-000589,synthetic-demo,2026-01-21T12:59:11Z,2026-01-21,2026-W04,2026-01-19,2026-01,in-person,Verbal harassment or insults,None (in person),,Street or public transport,Podkarpackie,PL,Herself,30-49,Description only,,verified,11.9,Shouted at on public transport in Rzeszów for speaking Ukrainian.
PL-000590,synthetic-demo,2026-01-21T15:32:50Z,2026-01-21,2026-W04,2026-01-19,2026-01,online,"Fake job, housing or relationship offer",Fake offers (lures),Classifieds site,,Małopolskie,UA,Ukrainian women as a group,Unknown,Link and screenshot,LC-24741,verified,39,"Ad offers a well-paid model job with free housing and travel, and asks for a passport photo first."
PL-000591,synthetic-demo,2026-01-21T16:29:18Z,2026-01-21,2026-W04,2026-01-19,2026-01,online,Manipulated image or video,Stolen photos / fake profiles,Instagram,,Podkarpackie,RU,Herself,30-49,Link and screenshot,LC-25934,verified,16.8,Fake account copies a woman's profile photos and messages men pretending to be her.
PL-000592,synthetic-demo,2026-01-21T18:14:01Z,2026-01-21,2026-W04,2026-01-19,2026-01,online,Sexualised content or stereotypes,Came to seduce / steal husbands,Other,,Warmińsko-mazurskie,PL,Public figure,50+,Link and screenshot,LC-95830,rejected,4.5,Meme mocks Ukrainian women as only interested in men with money; many replies agree.
PL-000593,synthetic-demo,2026-01-21T23:58:33Z,2026-01-21,2026-W04,2026-01-19,2026-01,online,Manipulated image or video,Stolen photos / fake profiles,TikTok,,Śląskie,PL,Herself,Unknown,Link and screenshot,LC-71180,verified,16.8,Fake account copies a woman's profile photos and messages men pretending to be her.
PL-000594,synthetic-demo,2026-01-22T11:06:57Z,2026-01-22,2026-W04,2026-01-19,2026-01,online,False claim to discredit,Sex work stereotypes,X,,Dolnośląskie,PL,Public figure,Unknown,Link and screenshot,LC-84846,verified,27.9,Post suggests a reception point in Wrocław is used for sex work; no evidence given.
PL-000595,synthetic-demo,2026-01-22T13:59:33Z,2026-01-22,2026-W04,2026-01-19,2026-01,online,"Fake job, housing or relationship offer",Fake offers (lures),Telegram,,Opolskie,UA,Ukrainian women as a group,Unknown,Description only,,needs more info,62,"Offer of a hostess job near Opole with pay far above normal, asks women to send full-length photos."
PL-000596,synthetic-demo,2026-01-22T14:57:42Z,2026-01-22,2026-W04,2026-01-19,2026-01,in-person,Being followed or watched,None (in person),,Workplace,Pomorskie,PL,Someone she knows,30-49,Description only,,verified,41.3,Man she did not know kept appearing near her building and watching the entrance.
PL-000597,synthetic-demo,2026-01-22T15:12:09Z,2026-01-22,2026-W04,2026-01-19,2026-01,online,Manipulated image or video,Available women / brides,Telegram,,Śląskie,RU,Ukrainian women as a group,Unknown,Description only,,rejected,24.3,"Comment thread ranks Ukrainian women by appearance and invites men to ""choose one""."
PL-000598,synthetic-demo,2026-01-22T15:48:22Z,2026-01-22,2026-W04,2026-01-19,2026-01,in-person,Unwanted sexual comments or propositions,None (in person),,Community or religious place,Podkarpackie,PL,Herself,Unknown,Description only,,verified,4.6,"Man at her workplace made sexual comments and suggested she was ""available"" because she is Ukrainian."
PL-000599,synthetic-demo,2026-01-22T16:51:09Z,2026-01-22,2026-W04,2026-01-19,2026-01,online,Sexualised content or stereotypes,Came to seduce / steal husbands,Instagram,,Małopolskie,PL,Public figure,13-17,Link only,LC-93489,verified,23.4,Carousel post mocks Ukrainian women as only interested in men with money; many replies agree.
PL-000600,synthetic-demo,2026-01-23T12:45:33Z,2026-01-23,2026-W04,2026-01-19,2026-01,online,False claim to discredit,Abusing benefits / taking jobs,X,,Wielkopolskie,PL,Someone she knows,18-29,Description only,,rejected,21.7,Carousel post claims Ukrainian women take jobs from Polish women while living on benefits.
PL-000601,synthetic-demo,2026-01-23T13:05:19Z,2026-01-23,2026-W04,2026-01-19,2026-01,online,False claim to discredit,Sex work stereotypes,Facebook,,Lubelskie,PL,Someone she knows,18-29,Link only,LC-20649,verified,10,Post suggests a reception point in Lublin is used for sex work; no evidence given.
PL-000602,synthetic-demo,2026-01-23T17:49:44Z,2026-01-23,2026-W04,2026-01-19,2026-01,online,False claim to discredit,Abusing benefits / taking jobs,TikTok,,Wielkopolskie,PL,Herself,18-29,Description only,,rejected,8.1,Short clip says Ukrainian mothers abuse child benefits and take kindergarten places.
PL-000603,synthetic-demo,2026-01-24T07:29:18Z,2026-01-24,2026-W04,2026-01-19,2026-01,online,Sexualised content or stereotypes,Came to seduce / steal husbands,Telegram,,Mazowieckie,PL,Herself,30-49,Link and screenshot,LC-32442,verified,25.4,Comment thread mocks Ukrainian women as only interested in men with money; many replies agree.
PL-000604,synthetic-demo,2026-01-24T15:24:14Z,2026-01-24,2026-W04,2026-01-19,2026-01,online,"Fake job, housing or relationship offer",Fake offers (lures),Telegram,,Lubelskie,RU,Someone she knows,18-29,Link and screenshot,LC-17320,verified,35.4,"Offer of a care worker job near Lublin with pay far above normal, asks women to send full-length photos."
PL-000605,synthetic-demo,2026-01-24T18:34:40Z,2026-01-24,2026-W04,2026-01-19,2026-01,online,Fabricated story,Criminal or dangerous,TikTok,,Pomorskie,PL,Someone she knows,30-49,Screenshot only,,verified,8.8,Short clip claims Ukrainian women run scams targeting elderly people; no source.
PL-000606,synthetic-demo,2026-01-24T18:47:46Z,2026-01-24,2026-W04,2026-01-19,2026-01,online,Manipulated image or video,Criminal or dangerous,Instagram,,Zachodniopomorskie,PL,Herself,30-49,Link only,LC-87516,verified,14,Meme claims Ukrainian women run scams targeting elderly people; no source.
PL-000607,synthetic-demo,2026-01-24T18:57:21Z,2026-01-24,2026-W04,2026-01-19,2026-01,online,Doxxing or exposure,Stolen photos / fake profiles,Facebook,,Mazowieckie,EN,Herself,18-29,Link only,LC-60729,verified,17.3,Fake account copies a woman's profile photos and messages men pretending to be her.
PL-000608,synthetic-demo,2026-01-24T23:58:33Z,2026-01-24,2026-W04,2026-01-19,2026-01,online,Harassment or pile-on,Sex work stereotypes,Facebook,,Kujawsko-pomorskie,PL,Someone she knows,13-17,Screenshot only,,verified,14,"Video describes Ukrainian women as ""easy"" and links this to the war; widely shared."
PL-000609,synthetic-demo,2026-01-25T05:54:17Z,2026-01-25,2026-W04,2026-01-19,2026-01,online,Harassment or pile-on,Abusing benefits / taking jobs,Telegram,,Śląskie,RU,Herself,18-29,Link and screenshot,LC-59796,verified,17.2,"Chart with false numbers about benefits paid to Ukrainian women, shared as if official."
PL-000610,synthetic-demo,2026-01-25T08:37:03Z,2026-01-25,2026-W04,2026-01-19,2026-01,in-person,Unwanted sexual comments or propositions,None (in person),,Accommodation or housing,Lubelskie,UA,Herself,18-29,Description only,,verified,35.3,"Landlord made sexual comments and hinted rent could be ""paid another way""."
PL-000611,synthetic-demo,2026-01-25T09:18:57Z,2026-01-25,2026-W04,2026-01-19,2026-01,online,Sexualised content or stereotypes,Sex work stereotypes,X,,Lubelskie,PL,Ukrainian women as a group,50+,Link only,LC-86073,verified,21,Short clip claims Ukrainian women arriving in Poland mostly work in the sex industry.
PL-000612,synthetic-demo,2026-01-25T12:27:48Z,2026-01-25,2026-W04,2026-01-19,2026-01,in-person,Rumours or lies spread about her,None (in person),,Street or public transport,Wielkopolskie,PL,Herself,18-29,Description only,,verified,1.2,"Parents at school said she had a ""bad reputation"" because she is Ukrainian."
PL-000613,synthetic-demo,2026-01-25T19:10:33Z,2026-01-25,2026-W04,2026-01-19,2026-01,online,"Fake job, housing or relationship offer",Fake offers (lures),Classifieds site,,Pomorskie,PL,Ukrainian women as a group,Unknown,Link and screenshot,LC-62631,verified,3.8,"Ad for hotel work abroad through Poland, no company name, contact by private chat only."
PL-000614,synthetic-demo,2026-01-26T07:17:52Z,2026-01-26,2026-W05,2026-01-26,2026-01,online,Fabricated story,Abusing benefits / taking jobs,Facebook,,Lubelskie,PL,Ukrainian women as a group,Unknown,Link only,LC-89011,rejected,14.8,Meme says Ukrainian mothers abuse child benefits and take kindergarten places.
PL-000615,synthetic-demo,2026-01-26T08:58:30Z,2026-01-26,2026-W05,2026-01-26,2026-01,online,Harassment or pile-on,Sex work stereotypes,Instagram,,Podkarpackie,PL,Someone she knows,18-29,Link only,LC-64522,verified,26.3,Video claims Ukrainian women arriving in Poland mostly work in the sex industry.
PL-000616,synthetic-demo,2026-01-26T10:38:19Z,2026-01-26,2026-W05,2026-01-26,2026-01,in-person,Verbal harassment or insults,None (in person),,School or university,Małopolskie,PL,Herself,30-49,Photo,,verified,11.3,Shouted at on public transport in Kraków for speaking Ukrainian.
PL-000617,synthetic-demo,2026-01-26T11:15:36Z,2026-01-26,2026-W05,2026-01-26,2026-01,online,Sexualised content or stereotypes,Sex work stereotypes,TikTok,,Pomorskie,EN,Ukrainian women as a group,Unknown,Description only,,rejected,41,Short clip claims Ukrainian women arriving in Poland mostly work in the sex industry.
PL-000618,synthetic-demo,2026-01-26T11:23:35Z,2026-01-26,2026-W05,2026-01-26,2026-01,online,Fabricated story,Criminal or dangerous,TikTok,,Pomorskie,PL,Herself,Unknown,Description only,,needs more info,18.8,Old crime story from another country reshared as if it happened in Gdańsk with a Ukrainian woman.
PL-000619,synthetic-demo,2026-01-26T12:07:08Z,2026-01-26,2026-W05,2026-01-26,2026-01,online,Manipulated image or video,Available women / brides,TikTok,,Pomorskie,PL,Ukrainian women as a group,18-29,Link and screenshot,LC-98566,verified,29.5,"Meme ranks Ukrainian women by appearance and invites men to ""choose one""."
PL-000620,synthetic-demo,2026-01-26T12:30:59Z,2026-01-26,2026-W05,2026-01-26,2026-01,online,Fabricated story,Abusing benefits / taking jobs,Telegram,,Dolnośląskie,PL,Herself,30-49,Link and screenshot,LC-37410,verified,17.4,Meme says Ukrainian mothers abuse child benefits and take kindergarten places.
PL-000621,synthetic-demo,2026-01-26T13:55:13Z,2026-01-26,2026-W05,2026-01-26,2026-01,in-person,Verbal harassment or insults,None (in person),,School or university,Mazowieckie,PL,Herself,Unknown,Description only,,needs more info,55.4,Shouted at on public transport in Warsaw for speaking Ukrainian.
PL-000622,synthetic-demo,2026-01-26T15:38:37Z,2026-01-26,2026-W05,2026-01-26,2026-01,online,Fabricated story,Abusing benefits / taking jobs,TikTok,,Małopolskie,PL,Herself,18-29,Link only,LC-44275,needs more info,14.7,Carousel post says Ukrainian mothers abuse child benefits and take kindergarten places.
PL-000623,synthetic-demo,2026-01-26T23:58:33Z,2026-01-26,2026-W05,2026-01-26,2026-01,online,Doxxing or exposure,Stolen photos / fake profiles,Facebook,,Lubelskie,EN,Someone she knows,30-49,Link only,LC-16583,verified,81.1,Fake account copies a woman's profile photos and messages men pretending to be her.
PL-000624,synthetic-demo,2026-01-27T06:55:15Z,2026-01-27,2026-W05,2026-01-26,2026-01,online,Manipulated image or video,Stolen photos / fake profiles,Facebook,,Wielkopolskie,PL,Herself,Unknown,Description only,,verified,4.6,Dating profile uses photos of a Ukrainian woman without her consent.
PL-000625,synthetic-demo,2026-01-27T07:11:08Z,2026-01-27,2026-W05,2026-01-26,2026-01,online,Sexualised content or stereotypes,Came to seduce / steal husbands,TikTok,,Lubelskie,PL,Herself,30-49,Description only,,verified,14.8,Comment thread uses a sexualised stereotype of Ukrainian women to joke about Polish wives.
PL-000626,synthetic-demo,2026-01-27T09:59:02Z,2026-01-27,2026-W05,2026-01-26,2026-01,online,Manipulated image or video,Available women / brides,X,,Mazowieckie,PL,Someone she knows,18-29,Link and screenshot,LC-43775,verified,26.2,"Page advertises ""Ukrainian brides"" using photos that appear to be taken from a refugee support group."
PL-000627,synthetic-demo,2026-01-27T10:30:28Z,2026-01-27,2026-W05,2026-01-26,2026-01,online,Manipulated image or video,Available women / brides,X,,Śląskie,PL,Someone she knows,18-29,Link only,LC-31966,verified,33.8,"Account shares sexualised images captioned as Ukrainian women ""looking for a husband""."
PL-000628,synthetic-demo,2026-01-27T10:47:13Z,2026-01-27,2026-W05,2026-01-26,2026-01,online,Fabricated story,Criminal or dangerous,Telegram,,Dolnośląskie,UA,Ukrainian women as a group,Unknown,Description only,,verified,9.4,Fabricated story says a Ukrainian woman stole from her employer; the photo is from another country.
PL-000629,synthetic-demo,2026-01-27T14:09:14Z,2026-01-27,2026-W05,2026-01-26,2026-01,online,Sexualised content or stereotypes,Sex work stereotypes,X,,Podkarpackie,PL,Public figure,18-29,Description only,,verified,11.6,Post suggests a reception point in Rzeszów is used for sex work; no evidence given.
PL-000630,synthetic-demo,2026-01-27T17:19:29Z,2026-01-27,2026-W05,2026-01-26,2026-01,online,False claim to discredit,Abusing benefits / taking jobs,Facebook,,Lubelskie,PL,Someone she knows,30-49,Description only,,verified,28.1,Comment thread claims Ukrainian women take jobs from Polish women while living on benefits.
PL-000631,synthetic-demo,2026-01-27T20:04:58Z,2026-01-27,2026-W05,2026-01-26,2026-01,online,Sexualised content or stereotypes,Sex work stereotypes,Facebook,,Podkarpackie,EN,Herself,30-49,Link and screenshot,LC-16165,pending,,Comments call a Ukrainian woman a sex worker after she posted about her new job.
PL-000632,synthetic-demo,2026-01-28T06:52:32Z,2026-01-28,2026-W05,2026-01-26,2026-01,online,Sexualised content or stereotypes,Available women / brides,Instagram,,Małopolskie,EN,Ukrainian women as a group,Unknown,Link and screenshot,LC-84488,verified,15.9,"Page advertises ""Ukrainian brides"" using photos that appear to be taken from a refugee support group."
PL-000633,synthetic-demo,2026-01-28T10:09:14Z,2026-01-28,2026-W05,2026-01-26,2026-01,online,Manipulated image or video,Stolen photos / fake profiles,TikTok,,Mazowieckie,PL,Someone she knows,18-29,Link only,LC-24000,verified,5.9,Dating profile uses photos of a Ukrainian woman without her consent.
PL-000634,synthetic-demo,2026-01-28T11:29:52Z,2026-01-28,2026-W05,2026-01-26,2026-01,online,Harassment or pile-on,Other or unclear,TikTok,,Śląskie,PL,Someone she knows,30-49,Description only,,needs more info,3.6,Hostile messages sent to several Ukrainian women in a local community group.
PL-000635,synthetic-demo,2026-01-28T13:55:32Z,2026-01-28,2026-W05,2026-01-26,2026-01,online,Sexualised content or stereotypes,Came to seduce / steal husbands,Telegram,,Wielkopolskie,PL,Someone she knows,30-49,Link only,LC-81823,verified,10.8,Short clip on Telegram claims Ukrainian women come to Poland to find Polish husbands.
PL-000636,synthetic-demo,2026-01-28T14:15:44Z,2026-01-28,2026-W05,2026-01-26,2026-01,online,Harassment or pile-on,Came to seduce / steal husbands,Other,,Małopolskie,UA,Ukrainian women as a group,Unknown,Link and screenshot,LC-29649,verified,27.2,Video uses a sexualised stereotype of Ukrainian women to joke about Polish wives.
PL-000637,synthetic-demo,2026-01-28T18:11:06Z,2026-01-28,2026-W05,2026-01-26,2026-01,online,False claim to discredit,Abusing benefits / taking jobs,X,,Śląskie,PL,Public figure,18-29,Link only,LC-68407,verified,33.1,Post claims Ukrainian women receive more benefits than Polish families; the figures are invented.
PL-000638,synthetic-demo,2026-01-28T19:47:51Z,2026-01-28,2026-W05,2026-01-26,2026-01,in-person,Unwanted sexual comments or propositions,None (in person),,Workplace,Śląskie,PL,Herself,30-49,Photo,,verified,8.4,"Landlord made sexual comments and hinted rent could be ""paid another way""."
PL-000639,synthetic-demo,2026-01-29T10:38:12Z,2026-01-29,2026-W05,2026-01-26,2026-01,online,Manipulated image or video,Stolen photos / fake profiles,X,,Pomorskie,PL,Public figure,50+,Screenshot only,,verified,64.4,Fake account copies a woman's profile photos and messages men pretending to be her.
PL-000640,synthetic-demo,2026-01-29T12:38:09Z,2026-01-29,2026-W05,2026-01-26,2026-01,online,Doxxing or exposure,Sex work stereotypes,Telegram,,Lubelskie,PL,Ukrainian women as a group,Unknown,Description only,,verified,14.2,Post suggests a reception point in Lublin is used for sex work; no evidence given.
PL-000641,synthetic-demo,2026-01-29T17:47:40Z,2026-01-29,2026-W05,2026-01-26,2026-01,online,Harassment or pile-on,Other or unclear,Instagram,,Opolskie,UA,Ukrainian women as a group,30-49,Link and screenshot,LC-82089,verified,10,Pile-on in the comments after a Ukrainian woman spoke about her work in local media.
PL-000642,synthetic-demo,2026-01-29T18:54:36Z,2026-01-29,2026-W05,2026-01-26,2026-01,online,Sexualised content or stereotypes,Came to seduce / steal husbands,X,,Świętokrzyskie,PL,Public figure,13-17,Screenshot only,,verified,91.7,Carousel post on X claims Ukrainian women come to Poland to find Polish husbands.
PL-000643,synthetic-demo,2026-01-29T20:08:12Z,2026-01-29,2026-W05,2026-01-26,2026-01,in-person,Rumours or lies spread about her,None (in person),,School or university,Mazowieckie,PL,Someone she knows,30-49,Description only,,verified,19.7,Neighbours spread a rumour that she came to Poland to find a husband.
PL-000644,synthetic-demo,2026-01-29T21:16:47Z,2026-01-29,2026-W05,2026-01-26,2026-01,online,Fabricated story,Criminal or dangerous,TikTok,,Pomorskie,UA,Someone she knows,18-29,Link only,LC-62607,verified,44.1,Fabricated story says a Ukrainian woman stole from her employer; the photo is from another country.
PL-000645,synthetic-demo,2026-01-30T09:14:08Z,2026-01-30,2026-W05,2026-01-26,2026-01,online,Manipulated image or video,Available women / brides,TikTok,,Mazowieckie,PL,Herself,18-29,Link and screenshot,LC-26359,verified,39.5,Post presents Ukrainian women as available for dating in exchange for help with housing.
PL-000646,synthetic-demo,2026-01-30T11:03:55Z,2026-01-30,2026-W05,2026-01-26,2026-01,online,Sexualised content or stereotypes,Available women / brides,Instagram,,Wielkopolskie,PL,Ukrainian women as a group,Unknown,Link and screenshot,LC-77418,verified,59.4,"Page advertises ""Ukrainian brides"" using photos that appear to be taken from a refugee support group."
PL-000647,synthetic-demo,2026-01-30T11:51:10Z,2026-01-30,2026-W05,2026-01-26,2026-01,in-person,Verbal harassment or insults,None (in person),,Other,Mazowieckie,RU,Herself,18-29,Description only,,needs more info,20,Group of men called her names linked to her nationality in the street.
PL-000648,synthetic-demo,2026-01-30T15:41:49Z,2026-01-30,2026-W05,2026-01-26,2026-01,online,Sexualised content or stereotypes,Came to seduce / steal husbands,TikTok,,Małopolskie,PL,Ukrainian women as a group,18-29,Link only,LC-91469,verified,6.5,"Comments under a local news story say Ukrainian women ""take"" Polish men and break up families."
PL-000649,synthetic-demo,2026-01-30T15:57:03Z,2026-01-30,2026-W05,2026-01-26,2026-01,online,Sexualised content or stereotypes,Came to seduce / steal husbands,TikTok,,Mazowieckie,PL,Herself,18-29,Link only,LC-23997,verified,15.3,Meme uses a sexualised stereotype of Ukrainian women to joke about Polish wives.
PL-000650,synthetic-demo,2026-01-30T17:12:10Z,2026-01-30,2026-W05,2026-01-26,2026-01,online,Sexualised content or stereotypes,Available women / brides,X,,Warmińsko-mazurskie,PL,Someone she knows,18-29,Screenshot only,,verified,10.1,Short clip presents Ukrainian women as available for dating in exchange for help with housing.
PL-000651,synthetic-demo,2026-01-30T18:31:21Z,2026-01-30,2026-W05,2026-01-26,2026-01,online,Manipulated image or video,Available women / brides,TikTok,,Lubelskie,PL,Someone she knows,18-29,Link only,LC-18436,verified,32.5,"Meme ranks Ukrainian women by appearance and invites men to ""choose one""."
PL-000652,synthetic-demo,2026-01-30T21:35:20Z,2026-01-30,2026-W05,2026-01-26,2026-01,online,Sexualised content or stereotypes,Came to seduce / steal husbands,TikTok,,Lubuskie,PL,Ukrainian women as a group,Unknown,Screenshot only,,verified,16.6,Video on TikTok claims Ukrainian women come to Poland to find Polish husbands.
PL-000653,synthetic-demo,2026-01-31T12:28:07Z,2026-01-31,2026-W05,2026-01-26,2026-01,in-person,Unwanted sexual comments or propositions,None (in person),,Other,Podkarpackie,PL,Herself,30-49,Description only,,rejected,18.8,"Stranger asked whether she was ""one of those Ukrainian girls"" and made sexual remarks."
PL-000654,synthetic-demo,2026-01-31T17:38:43Z,2026-01-31,2026-W05,2026-01-26,2026-01,online,Sexualised content or stereotypes,Available women / brides,Instagram,,Zachodniopomorskie,PL,Public figure,18-29,Screenshot only,,verified,10.5,Video presents Ukrainian women as available for dating in exchange for help with housing.
PL-000655,synthetic-demo,2026-02-01T08:55:24Z,2026-02-01,2026-W05,2026-01-26,2026-02,online,"Fake job, housing or relationship offer",Fake offers (lures),Telegram,,Małopolskie,RU,Herself,30-49,Link and screenshot,LC-58863,verified,4,"Offer of a cleaning job near Kraków with pay far above normal, asks women to send full-length photos."
PL-000656,synthetic-demo,2026-02-01T14:18:04Z,2026-02-01,2026-W05,2026-01-26,2026-02,online,Sexualised content or stereotypes,Sex work stereotypes,Facebook,,Mazowieckie,PL,Ukrainian women as a group,Unknown,Link and screenshot,LC-12030,rejected,23.1,"Short clip describes Ukrainian women as ""easy"" and links this to the war; widely shared."
PL-000657,synthetic-demo,2026-02-01T15:40:28Z,2026-02-01,2026-W05,2026-01-26,2026-02,online,Manipulated image or video,Criminal or dangerous,X,,Lubelskie,PL,Ukrainian women as a group,Unknown,Link and screenshot,LC-77094,verified,18.7,Fabricated story says a Ukrainian woman stole from her employer; the photo is from another country.
PL-000658,synthetic-demo,2026-02-01T15:54:09Z,2026-02-01,2026-W05,2026-01-26,2026-02,online,False claim to discredit,Abusing benefits / taking jobs,Facebook,,Łódzkie,EN,Herself,30-49,Link and screenshot,LC-63933,verified,7.3,Short clip says Ukrainian mothers abuse child benefits and take kindergarten places.
PL-000659,synthetic-demo,2026-02-01T20:28:30Z,2026-02-01,2026-W05,2026-01-26,2026-02,in-person,Being followed or watched,None (in person),,Street or public transport,Dolnośląskie,PL,Someone she knows,13-17,Description only,,verified,85.4,Same car seen waiting outside her workplace several evenings.
PL-000660,synthetic-demo,2026-02-02T12:00:38Z,2026-02-02,2026-W06,2026-02-02,2026-02,online,Harassment or pile-on,Came to seduce / steal husbands,X,,Pomorskie,PL,Someone she knows,13-17,Screenshot only,,verified,14.4,"Comments under a local news story say Ukrainian women ""take"" Polish men and break up families."
PL-000661,synthetic-demo,2026-02-02T13:19:49Z,2026-02-02,2026-W06,2026-02-02,2026-02,online,Manipulated image or video,Criminal or dangerous,TikTok,,Małopolskie,RU,Herself,Unknown,Screenshot only,,verified,13.7,Old crime story from another country reshared as if it happened in Kraków with a Ukrainian woman.
PL-000662,synthetic-demo,2026-02-02T15:42:54Z,2026-02-02,2026-W06,2026-02-02,2026-02,in-person,Being followed or watched,None (in person),,Street or public transport,Małopolskie,PL,Someone she knows,50+,Description only,,verified,7.7,Followed from the bus stop to her accommodation twice in one week.
PL-000663,synthetic-demo,2026-02-02T16:41:33Z,2026-02-02,2026-W06,2026-02-02,2026-02,online,Manipulated image or video,Criminal or dangerous,Telegram,,Pomorskie,PL,Someone she knows,30-49,Description only,,needs more info,10.4,Short clip claims Ukrainian women bring disease and crime; uses an unrelated photo.
PL-000664,synthetic-demo,2026-02-02T17:59:07Z,2026-02-02,2026-W06,2026-02-02,2026-02,online,Sexualised content or stereotypes,Sex work stereotypes,Instagram,,Dolnośląskie,PL,Ukrainian women as a group,Unknown,Description only,,needs more info,20.9,Post suggests a reception point in Wrocław is used for sex work; no evidence given.
PL-000665,synthetic-demo,2026-02-02T19:12:39Z,2026-02-02,2026-W06,2026-02-02,2026-02,online,Manipulated image or video,Criminal or dangerous,TikTok,,Świętokrzyskie,PL,Herself,Unknown,Screenshot only,,verified,9.3,Old crime story from another country reshared as if it happened in Kielce with a Ukrainian woman.
PL-000666,synthetic-demo,2026-02-02T19:56:20Z,2026-02-02,2026-W06,2026-02-02,2026-02,in-person,Unwanted sexual comments or propositions,None (in person),,Street or public transport,Lubelskie,PL,Someone she knows,18-29,Photo,,needs more info,6.5,"Man at her workplace made sexual comments and suggested she was ""available"" because she is Ukrainian."
PL-000667,synthetic-demo,2026-02-03T13:24:10Z,2026-02-03,2026-W06,2026-02-02,2026-02,in-person,Being followed or watched,None (in person),,Street or public transport,Kujawsko-pomorskie,PL,Herself,18-29,Description only,,needs more info,12.4,Man she did not know kept appearing near her building and watching the entrance.
PL-000668,synthetic-demo,2026-02-03T14:52:08Z,2026-02-03,2026-W06,2026-02-02,2026-02,online,Doxxing or exposure,Stolen photos / fake profiles,Instagram,,Mazowieckie,PL,Herself,18-29,Link only,LC-54102,verified,8.9,Dating profile uses photos of a Ukrainian woman without her consent.
PL-000669,synthetic-demo,2026-02-03T15:40:15Z,2026-02-03,2026-W06,2026-02-02,2026-02,online,Fabricated story,Abusing benefits / taking jobs,X,,Łódzkie,PL,Ukrainian women as a group,Unknown,Link and screenshot,LC-18307,verified,23.8,Comment thread says Ukrainian mothers abuse child benefits and take kindergarten places.
PL-000670,synthetic-demo,2026-02-03T15:48:50Z,2026-02-03,2026-W06,2026-02-02,2026-02,online,False claim to discredit,Abusing benefits / taking jobs,Telegram,,Pomorskie,PL,Herself,18-29,Screenshot only,,verified,4,"Chart with false numbers about benefits paid to Ukrainian women, shared as if official."
PL-000671,synthetic-demo,2026-02-03T16:29:50Z,2026-02-03,2026-W06,2026-02-02,2026-02,online,Doxxing or exposure,Stolen photos / fake profiles,Instagram,,Małopolskie,EN,Someone she knows,18-29,Link and screenshot,LC-87521,verified,15.4,Edited photo puts a Ukrainian woman's face on a sexualised image; shared in a group.
PL-000672,synthetic-demo,2026-02-03T17:58:34Z,2026-02-03,2026-W06,2026-02-02,2026-02,online,Sexualised content or stereotypes,Available women / brides,X,,Zachodniopomorskie,PL,Ukrainian women as a group,13-17,Description only,,verified,11,"Account shares sexualised images captioned as Ukrainian women ""looking for a husband""."
PL-000673,synthetic-demo,2026-02-03T19:51:20Z,2026-02-03,2026-W06,2026-02-02,2026-02,online,Harassment or pile-on,Sex work stereotypes,X,,Kujawsko-pomorskie,EN,Ukrainian women as a group,Unknown,Screenshot only,,verified,36,Comments call a Ukrainian woman a sex worker after she posted about her new job.
PL-000674,synthetic-demo,2026-02-04T09:47:18Z,2026-02-04,2026-W06,2026-02-02,2026-02,online,Fabricated story,Came to seduce / steal husbands,Facebook,,Opolskie,PL,Ukrainian women as a group,13-17,Link and screenshot,LC-37690,verified,16.4,Short clip uses a sexualised stereotype of Ukrainian women to joke about Polish wives.
PL-000675,synthetic-demo,2026-02-04T13:28:53Z,2026-02-04,2026-W06,2026-02-02,2026-02,online,"Fake job, housing or relationship offer",Fake offers (lures),Classifieds site,,Mazowieckie,RU,Ukrainian women as a group,18-29,Link and screenshot,LC-48793,verified,9.9,"Message offers a free room to young Ukrainian women ""in exchange for help around the house""."
PL-000676,synthetic-demo,2026-02-04T13:40:58Z,2026-02-04,2026-W06,2026-02-02,2026-02,in-person,Verbal harassment or insults,None (in person),,Street or public transport,Wielkopolskie,PL,Herself,Unknown,Description only,,verified,12.7,Insulted by a customer at work after they heard her accent.
PL-000677,synthetic-demo,2026-02-04T14:56:45Z,2026-02-04,2026-W06,2026-02-02,2026-02,online,Harassment or pile-on,Came to seduce / steal husbands,Other,,Śląskie,PL,Someone she knows,50+,Link only,LC-43791,verified,6,Carousel post mocks Ukrainian women as only interested in men with money; many replies agree.
PL-000678,synthetic-demo,2026-02-04T15:03:22Z,2026-02-04,2026-W06,2026-02-02,2026-02,online,Doxxing or exposure,Stolen photos / fake profiles,Facebook,,Podkarpackie,PL,Herself,13-17,Link only,LC-22726,verified,11.4,Photos from a Ukrainian woman's private account reposted on a page with sexual captions.
PL-000679,synthetic-demo,2026-02-04T20:52:55Z,2026-02-04,2026-W06,2026-02-02,2026-02,in-person,Unwanted sexual comments or propositions,None (in person),,Street or public transport,Zachodniopomorskie,PL,Herself,Unknown,Description only,,needs more info,8.9,"Stranger asked whether she was ""one of those Ukrainian girls"" and made sexual remarks."
PL-000680,synthetic-demo,2026-02-05T06:33:55Z,2026-02-05,2026-W06,2026-02-02,2026-02,online,Sexualised content or stereotypes,Sex work stereotypes,Instagram,,Małopolskie,PL,Ukrainian women as a group,Unknown,Description only,,verified,60.7,Comments call a Ukrainian woman a sex worker after she posted about her new job.
PL-000681,synthetic-demo,2026-02-05T08:57:17Z,2026-02-05,2026-W06,2026-02-02,2026-02,online,Sexualised content or stereotypes,Came to seduce / steal husbands,Telegram,,Łódzkie,PL,Herself,30-49,Link and screenshot,LC-62915,verified,26.1,Comment thread on Telegram claims Ukrainian women come to Poland to find Polish husbands.
PL-000682,synthetic-demo,2026-02-05T10:19:34Z,2026-02-05,2026-W06,2026-02-02,2026-02,in-person,Being followed or watched,None (in person),,Accommodation or housing,Dolnośląskie,PL,Someone she knows,30-49,Photo,,verified,4.5,Same car seen waiting outside her workplace several evenings.
PL-000683,synthetic-demo,2026-02-05T12:11:45Z,2026-02-05,2026-W06,2026-02-02,2026-02,online,Manipulated image or video,Stolen photos / fake profiles,Instagram,,Wielkopolskie,UA,Someone she knows,18-29,Screenshot only,,verified,14.2,Photos from a Ukrainian woman's private account reposted on a page with sexual captions.
PL-000684,synthetic-demo,2026-02-05T13:20:18Z,2026-02-05,2026-W06,2026-02-02,2026-02,in-person,Verbal harassment or insults,None (in person),,Other,Dolnośląskie,PL,Herself,50+,Description only,,verified,8.8,Insulted by a customer at work after they heard her accent.
PL-000685,synthetic-demo,2026-02-05T16:16:30Z,2026-02-05,2026-W06,2026-02-02,2026-02,online,Fabricated story,Other or unclear,X,,Mazowieckie,PL,Ukrainian women as a group,30-49,Description only,,needs more info,23.7,Her home area and phone number were posted in a hostile group.
PL-000686,synthetic-demo,2026-02-05T20:10:49Z,2026-02-05,2026-W06,2026-02-02,2026-02,online,Sexualised content or stereotypes,Available women / brides,TikTok,,Śląskie,EN,Someone she knows,30-49,Link only,LC-82661,verified,3.6,"Page advertises ""Ukrainian brides"" using photos that appear to be taken from a refugee support group."
PL-000687,synthetic-demo,2026-02-05T23:16:58Z,2026-02-05,2026-W06,2026-02-02,2026-02,in-person,Other (in person),None (in person),,Workplace,Zachodniopomorskie,PL,Herself,18-29,Description only,,pending,,Treated in a degrading way at an office when asking for help.
PL-000688,synthetic-demo,2026-02-06T09:10:04Z,2026-02-06,2026-W06,2026-02-02,2026-02,online,Doxxing or exposure,Sex work stereotypes,Facebook,,Lubelskie,PL,Someone she knows,13-17,Link and screenshot,LC-86990,verified,49.5,Comments call a Ukrainian woman a sex worker after she posted about her new job.
PL-000689,synthetic-demo,2026-02-06T15:24:40Z,2026-02-06,2026-W06,2026-02-02,2026-02,in-person,Threats or intimidation,None (in person),,Accommodation or housing,Warmińsko-mazurskie,UA,Herself,30-49,Description only,,needs more info,26.4,Employer threatened to report her to the authorities if she complained about pay.
PL-000690,synthetic-demo,2026-02-06T16:06:01Z,2026-02-06,2026-W06,2026-02-02,2026-02,in-person,Unwanted sexual comments or propositions,None (in person),,Street or public transport,Pomorskie,UA,Herself,18-29,Description only,,verified,17.5,"Landlord made sexual comments and hinted rent could be ""paid another way""."
PL-000691,synthetic-demo,2026-02-06T19:15:42Z,2026-02-06,2026-W06,2026-02-02,2026-02,online,False claim to discredit,Abusing benefits / taking jobs,X,,Mazowieckie,PL,Ukrainian women as a group,Unknown,Link only,LC-99075,verified,16.9,Post claims Ukrainian women receive more benefits than Polish families; the figures are invented.
PL-000692,synthetic-demo,2026-02-06T19:59:56Z,2026-02-06,2026-W06,2026-02-02,2026-02,in-person,Unwanted sexual comments or propositions,None (in person),,Street or public transport,Wielkopolskie,PL,Herself,Unknown,Description only,,rejected,7.4,"Man at her workplace made sexual comments and suggested she was ""available"" because she is Ukrainian."
PL-000693,synthetic-demo,2026-02-07T13:13:18Z,2026-02-07,2026-W06,2026-02-02,2026-02,online,Sexualised content or stereotypes,Available women / brides,TikTok,,Zachodniopomorskie,EN,Ukrainian women as a group,Unknown,Link only,LC-58525,verified,90,Carousel post presents Ukrainian women as available for dating in exchange for help with housing.
PL-000694,synthetic-demo,2026-02-07T13:26:12Z,2026-02-07,2026-W06,2026-02-02,2026-02,online,Sexualised content or stereotypes,Sex work stereotypes,TikTok,,Kujawsko-pomorskie,UA,Ukrainian women as a group,13-17,Link only,LC-96912,verified,28.1,Post suggests a reception point in Bydgoszcz is used for sex work; no evidence given.
PL-000695,synthetic-demo,2026-02-08T11:24:42Z,2026-02-08,2026-W06,2026-02-02,2026-02,online,Sexualised content or stereotypes,Came to seduce / steal husbands,TikTok,,Świętokrzyskie,PL,Ukrainian women as a group,Unknown,Link and screenshot,LC-55471,verified,17.9,"Comments under a local news story say Ukrainian women ""take"" Polish men and break up families."
PL-000696,synthetic-demo,2026-02-08T12:50:09Z,2026-02-08,2026-W06,2026-02-02,2026-02,in-person,Threats or intimidation,None (in person),,Other,Lubuskie,PL,Someone she knows,30-49,Description only,,rejected,7.5,Former partner threatened to share private photos.
PL-000697,synthetic-demo,2026-02-08T17:42:27Z,2026-02-08,2026-W06,2026-02-02,2026-02,online,Harassment or pile-on,Abusing benefits / taking jobs,X,,Lubelskie,PL,Someone she knows,50+,Link and screenshot,LC-34944,verified,10.7,Post claims Ukrainian women receive more benefits than Polish families; the figures are invented.
PL-000698,synthetic-demo,2026-02-09T05:06:43Z,2026-02-09,2026-W07,2026-02-09,2026-02,online,False claim to discredit,Abusing benefits / taking jobs,X,,Mazowieckie,PL,Herself,18-29,Link and screenshot,LC-17493,verified,138.5,"Many near-identical posts say Ukrainian women ""live on Polish taxes""; figures do not match official data."
PL-000699,synthetic-demo,2026-02-09T05:16:30Z,2026-02-09,2026-W07,2026-02-09,2026-02,online,Sexualised content or stereotypes,Sex work stereotypes,Instagram,,Lubelskie,PL,Ukrainian women as a group,30-49,Description only,,verified,47.4,Post suggests a reception point in Lublin is used for sex work; no evidence given.
PL-000700,synthetic-demo,2026-02-09T07:31:59Z,2026-02-09,2026-W07,2026-02-09,2026-02,online,Sexualised content or stereotypes,Available women / brides,TikTok,,Mazowieckie,UA,Ukrainian women as a group,Unknown,Link only,LC-57828,verified,5.4,"Page advertises ""Ukrainian brides"" using photos that appear to be taken from a refugee support group."
PL-000701,synthetic-demo,2026-02-09T10:56:30Z,2026-02-09,2026-W07,2026-02-09,2026-02,online,Fabricated story,Abusing benefits / taking jobs,Facebook,,Wielkopolskie,PL,Public figure,Unknown,Screenshot only,,verified,37.4,"After the benefits-policy debate, a post claims Ukrainian women get priority for social housing; no source."
PL-000702,synthetic-demo,2026-02-09T12:12:34Z,2026-02-09,2026-W07,2026-02-09,2026-02,online,False claim to discredit,Abusing benefits / taking jobs,Facebook,,Mazowieckie,PL,Ukrainian women as a group,Unknown,Screenshot only,,verified,9.5,"After the benefits-policy debate, a post claims Ukrainian women get priority for social housing; no source."
PL-000703,synthetic-demo,2026-02-09T13:30:23Z,2026-02-09,2026-W07,2026-02-09,2026-02,in-person,Unwanted sexual comments or propositions,None (in person),,Community or religious place,Małopolskie,PL,Herself,13-17,Description only,,needs more info,16.9,"Man at her workplace made sexual comments and suggested she was ""available"" because she is Ukrainian."
PL-000704,synthetic-demo,2026-02-09T14:30:45Z,2026-02-09,2026-W07,2026-02-09,2026-02,online,Fabricated story,Abusing benefits / taking jobs,TikTok,,Świętokrzyskie,PL,Herself,Unknown,Link and screenshot,LC-12222,verified,33.3,"Chart with false numbers about benefits paid to Ukrainian women, shared as if official."
PL-000705,synthetic-demo,2026-02-09T15:48:11Z,2026-02-09,2026-W07,2026-02-09,2026-02,online,False claim to discredit,Abusing benefits / taking jobs,X,,Mazowieckie,PL,Ukrainian women as a group,Unknown,Link and screenshot,LC-15116,verified,18.6,Video calls for benefits for Ukrainian women to be cut and describes them as lazy.
PL-000706,synthetic-demo,2026-02-09T16:04:43Z,2026-02-09,2026-W07,2026-02-09,2026-02,online,Harassment or pile-on,Other or unclear,X,,Śląskie,PL,Herself,30-49,Link and screenshot,LC-30503,verified,5.8,Her home area and phone number were posted in a hostile group.
PL-000707,synthetic-demo,2026-02-09T16:12:10Z,2026-02-09,2026-W07,2026-02-09,2026-02,online,Sexualised content or stereotypes,Available women / brides,X,,Mazowieckie,EN,Ukrainian women as a group,18-29,Link and screenshot,LC-74893,verified,7.5,"Page advertises ""Ukrainian brides"" using photos that appear to be taken from a refugee support group."
PL-000708,synthetic-demo,2026-02-09T21:23:57Z,2026-02-09,2026-W07,2026-02-09,2026-02,online,False claim to discredit,Abusing benefits / taking jobs,X,,Mazowieckie,PL,Public figure,30-49,Link only,LC-20017,needs more info,11.1,Carousel post calls for benefits for Ukrainian women to be cut and describes them as lazy.
PL-000709,synthetic-demo,2026-02-09T23:44:04Z,2026-02-09,2026-W07,2026-02-09,2026-02,online,"Fake job, housing or relationship offer",Fake offers (lures),Telegram,,Pomorskie,RU,Ukrainian women as a group,Unknown,Link and screenshot,LC-49280,verified,19,"Offer of a care worker job near Gdańsk with pay far above normal, asks women to send full-length photos."
PL-000710,synthetic-demo,2026-02-10T06:32:10Z,2026-02-10,2026-W07,2026-02-09,2026-02,online,Harassment or pile-on,Available women / brides,X,,Lubuskie,PL,Ukrainian women as a group,Unknown,Link only,LC-65839,verified,30.2,Post presents Ukrainian women as available for dating in exchange for help with housing.
PL-000711,synthetic-demo,2026-02-10T11:43:36Z,2026-02-10,2026-W07,2026-02-09,2026-02,in-person,Rumours or lies spread about her,None (in person),,Street or public transport,Podkarpackie,PL,Herself,30-49,Description only,,pending,,"Parents at school said she had a ""bad reputation"" because she is Ukrainian."
PL-000712,synthetic-demo,2026-02-10T12:13:31Z,2026-02-10,2026-W07,2026-02-09,2026-02,online,Fabricated story,Criminal or dangerous,Facebook,,Kujawsko-pomorskie,PL,Herself,18-29,Link and screenshot,LC-66642,needs more info,8.6,Fabricated story says a Ukrainian woman stole from her employer; the photo is from another country.
PL-000713,synthetic-demo,2026-02-10T13:16:41Z,2026-02-10,2026-W07,2026-02-09,2026-02,online,Fabricated story,Came to seduce / steal husbands,Telegram,,Lubelskie,UA,Herself,18-29,Link only,LC-36615,verified,10.4,"Comments under a local news story say Ukrainian women ""take"" Polish men and break up families."
PL-000714,synthetic-demo,2026-02-10T14:23:39Z,2026-02-10,2026-W07,2026-02-09,2026-02,in-person,Unwanted sexual comments or propositions,None (in person),,Accommodation or housing,Łódzkie,PL,Herself,30-49,Description only,,rejected,18,"Stranger asked whether she was ""one of those Ukrainian girls"" and made sexual remarks."
PL-000715,synthetic-demo,2026-02-10T14:28:23Z,2026-02-10,2026-W07,2026-02-09,2026-02,online,Sexualised content or stereotypes,Came to seduce / steal husbands,X,,Dolnośląskie,PL,Someone she knows,30-49,Screenshot only,,verified,39.4,Carousel post mocks Ukrainian women as only interested in men with money; many replies agree.
PL-000716,synthetic-demo,2026-02-11T08:59:36Z,2026-02-11,2026-W07,2026-02-09,2026-02,online,False claim to discredit,Abusing benefits / taking jobs,X,,Dolnośląskie,PL,Someone she knows,50+,Link and screenshot,LC-59652,verified,47.8,Meme calls for benefits for Ukrainian women to be cut and describes them as lazy.
PL-000717,synthetic-demo,2026-02-11T09:34:19Z,2026-02-11,2026-W07,2026-02-09,2026-02,online,Fabricated story,Other or unclear,Facebook,,Kujawsko-pomorskie,PL,Ukrainian women as a group,30-49,Link and screenshot,LC-41385,verified,5.5,Hostile messages sent to several Ukrainian women in a local community group.
PL-000718,synthetic-demo,2026-02-11T09:46:34Z,2026-02-11,2026-W07,2026-02-09,2026-02,online,False claim to discredit,Abusing benefits / taking jobs,Facebook,,Mazowieckie,PL,Ukrainian women as a group,Unknown,Description only,,verified,93,Short clip calls for benefits for Ukrainian women to be cut and describes them as lazy.
PL-000719,synthetic-demo,2026-02-11T11:07:17Z,2026-02-11,2026-W07,2026-02-09,2026-02,online,False claim to discredit,Abusing benefits / taking jobs,Facebook,,Mazowieckie,PL,Someone she knows,18-29,Link and screenshot,LC-57195,verified,35.8,"Many near-identical posts say Ukrainian women ""live on Polish taxes""; figures do not match official data."
PL-000720,synthetic-demo,2026-02-11T11:48:21Z,2026-02-11,2026-W07,2026-02-09,2026-02,in-person,Verbal harassment or insults,None (in person),,Shop or service,Warmińsko-mazurskie,PL,Someone she knows,18-29,Description only,,verified,6.1,Insulted by a customer at work after they heard her accent.
PL-000721,synthetic-demo,2026-02-11T12:48:53Z,2026-02-11,2026-W07,2026-02-09,2026-02,online,False claim to discredit,Sex work stereotypes,Facebook,,Podkarpackie,PL,Ukrainian women as a group,Unknown,Screenshot only,,verified,4.4,Comments call a Ukrainian woman a sex worker after she posted about her new job.
PL-000722,synthetic-demo,2026-02-11T13:07:12Z,2026-02-11,2026-W07,2026-02-09,2026-02,online,Harassment or pile-on,Other or unclear,TikTok,,Dolnośląskie,UA,Ukrainian women as a group,Unknown,Screenshot only,,pending,,Hostile messages sent to several Ukrainian women in a local community group.
PL-000723,synthetic-demo,2026-02-11T13:23:04Z,2026-02-11,2026-W07,2026-02-09,2026-02,in-person,Unwanted sexual comments or propositions,None (in person),,Workplace,Zachodniopomorskie,PL,Herself,Unknown,Description only,,verified,9.2,"Landlord made sexual comments and hinted rent could be ""paid another way""."
PL-000724,synthetic-demo,2026-02-11T14:05:53Z,2026-02-11,2026-W07,2026-02-09,2026-02,online,False claim to discredit,Abusing benefits / taking jobs,Facebook,,Mazowieckie,PL,Ukrainian women as a group,Unknown,Screenshot only,,verified,16,Carousel post calls for benefits for Ukrainian women to be cut and describes them as lazy.
PL-000725,synthetic-demo,2026-02-11T17:20:28Z,2026-02-11,2026-W07,2026-02-09,2026-02,online,"Fake job, housing or relationship offer",Fake offers (lures),Classifieds site,,Małopolskie,RU,Ukrainian women as a group,Unknown,Link only,LC-85987,verified,11.5,"Message offers a free room to young Ukrainian women ""in exchange for help around the house""."
PL-000726,synthetic-demo,2026-02-11T18:07:46Z,2026-02-11,2026-W07,2026-02-09,2026-02,online,False claim to discredit,Abusing benefits / taking jobs,X,,Mazowieckie,PL,Someone she knows,Unknown,Link and screenshot,LC-47363,verified,27.3,"After the benefits-policy debate, a post claims Ukrainian women get priority for social housing; no source."
PL-000727,synthetic-demo,2026-02-11T20:03:12Z,2026-02-11,2026-W07,2026-02-09,2026-02,online,Fabricated story,Abusing benefits / taking jobs,Telegram,,Dolnośląskie,RU,Public figure,18-29,Link only,LC-13776,verified,21.2,Short clip says Ukrainian mothers abuse child benefits and take kindergarten places.
PL-000728,synthetic-demo,2026-02-12T08:58:16Z,2026-02-12,2026-W07,2026-02-09,2026-02,online,Sexualised content or stereotypes,Available women / brides,X,,Kujawsko-pomorskie,PL,Public figure,50+,Link only,LC-48501,verified,57.7,"Page advertises ""Ukrainian brides"" using photos that appear to be taken from a refugee support group."
PL-000729,synthetic-demo,2026-02-12T10:35:31Z,2026-02-12,2026-W07,2026-02-09,2026-02,online,Sexualised content or stereotypes,Came to seduce / steal husbands,Other,,Mazowieckie,PL,Herself,50+,Screenshot only,,verified,36.2,"Comments under a local news story say Ukrainian women ""take"" Polish men and break up families."
PL-000730,synthetic-demo,2026-02-12T11:37:46Z,2026-02-12,2026-W07,2026-02-09,2026-02,online,False claim to discredit,Abusing benefits / taking jobs,Facebook,,Mazowieckie,PL,Someone she knows,18-29,Link only,LC-11220,verified,29.9,"After the benefits-policy debate, a post claims Ukrainian women get priority for social housing; no source."
PL-000731,synthetic-demo,2026-02-12T12:52:14Z,2026-02-12,2026-W07,2026-02-09,2026-02,online,False claim to discredit,Abusing benefits / taking jobs,X,,Mazowieckie,PL,Ukrainian women as a group,Unknown,Screenshot only,,verified,41.6,Post calls for benefits for Ukrainian women to be cut and describes them as lazy.
PL-000732,synthetic-demo,2026-02-12T13:06:13Z,2026-02-12,2026-W07,2026-02-09,2026-02,online,False claim to discredit,Abusing benefits / taking jobs,X,,Mazowieckie,PL,Ukrainian women as a group,Unknown,Screenshot only,,verified,19.1,Carousel post repeats the claim from the benefits-policy debate that Ukrainian mothers are paid more than Polish mothers.
PL-000733,synthetic-demo,2026-02-12T14:31:49Z,2026-02-12,2026-W07,2026-02-09,2026-02,online,False claim to discredit,Abusing benefits / taking jobs,Facebook,,Mazowieckie,PL,Herself,18-29,Link only,LC-20199,verified,3.5,"Many near-identical posts say Ukrainian women ""live on Polish taxes""; figures do not match official data."
PL-000734,synthetic-demo,2026-02-12T14:39:56Z,2026-02-12,2026-W07,2026-02-09,2026-02,online,Sexualised content or stereotypes,Sex work stereotypes,X,,Śląskie,PL,Public figure,18-29,Screenshot only,,verified,27.9,Comments call a Ukrainian woman a sex worker after she posted about her new job.
PL-000735,synthetic-demo,2026-02-12T14:55:47Z,2026-02-12,2026-W07,2026-02-09,2026-02,online,"Fake job, housing or relationship offer",Fake offers (lures),Classifieds site,,Wielkopolskie,UA,Herself,13-17,Description only,,verified,4.9,"Offer of a model job near Poznań with pay far above normal, asks women to send full-length photos."
PL-000736,synthetic-demo,2026-02-12T15:30:26Z,2026-02-12,2026-W07,2026-02-09,2026-02,online,False claim to discredit,Abusing benefits / taking jobs,Facebook,,Mazowieckie,PL,Ukrainian women as a group,Unknown,Link and screenshot,LC-13760,needs more info,40.7,"After the benefits-policy debate, a post claims Ukrainian women get priority for social housing; no source."
PL-000737,synthetic-demo,2026-02-12T20:19:34Z,2026-02-12,2026-W07,2026-02-09,2026-02,online,False claim to discredit,Abusing benefits / taking jobs,X,,Mazowieckie,PL,Ukrainian women as a group,Unknown,Description only,,verified,2.3,"After the benefits-policy debate, a post claims Ukrainian women get priority for social housing; no source."
PL-000738,synthetic-demo,2026-02-12T20:46:19Z,2026-02-12,2026-W07,2026-02-09,2026-02,online,False claim to discredit,Abusing benefits / taking jobs,Facebook,,Mazowieckie,PL,Herself,18-29,Screenshot only,,verified,110.8,Video repeats the claim from the benefits-policy debate that Ukrainian mothers are paid more than Polish mothers.
PL-000739,synthetic-demo,2026-02-12T21:22:43Z,2026-02-12,2026-W07,2026-02-09,2026-02,online,Fabricated story,Abusing benefits / taking jobs,Facebook,,Śląskie,PL,Ukrainian women as a group,Unknown,Screenshot only,,needs more info,15.7,"Many near-identical posts say Ukrainian women ""live on Polish taxes""; figures do not match official data."
PL-000740,synthetic-demo,2026-02-12T22:23:46Z,2026-02-12,2026-W07,2026-02-09,2026-02,online,Sexualised content or stereotypes,Came to seduce / steal husbands,X,,Dolnośląskie,PL,Herself,18-29,Screenshot only,,verified,114.4,Meme mocks Ukrainian women as only interested in men with money; many replies agree.
PL-000741,synthetic-demo,2026-02-13T09:35:11Z,2026-02-13,2026-W07,2026-02-09,2026-02,online,Sexualised content or stereotypes,Available women / brides,Facebook,,Mazowieckie,PL,Public figure,18-29,Link only,LC-96338,verified,53,"Account shares sexualised images captioned as Ukrainian women ""looking for a husband""."
PL-000742,synthetic-demo,2026-02-13T10:01:47Z,2026-02-13,2026-W07,2026-02-09,2026-02,online,Fabricated story,Abusing benefits / taking jobs,X,,Kujawsko-pomorskie,PL,Ukrainian women as a group,Unknown,Screenshot only,,verified,50.1,"Many near-identical posts say Ukrainian women ""live on Polish taxes""; figures do not match official data."
PL-000743,synthetic-demo,2026-02-13T12:58:40Z,2026-02-13,2026-W07,2026-02-09,2026-02,online,False claim to discredit,Abusing benefits / taking jobs,TikTok,,Warmińsko-mazurskie,PL,Ukrainian women as a group,Unknown,Link and screenshot,LC-23288,verified,9.3,Video says Ukrainian mothers abuse child benefits and take kindergarten places.
PL-000744,synthetic-demo,2026-02-13T14:02:22Z,2026-02-13,2026-W07,2026-02-09,2026-02,online,Harassment or pile-on,Came to seduce / steal husbands,Instagram,,Dolnośląskie,EN,Ukrainian women as a group,Unknown,Screenshot only,,verified,13.9,Post on Instagram claims Ukrainian women come to Poland to find Polish husbands.
PL-000745,synthetic-demo,2026-02-13T14:52:55Z,2026-02-13,2026-W07,2026-02-09,2026-02,in-person,Other (in person),None (in person),,Street or public transport,Małopolskie,PL,Someone she knows,18-29,Description only,,verified,7.9,Treated in a degrading way at an office when asking for help.
PL-000746,synthetic-demo,2026-02-13T17:23:58Z,2026-02-13,2026-W07,2026-02-09,2026-02,online,Doxxing or exposure,Stolen photos / fake profiles,X,,Pomorskie,PL,Herself,13-17,Link and screenshot,LC-31341,verified,48.7,Edited photo puts a Ukrainian woman's face on a sexualised image; shared in a group.
PL-000747,synthetic-demo,2026-02-13T18:09:20Z,2026-02-13,2026-W07,2026-02-09,2026-02,online,Fabricated story,Came to seduce / steal husbands,X,,Łódzkie,PL,Herself,Unknown,Description only,,verified,23.8,Comment thread on X claims Ukrainian women come to Poland to find Polish husbands.
PL-000748,synthetic-demo,2026-02-13T20:23:43Z,2026-02-13,2026-W07,2026-02-09,2026-02,in-person,Verbal harassment or insults,None (in person),,Accommodation or housing,Pomorskie,PL,Someone she knows,30-49,Description only,,rejected,21.4,Insulted by a customer at work after they heard her accent.
PL-000749,synthetic-demo,2026-02-14T04:23:00Z,2026-02-14,2026-W07,2026-02-09,2026-02,in-person,Verbal harassment or insults,None (in person),,Workplace,Łódzkie,UA,Herself,Unknown,Description only,,verified,11.2,Insulted by a customer at work after they heard her accent.
PL-000750,synthetic-demo,2026-02-14T07:59:42Z,2026-02-14,2026-W07,2026-02-09,2026-02,online,Harassment or pile-on,Available women / brides,TikTok,,Kujawsko-pomorskie,PL,Ukrainian women as a group,30-49,Description only,,needs more info,32.7,"Account shares sexualised images captioned as Ukrainian women ""looking for a husband""."
PL-000751,synthetic-demo,2026-02-14T10:40:01Z,2026-02-14,2026-W07,2026-02-09,2026-02,online,Fabricated story,Abusing benefits / taking jobs,X,,Opolskie,PL,Herself,30-49,Link only,LC-31295,rejected,18.5,Carousel post calls for benefits for Ukrainian women to be cut and describes them as lazy.
PL-000752,synthetic-demo,2026-02-14T14:33:39Z,2026-02-14,2026-W07,2026-02-09,2026-02,online,Fabricated story,Abusing benefits / taking jobs,Facebook,,Mazowieckie,PL,Ukrainian women as a group,Unknown,Screenshot only,,rejected,12.1,"After the benefits-policy debate, a post claims Ukrainian women get priority for social housing; no source."
PL-000753,synthetic-demo,2026-02-14T15:05:00Z,2026-02-14,2026-W07,2026-02-09,2026-02,online,False claim to discredit,Abusing benefits / taking jobs,Facebook,,Mazowieckie,PL,Ukrainian women as a group,Unknown,Link and screenshot,LC-48990,verified,10.5,Comment thread calls for benefits for Ukrainian women to be cut and describes them as lazy.
PL-000754,synthetic-demo,2026-02-14T15:50:37Z,2026-02-14,2026-W07,2026-02-09,2026-02,online,Harassment or pile-on,Came to seduce / steal husbands,Facebook,,Małopolskie,PL,Herself,Unknown,Screenshot only,,verified,29.8,"Comments under a local news story say Ukrainian women ""take"" Polish men and break up families."
PL-000755,synthetic-demo,2026-02-15T05:41:57Z,2026-02-15,2026-W07,2026-02-09,2026-02,in-person,Verbal harassment or insults,None (in person),,Street or public transport,Dolnośląskie,PL,Herself,30-49,Description only,,verified,25.8,Shouted at on public transport in Wrocław for speaking Ukrainian.
PL-000756,synthetic-demo,2026-02-15T09:12:23Z,2026-02-15,2026-W07,2026-02-09,2026-02,online,False claim to discredit,Sex work stereotypes,X,,Łódzkie,PL,Public figure,13-17,Screenshot only,,verified,31.6,Comment thread claims Ukrainian women arriving in Poland mostly work in the sex industry.
PL-000757,synthetic-demo,2026-02-15T13:24:22Z,2026-02-15,2026-W07,2026-02-09,2026-02,online,Harassment or pile-on,Other or unclear,X,,Warmińsko-mazurskie,PL,Ukrainian women as a group,Unknown,Link and screenshot,LC-70867,verified,91.2,Pile-on in the comments after a Ukrainian woman spoke about her work in local media.
PL-000758,synthetic-demo,2026-02-15T14:11:58Z,2026-02-15,2026-W07,2026-02-09,2026-02,in-person,Physical or sexual violence,None (in person),,Accommodation or housing,Warmińsko-mazurskie,PL,Herself,18-29,Description only,,pending,,Pushed and hit by a stranger who shouted about Ukrainians.
PL-000759,synthetic-demo,2026-02-15T15:15:48Z,2026-02-15,2026-W07,2026-02-09,2026-02,online,Harassment or pile-on,Available women / brides,X,,Śląskie,EN,Herself,30-49,Link only,LC-30530,verified,42.6,"Video ranks Ukrainian women by appearance and invites men to ""choose one""."
PL-000760,synthetic-demo,2026-02-15T16:26:32Z,2026-02-15,2026-W07,2026-02-09,2026-02,online,False claim to discredit,Abusing benefits / taking jobs,Facebook,,Mazowieckie,PL,Ukrainian women as a group,Unknown,Link only,LC-74409,verified,13.2,"Many near-identical posts say Ukrainian women ""live on Polish taxes""; figures do not match official data."
PL-000761,synthetic-demo,2026-02-15T17:13:48Z,2026-02-15,2026-W07,2026-02-09,2026-02,online,Sexualised content or stereotypes,Came to seduce / steal husbands,TikTok,,Warmińsko-mazurskie,PL,Herself,18-29,Screenshot only,,verified,79.5,"Comments under a local news story say Ukrainian women ""take"" Polish men and break up families."
PL-000762,synthetic-demo,2026-02-15T19:09:48Z,2026-02-15,2026-W07,2026-02-09,2026-02,online,False claim to discredit,Abusing benefits / taking jobs,X,,Pomorskie,PL,Public figure,18-29,Link and screenshot,LC-55750,verified,14.7,"After the benefits-policy debate, a post claims Ukrainian women get priority for social housing; no source."
PL-000763,synthetic-demo,2026-02-15T20:46:33Z,2026-02-15,2026-W07,2026-02-09,2026-02,in-person,Physical or sexual violence,None (in person),,Street or public transport,Pomorskie,RU,Someone she knows,Unknown,Description only,,needs more info,12.9,Pushed and hit by a stranger who shouted about Ukrainians.
PL-000764,synthetic-demo,2026-02-15T22:27:29Z,2026-02-15,2026-W07,2026-02-09,2026-02,online,Fabricated story,Abusing benefits / taking jobs,X,,Mazowieckie,PL,Ukrainian women as a group,18-29,Link only,LC-65678,verified,31,"After the benefits-policy debate, a post claims Ukrainian women get priority for social housing; no source."
PL-000765,synthetic-demo,2026-02-15T23:58:33Z,2026-02-15,2026-W07,2026-02-09,2026-02,online,Sexualised content or stereotypes,Came to seduce / steal husbands,TikTok,,Kujawsko-pomorskie,PL,Public figure,30-49,Link and screenshot,LC-25707,verified,35.2,Video mocks Ukrainian women as only interested in men with money; many replies agree.
PL-000766,synthetic-demo,2026-02-16T07:37:09Z,2026-02-16,2026-W08,2026-02-16,2026-02,online,Sexualised content or stereotypes,Came to seduce / steal husbands,TikTok,,Wielkopolskie,UA,Herself,30-49,Screenshot only,,verified,3.5,Video on TikTok claims Ukrainian women come to Poland to find Polish husbands.
PL-000767,synthetic-demo,2026-02-16T09:58:30Z,2026-02-16,2026-W08,2026-02-16,2026-02,online,False claim to discredit,Abusing benefits / taking jobs,X,,Mazowieckie,PL,Ukrainian women as a group,Unknown,Link only,LC-62146,verified,14.4,"Many near-identical posts say Ukrainian women ""live on Polish taxes""; figures do not match official data."
PL-000768,synthetic-demo,2026-02-16T13:27:29Z,2026-02-16,2026-W08,2026-02-16,2026-02,online,Other (online),Other or unclear,X,,Podkarpackie,PL,Ukrainian women as a group,Unknown,Link and screenshot,LC-22014,verified,12.3,Hostile messages sent to several Ukrainian women in a local community group.
PL-000769,synthetic-demo,2026-02-16T15:24:35Z,2026-02-16,2026-W08,2026-02-16,2026-02,in-person,Verbal harassment or insults,None (in person),,Accommodation or housing,Mazowieckie,PL,Someone she knows,18-29,Description only,,rejected,40.2,Group of men called her names linked to her nationality in the street.
PL-000770,synthetic-demo,2026-02-16T16:13:18Z,2026-02-16,2026-W08,2026-02-16,2026-02,online,False claim to discredit,Abusing benefits / taking jobs,X,,Lubelskie,PL,Ukrainian women as a group,18-29,Screenshot only,,verified,29.2,Post claims Ukrainian women receive more benefits than Polish families; the figures are invented.
PL-000771,synthetic-demo,2026-02-16T17:11:02Z,2026-02-16,2026-W08,2026-02-16,2026-02,online,Fabricated story,Came to seduce / steal husbands,Telegram,,Wielkopolskie,RU,Ukrainian women as a group,18-29,Screenshot only,,verified,19.8,"Comments under a local news story say Ukrainian women ""take"" Polish men and break up families."
PL-000772,synthetic-demo,2026-02-16T17:59:11Z,2026-02-16,2026-W08,2026-02-16,2026-02,online,Harassment or pile-on,Available women / brides,Instagram,,Śląskie,PL,Ukrainian women as a group,Unknown,Link and screenshot,LC-16167,verified,25.3,"Page advertises ""Ukrainian brides"" using photos that appear to be taken from a refugee support group."
PL-000773,synthetic-demo,2026-02-16T18:47:51Z,2026-02-16,2026-W08,2026-02-16,2026-02,online,Other (online),Other or unclear,Telegram,,Śląskie,RU,Herself,18-29,Link only,LC-15765,verified,14.1,Pile-on in the comments after a Ukrainian woman spoke about her work in local media.
PL-000774,synthetic-demo,2026-02-16T20:24:14Z,2026-02-16,2026-W08,2026-02-16,2026-02,online,False claim to discredit,Abusing benefits / taking jobs,X,,Mazowieckie,PL,Ukrainian women as a group,18-29,Description only,,needs more info,74,Short clip calls for benefits for Ukrainian women to be cut and describes them as lazy.
PL-000775,synthetic-demo,2026-02-17T13:52:06Z,2026-02-17,2026-W08,2026-02-16,2026-02,online,False claim to discredit,Sex work stereotypes,X,,Pomorskie,UA,Herself,Unknown,Link only,LC-27889,verified,15.8,Video claims Ukrainian women arriving in Poland mostly work in the sex industry.
PL-000776,synthetic-demo,2026-02-17T14:05:29Z,2026-02-17,2026-W08,2026-02-16,2026-02,in-person,Unwanted sexual comments or propositions,None (in person),,Street or public transport,Lubuskie,PL,Herself,18-29,Description only,,verified,7.1,"Stranger asked whether she was ""one of those Ukrainian girls"" and made sexual remarks."
PL-000777,synthetic-demo,2026-02-17T15:07:25Z,2026-02-17,2026-W08,2026-02-16,2026-02,online,False claim to discredit,Abusing benefits / taking jobs,X,,Mazowieckie,PL,Ukrainian women as a group,Unknown,Description only,,needs more info,10,"Many near-identical posts say Ukrainian women ""live on Polish taxes""; figures do not match official data."
PL-000778,synthetic-demo,2026-02-17T15:28:10Z,2026-02-17,2026-W08,2026-02-16,2026-02,online,False claim to discredit,Abusing benefits / taking jobs,X,,Pomorskie,PL,Ukrainian women as a group,Unknown,Link and screenshot,LC-65742,verified,6,"Chart with false numbers about benefits paid to Ukrainian women, shared as if official."
PL-000779,synthetic-demo,2026-02-17T16:13:50Z,2026-02-17,2026-W08,2026-02-16,2026-02,online,False claim to discredit,Abusing benefits / taking jobs,X,,Mazowieckie,PL,Ukrainian women as a group,Unknown,Link only,LC-52500,verified,51.8,"Many near-identical posts say Ukrainian women ""live on Polish taxes""; figures do not match official data."
PL-000780,synthetic-demo,2026-02-17T16:36:32Z,2026-02-17,2026-W08,2026-02-16,2026-02,online,False claim to discredit,Abusing benefits / taking jobs,TikTok,,Mazowieckie,PL,Herself,50+,Description only,,verified,10.2,"Many near-identical posts say Ukrainian women ""live on Polish taxes""; figures do not match official data."
PL-000781,synthetic-demo,2026-02-17T19:44:17Z,2026-02-17,2026-W08,2026-02-16,2026-02,online,False claim to discredit,Abusing benefits / taking jobs,X,,Pomorskie,PL,Someone she knows,18-29,Link only,LC-80560,verified,8.4,"Many near-identical posts say Ukrainian women ""live on Polish taxes""; figures do not match official data."
PL-000782,synthetic-demo,2026-02-18T11:07:22Z,2026-02-18,2026-W08,2026-02-16,2026-02,online,Fabricated story,Abusing benefits / taking jobs,X,,Mazowieckie,PL,Herself,18-29,Screenshot only,,verified,13.6,Video repeats the claim from the benefits-policy debate that Ukrainian mothers are paid more than Polish mothers.
PL-000783,synthetic-demo,2026-02-18T11:24:41Z,2026-02-18,2026-W08,2026-02-16,2026-02,online,False claim to discredit,Abusing benefits / taking jobs,X,,Podlaskie,PL,Ukrainian women as a group,Unknown,Link and screenshot,LC-62103,verified,85.7,"After the benefits-policy debate, a post claims Ukrainian women get priority for social housing; no source."
PL-000784,synthetic-demo,2026-02-18T14:33:18Z,2026-02-18,2026-W08,2026-02-16,2026-02,online,Sexualised content or stereotypes,Came to seduce / steal husbands,Other,,Łódzkie,PL,Public figure,13-17,Screenshot only,,needs more info,34.3,Video on Other claims Ukrainian women come to Poland to find Polish husbands.
PL-000785,synthetic-demo,2026-02-18T15:13:22Z,2026-02-18,2026-W08,2026-02-16,2026-02,online,False claim to discredit,Abusing benefits / taking jobs,Facebook,,Mazowieckie,PL,Someone she knows,18-29,Screenshot only,,verified,10.1,"Many near-identical posts say Ukrainian women ""live on Polish taxes""; figures do not match official data."
PL-000786,synthetic-demo,2026-02-18T15:53:17Z,2026-02-18,2026-W08,2026-02-16,2026-02,online,Fabricated story,Abusing benefits / taking jobs,Facebook,,Śląskie,PL,Herself,18-29,Link and screenshot,LC-21688,verified,10.1,Video says Ukrainian mothers abuse child benefits and take kindergarten places.
PL-000787,synthetic-demo,2026-02-18T16:00:02Z,2026-02-18,2026-W08,2026-02-16,2026-02,online,Harassment or pile-on,Came to seduce / steal husbands,Telegram,,Pomorskie,PL,Herself,30-49,Link only,LC-46662,rejected,11.3,Comment thread uses a sexualised stereotype of Ukrainian women to joke about Polish wives.
PL-000788,synthetic-demo,2026-02-18T19:27:27Z,2026-02-18,2026-W08,2026-02-16,2026-02,online,False claim to discredit,Abusing benefits / taking jobs,Facebook,,Łódzkie,PL,Herself,13-17,Link and screenshot,LC-35688,verified,17.8,Meme claims Ukrainian women take jobs from Polish women while living on benefits.
PL-000789,synthetic-demo,2026-02-18T20:49:53Z,2026-02-18,2026-W08,2026-02-16,2026-02,online,False claim to discredit,Abusing benefits / taking jobs,TikTok,,Mazowieckie,PL,Ukrainian women as a group,30-49,Link and screenshot,LC-13756,verified,7.3,"After the benefits-policy debate, a post claims Ukrainian women get priority for social housing; no source."
PL-000790,synthetic-demo,2026-02-18T23:58:33Z,2026-02-18,2026-W08,2026-02-16,2026-02,online,Fabricated story,Other or unclear,Facebook,,Małopolskie,PL,Public figure,Unknown,Description only,,verified,10.7,Hostile messages sent to several Ukrainian women in a local community group.
PL-000791,synthetic-demo,2026-02-19T00:00:00Z,2026-02-19,2026-W08,2026-02-16,2026-02,online,Fabricated story,Abusing benefits / taking jobs,X,,Lubelskie,PL,Ukrainian women as a group,Unknown,Description only,,rejected,89.6,Comment thread calls for benefits for Ukrainian women to be cut and describes them as lazy.
PL-000792,synthetic-demo,2026-02-19T12:22:19Z,2026-02-19,2026-W08,2026-02-16,2026-02,online,False claim to discredit,Abusing benefits / taking jobs,X,,Mazowieckie,PL,Someone she knows,18-29,Screenshot only,,verified,12.8,"Many near-identical posts say Ukrainian women ""live on Polish taxes""; figures do not match official data."
PL-000793,synthetic-demo,2026-02-19T14:27:25Z,2026-02-19,2026-W08,2026-02-16,2026-02,online,Sexualised content or stereotypes,Available women / brides,TikTok,,Łódzkie,PL,Public figure,30-49,Screenshot only,,verified,6.2,"Page advertises ""Ukrainian brides"" using photos that appear to be taken from a refugee support group."
PL-000794,synthetic-demo,2026-02-19T16:35:19Z,2026-02-19,2026-W08,2026-02-16,2026-02,online,Doxxing or exposure,Sex work stereotypes,Telegram,,Kujawsko-pomorskie,RU,Ukrainian women as a group,Unknown,Link and screenshot,LC-75582,verified,17.4,Comments call a Ukrainian woman a sex worker after she posted about her new job.
PL-000795,synthetic-demo,2026-02-19T17:12:46Z,2026-02-19,2026-W08,2026-02-16,2026-02,in-person,Threats or intimidation,None (in person),,Other,Kujawsko-pomorskie,PL,Herself,13-17,Description only,,verified,22.5,Former partner threatened to share private photos.
PL-000796,synthetic-demo,2026-02-19T18:41:17Z,2026-02-19,2026-W08,2026-02-16,2026-02,online,Fabricated story,Abusing benefits / taking jobs,Facebook,,Mazowieckie,PL,Ukrainian women as a group,Unknown,Link and screenshot,LC-80273,verified,38.5,"Many near-identical posts say Ukrainian women ""live on Polish taxes""; figures do not match official data."
PL-000797,synthetic-demo,2026-02-20T07:53:02Z,2026-02-20,2026-W08,2026-02-16,2026-02,online,False claim to discredit,Abusing benefits / taking jobs,Facebook,,Wielkopolskie,PL,Public figure,18-29,Screenshot only,,verified,36.3,Comment thread repeats the claim from the benefits-policy debate that Ukrainian mothers are paid more than Polish mothers.
PL-000798,synthetic-demo,2026-02-20T08:04:44Z,2026-02-20,2026-W08,2026-02-16,2026-02,online,Manipulated image or video,Stolen photos / fake profiles,TikTok,,Mazowieckie,PL,Herself,18-29,Link only,LC-17695,verified,58.3,Fake account copies a woman's profile photos and messages men pretending to be her.
PL-000799,synthetic-demo,2026-02-20T09:54:28Z,2026-02-20,2026-W08,2026-02-16,2026-02,online,"Fake job, housing or relationship offer",Fake offers (lures),Telegram,,Lubelskie,RU,Ukrainian women as a group,18-29,Screenshot only,,pending,,"Post offers help finding a ""sponsor"" for women who have just arrived."
PL-000800,synthetic-demo,2026-02-20T10:59:02Z,2026-02-20,2026-W08,2026-02-16,2026-02,online,Sexualised content or stereotypes,Sex work stereotypes,Telegram,,Lubuskie,PL,Someone she knows,30-49,Link only,LC-74500,verified,84.4,Meme claims Ukrainian women arriving in Poland mostly work in the sex industry.
PL-000801,synthetic-demo,2026-02-20T11:07:56Z,2026-02-20,2026-W08,2026-02-16,2026-02,in-person,Physical or sexual violence,None (in person),,Workplace,Śląskie,UA,Herself,18-29,Description only,,verified,35.9,Touched without consent by a co-worker; the manager did nothing.
PL-000802,synthetic-demo,2026-02-20T14:42:12Z,2026-02-20,2026-W08,2026-02-16,2026-02,online,False claim to discredit,Abusing benefits / taking jobs,Facebook,,Mazowieckie,PL,Herself,18-29,Description only,,rejected,3.5,Meme calls for benefits for Ukrainian women to be cut and describes them as lazy.
PL-000803,synthetic-demo,2026-02-20T15:49:40Z,2026-02-20,2026-W08,2026-02-16,2026-02,in-person,Threats or intimidation,None (in person),,Street or public transport,Warmińsko-mazurskie,PL,Herself,13-17,Description only,,rejected,131.4,"Man told her to leave the neighbourhood or ""something would happen""."
PL-000804,synthetic-demo,2026-02-20T16:38:38Z,2026-02-20,2026-W08,2026-02-16,2026-02,online,"Fake job, housing or relationship offer",Fake offers (lures),WhatsApp,,Podkarpackie,UA,Ukrainian women as a group,Unknown,Screenshot only,,verified,30.1,"Ad offers a well-paid hotel job with free housing and travel, and asks for a passport photo first."
PL-000805,synthetic-demo,2026-02-20T22:16:35Z,2026-02-20,2026-W08,2026-02-16,2026-02,online,Fabricated story,Criminal or dangerous,TikTok,,Dolnośląskie,PL,Ukrainian women as a group,Unknown,Link and screenshot,LC-45609,verified,18.8,Short clip claims Ukrainian women bring disease and crime; uses an unrelated photo.
PL-000806,synthetic-demo,2026-02-20T23:12:26Z,2026-02-20,2026-W08,2026-02-16,2026-02,online,Harassment or pile-on,Criminal or dangerous,Facebook,,Mazowieckie,PL,Someone she knows,18-29,Link only,LC-18439,verified,14.6,Video claims Ukrainian women run scams targeting elderly people; no source.
PL-000807,synthetic-demo,2026-02-21T07:04:18Z,2026-02-21,2026-W08,2026-02-16,2026-02,online,False claim to discredit,Abusing benefits / taking jobs,X,,Wielkopolskie,PL,Public figure,18-29,Link only,LC-56928,verified,12.1,"Chart with false numbers about benefits paid to Ukrainian women, shared as if official."
PL-000808,synthetic-demo,2026-02-21T11:16:42Z,2026-02-21,2026-W08,2026-02-16,2026-02,online,Harassment or pile-on,Abusing benefits / taking jobs,Instagram,,Zachodniopomorskie,PL,Herself,30-49,Screenshot only,,verified,87.4,Meme says Ukrainian mothers abuse child benefits and take kindergarten places.
PL-000809,synthetic-demo,2026-02-21T14:20:51Z,2026-02-21,2026-W08,2026-02-16,2026-02,online,Fabricated story,Came to seduce / steal husbands,Facebook,,Wielkopolskie,PL,Someone she knows,30-49,Link only,LC-57636,verified,17.1,"Comments under a local news story say Ukrainian women ""take"" Polish men and break up families."
PL-000810,synthetic-demo,2026-02-21T16:22:20Z,2026-02-21,2026-W08,2026-02-16,2026-02,online,Harassment or pile-on,Available women / brides,X,,Dolnośląskie,PL,Public figure,18-29,Link and screenshot,LC-68892,verified,29.5,Post presents Ukrainian women as available for dating in exchange for help with housing.
PL-000811,synthetic-demo,2026-02-21T18:29:41Z,2026-02-21,2026-W08,2026-02-16,2026-02,online,False claim to discredit,Abusing benefits / taking jobs,X,,Mazowieckie,PL,Herself,18-29,Link only,LC-41199,verified,16.8,Post repeats the claim from the benefits-policy debate that Ukrainian mothers are paid more than Polish mothers.
PL-000812,synthetic-demo,2026-02-21T18:37:17Z,2026-02-21,2026-W08,2026-02-16,2026-02,online,Sexualised content or stereotypes,Came to seduce / steal husbands,TikTok,,Podlaskie,PL,Ukrainian women as a group,50+,Link and screenshot,LC-75415,verified,11.6,"Comments under a local news story say Ukrainian women ""take"" Polish men and break up families."
PL-000813,synthetic-demo,2026-02-21T19:49:51Z,2026-02-21,2026-W08,2026-02-16,2026-02,online,Doxxing or exposure,Other or unclear,Facebook,,Mazowieckie,PL,Ukrainian women as a group,Unknown,Description only,,verified,67.1,Hostile messages sent to several Ukrainian women in a local community group.
PL-000814,synthetic-demo,2026-02-21T19:54:49Z,2026-02-21,2026-W08,2026-02-16,2026-02,online,Manipulated image or video,Available women / brides,Facebook,,Dolnośląskie,PL,Someone she knows,Unknown,Link and screenshot,LC-64979,rejected,10.5,"Short clip ranks Ukrainian women by appearance and invites men to ""choose one""."
PL-000815,synthetic-demo,2026-02-22T08:56:22Z,2026-02-22,2026-W08,2026-02-16,2026-02,in-person,Unwanted sexual comments or propositions,None (in person),,Street or public transport,Mazowieckie,PL,Herself,30-49,Description only,,needs more info,9.4,"Stranger asked whether she was ""one of those Ukrainian girls"" and made sexual remarks."
PL-000816,synthetic-demo,2026-02-22T11:56:49Z,2026-02-22,2026-W08,2026-02-16,2026-02,online,Manipulated image or video,Available women / brides,TikTok,,Dolnośląskie,PL,Herself,18-29,Link only,LC-29910,verified,7.6,"Account shares sexualised images captioned as Ukrainian women ""looking for a husband""."
PL-000817,synthetic-demo,2026-02-22T15:12:42Z,2026-02-22,2026-W08,2026-02-16,2026-02,online,False claim to discredit,Abusing benefits / taking jobs,Facebook,,Małopolskie,PL,Someone she knows,18-29,Description only,,needs more info,21.4,"Many near-identical posts say Ukrainian women ""live on Polish taxes""; figures do not match official data."
PL-000818,synthetic-demo,2026-02-22T15:24:08Z,2026-02-22,2026-W08,2026-02-16,2026-02,online,False claim to discredit,Abusing benefits / taking jobs,Telegram,,Świętokrzyskie,UA,Herself,18-29,Description only,,verified,53.4,"Chart with false numbers about benefits paid to Ukrainian women, shared as if official."
PL-000819,synthetic-demo,2026-02-22T15:59:55Z,2026-02-22,2026-W08,2026-02-16,2026-02,in-person,Being followed or watched,None (in person),,Street or public transport,Mazowieckie,PL,Herself,18-29,Photo,,verified,99.2,Man she did not know kept appearing near her building and watching the entrance.
PL-000820,synthetic-demo,2026-02-22T17:44:02Z,2026-02-22,2026-W08,2026-02-16,2026-02,online,Harassment or pile-on,Available women / brides,Facebook,,Wielkopolskie,PL,Public figure,13-17,Link only,LC-88230,verified,12.6,Meme presents Ukrainian women as available for dating in exchange for help with housing.
PL-000821,synthetic-demo,2026-02-22T19:36:25Z,2026-02-22,2026-W08,2026-02-16,2026-02,online,Sexualised content or stereotypes,Came to seduce / steal husbands,X,,Łódzkie,EN,Ukrainian women as a group,18-29,Link and screenshot,LC-68485,verified,6,Post on X claims Ukrainian women come to Poland to find Polish husbands.
PL-000822,synthetic-demo,2026-02-22T23:41:32Z,2026-02-22,2026-W08,2026-02-16,2026-02,online,False claim to discredit,Abusing benefits / taking jobs,Facebook,,Mazowieckie,PL,Herself,18-29,Screenshot only,,rejected,36,Short clip calls for benefits for Ukrainian women to be cut and describes them as lazy.
PL-000823,synthetic-demo,2026-02-23T11:04:49Z,2026-02-23,2026-W09,2026-02-23,2026-02,online,False claim to discredit,Abusing benefits / taking jobs,X,,Mazowieckie,EN,Ukrainian women as a group,Unknown,Link only,LC-64577,verified,21.1,Post says Ukrainian mothers abuse child benefits and take kindergarten places.
PL-000824,synthetic-demo,2026-02-23T12:50:15Z,2026-02-23,2026-W09,2026-02-23,2026-02,online,False claim to discredit,Abusing benefits / taking jobs,Facebook,,Dolnośląskie,PL,Ukrainian women as a group,Unknown,Link only,LC-67529,verified,23.5,Post claims Ukrainian women receive more benefits than Polish families; the figures are invented.
PL-000825,synthetic-demo,2026-02-23T14:55:12Z,2026-02-23,2026-W09,2026-02-23,2026-02,online,Manipulated image or video,Stolen photos / fake profiles,TikTok,,Mazowieckie,PL,Herself,18-29,Description only,,verified,4.3,Fake account copies a woman's profile photos and messages men pretending to be her.
PL-000826,synthetic-demo,2026-02-23T15:40:05Z,2026-02-23,2026-W09,2026-02-23,2026-02,online,False claim to discredit,Abusing benefits / taking jobs,X,,Mazowieckie,PL,Public figure,30-49,Link and screenshot,LC-74677,verified,28.3,Video repeats the claim from the benefits-policy debate that Ukrainian mothers are paid more than Polish mothers.
PL-000827,synthetic-demo,2026-02-23T15:52:11Z,2026-02-23,2026-W09,2026-02-23,2026-02,online,Fabricated story,Abusing benefits / taking jobs,Facebook,,Mazowieckie,PL,Herself,18-29,Description only,,needs more info,22.8,"After the benefits-policy debate, a post claims Ukrainian women get priority for social housing; no source."
PL-000828,synthetic-demo,2026-02-23T16:43:46Z,2026-02-23,2026-W09,2026-02-23,2026-02,online,Fabricated story,Abusing benefits / taking jobs,Facebook,,Mazowieckie,PL,Ukrainian women as a group,Unknown,Link and screenshot,LC-68109,verified,4.8,"After the benefits-policy debate, a post claims Ukrainian women get priority for social housing; no source."
PL-000829,synthetic-demo,2026-02-23T18:23:53Z,2026-02-23,2026-W09,2026-02-23,2026-02,online,Fabricated story,Criminal or dangerous,Telegram,,Wielkopolskie,RU,Herself,18-29,Link only,LC-63163,verified,20.4,Fabricated story says a Ukrainian woman stole from her employer; the photo is from another country.
PL-000830,synthetic-demo,2026-02-23T18:38:22Z,2026-02-23,2026-W09,2026-02-23,2026-02,online,False claim to discredit,Abusing benefits / taking jobs,X,,Warmińsko-mazurskie,PL,Ukrainian women as a group,50+,Link and screenshot,LC-59621,verified,6.2,"Many near-identical posts say Ukrainian women ""live on Polish taxes""; figures do not match official data."
PL-000831,synthetic-demo,2026-02-23T18:46:34Z,2026-02-23,2026-W09,2026-02-23,2026-02,online,False claim to discredit,Abusing benefits / taking jobs,Facebook,,Mazowieckie,PL,Herself,30-49,Link and screenshot,LC-94377,verified,5,"Many near-identical posts say Ukrainian women ""live on Polish taxes""; figures do not match official data."
PL-000832,synthetic-demo,2026-02-23T19:20:22Z,2026-02-23,2026-W09,2026-02-23,2026-02,online,Other (online),Other or unclear,WhatsApp,,Dolnośląskie,PL,Herself,30-49,Link and screenshot,LC-38771,verified,15.9,Post targets a Ukrainian woman activist with insults and false claims about her past.
PL-000833,synthetic-demo,2026-02-23T22:03:38Z,2026-02-23,2026-W09,2026-02-23,2026-02,online,Sexualised content or stereotypes,Sex work stereotypes,TikTok,,Wielkopolskie,PL,Herself,30-49,Link and screenshot,LC-18162,pending,,Post claims Ukrainian women arriving in Poland mostly work in the sex industry.
PL-000834,synthetic-demo,2026-02-23T22:43:20Z,2026-02-23,2026-W09,2026-02-23,2026-02,in-person,Verbal harassment or insults,None (in person),,Shop or service,Mazowieckie,UA,Someone she knows,18-29,Description only,,verified,36.9,Insulted by a customer at work after they heard her accent.
PL-000835,synthetic-demo,2026-02-23T23:58:33Z,2026-02-23,2026-W09,2026-02-23,2026-02,online,Fabricated story,Abusing benefits / taking jobs,X,,Mazowieckie,PL,Someone she knows,18-29,Link only,LC-10516,verified,7.9,"After the benefits-policy debate, a post claims Ukrainian women get priority for social housing; no source."
PL-000836,synthetic-demo,2026-02-24T07:21:52Z,2026-02-24,2026-W09,2026-02-23,2026-02,online,Fabricated story,Came to seduce / steal husbands,X,,Mazowieckie,EN,Herself,50+,Link only,LC-73111,verified,28.6,Carousel post on X claims Ukrainian women come to Poland to find Polish husbands.
PL-000837,synthetic-demo,2026-02-24T08:25:35Z,2026-02-24,2026-W09,2026-02-23,2026-02,online,Manipulated image or video,Stolen photos / fake profiles,Instagram,,Małopolskie,PL,Herself,18-29,Screenshot only,,verified,34.2,Photos from a Ukrainian woman's private account reposted on a page with sexual captions.
PL-000838,synthetic-demo,2026-02-24T12:35:29Z,2026-02-24,2026-W09,2026-02-23,2026-02,online,Fabricated story,Criminal or dangerous,Telegram,,Pomorskie,PL,Public figure,18-29,Link only,LC-74237,verified,12.5,Fabricated story says a Ukrainian woman stole from her employer; the photo is from another country.
PL-000839,synthetic-demo,2026-02-24T14:22:13Z,2026-02-24,2026-W09,2026-02-23,2026-02,online,Manipulated image or video,Stolen photos / fake profiles,Telegram,,Pomorskie,RU,Herself,18-29,Screenshot only,,pending,,Photos from a Ukrainian woman's private account reposted on a page with sexual captions.
PL-000840,synthetic-demo,2026-02-24T14:34:08Z,2026-02-24,2026-W09,2026-02-23,2026-02,online,Harassment or pile-on,Abusing benefits / taking jobs,Instagram,,Śląskie,PL,Ukrainian women as a group,13-17,Screenshot only,,rejected,42.3,Short clip says Ukrainian mothers abuse child benefits and take kindergarten places.
PL-000841,synthetic-demo,2026-02-24T21:35:09Z,2026-02-24,2026-W09,2026-02-23,2026-02,online,Sexualised content or stereotypes,Available women / brides,Instagram,,Opolskie,PL,Someone she knows,18-29,Link and screenshot,LC-86670,verified,9.3,"Account shares sexualised images captioned as Ukrainian women ""looking for a husband""."
PL-000842,synthetic-demo,2026-02-24T23:58:33Z,2026-02-24,2026-W09,2026-02-23,2026-02,in-person,Physical or sexual violence,None (in person),,Workplace,Łódzkie,PL,Herself,30-49,Description only,,needs more info,11.3,Grabbed by a man in the street after refusing to talk to him.
PL-000843,synthetic-demo,2026-02-25T09:58:10Z,2026-02-25,2026-W09,2026-02-23,2026-02,online,Fabricated story,Criminal or dangerous,Facebook,,Małopolskie,PL,Ukrainian women as a group,30-49,Link only,LC-98271,verified,12.1,Fabricated story says a Ukrainian woman stole from her employer; the photo is from another country.
PL-000844,synthetic-demo,2026-02-25T12:15:52Z,2026-02-25,2026-W09,2026-02-23,2026-02,online,False claim to discredit,Abusing benefits / taking jobs,Facebook,,Mazowieckie,PL,Public figure,30-49,Link and screenshot,LC-58809,verified,5.4,Short clip repeats the claim from the benefits-policy debate that Ukrainian mothers are paid more than Polish mothers.
PL-000845,synthetic-demo,2026-02-25T13:41:41Z,2026-02-25,2026-W09,2026-02-23,2026-02,online,False claim to discredit,Abusing benefits / taking jobs,X,,Mazowieckie,PL,Ukrainian women as a group,Unknown,Link and screenshot,LC-37176,verified,13.7,"After the benefits-policy debate, a post claims Ukrainian women get priority for social housing; no source."
PL-000846,synthetic-demo,2026-02-25T13:46:47Z,2026-02-25,2026-W09,2026-02-23,2026-02,online,Fabricated story,Abusing benefits / taking jobs,Facebook,,Mazowieckie,PL,Someone she knows,Unknown,Link only,LC-94070,verified,6,Comment thread calls for benefits for Ukrainian women to be cut and describes them as lazy.
PL-000847,synthetic-demo,2026-02-25T13:55:27Z,2026-02-25,2026-W09,2026-02-23,2026-02,online,Fabricated story,Abusing benefits / taking jobs,Facebook,,Mazowieckie,PL,Herself,Unknown,Link only,LC-94919,verified,27.3,"After the benefits-policy debate, a post claims Ukrainian women get priority for social housing; no source."
PL-000848,synthetic-demo,2026-02-25T14:07:39Z,2026-02-25,2026-W09,2026-02-23,2026-02,online,False claim to discredit,Abusing benefits / taking jobs,X,,Mazowieckie,PL,Someone she knows,18-29,Description only,,verified,14.9,"Many near-identical posts say Ukrainian women ""live on Polish taxes""; figures do not match official data."
PL-000849,synthetic-demo,2026-02-25T16:44:51Z,2026-02-25,2026-W09,2026-02-23,2026-02,online,False claim to discredit,Abusing benefits / taking jobs,Facebook,,Wielkopolskie,PL,Ukrainian women as a group,50+,Link only,LC-26442,verified,3.3,Comment thread calls for benefits for Ukrainian women to be cut and describes them as lazy.
PL-000850,synthetic-demo,2026-02-25T16:53:11Z,2026-02-25,2026-W09,2026-02-23,2026-02,online,False claim to discredit,Abusing benefits / taking jobs,Facebook,,Podkarpackie,PL,Someone she knows,30-49,Description only,,verified,72.3,"After the benefits-policy debate, a post claims Ukrainian women get priority for social housing; no source."
PL-000851,synthetic-demo,2026-02-25T17:53:41Z,2026-02-25,2026-W09,2026-02-23,2026-02,in-person,Unwanted sexual comments or propositions,None (in person),,Accommodation or housing,Podkarpackie,PL,Herself,Unknown,Description only,,verified,14.8,"Landlord made sexual comments and hinted rent could be ""paid another way""."
PL-000852,synthetic-demo,2026-02-25T20:18:41Z,2026-02-25,2026-W09,2026-02-23,2026-02,online,Harassment or pile-on,Sex work stereotypes,TikTok,,Łódzkie,PL,Ukrainian women as a group,Unknown,Link and screenshot,LC-41129,verified,7.5,"Meme describes Ukrainian women as ""easy"" and links this to the war; widely shared."
PL-000853,synthetic-demo,2026-02-26T08:16:51Z,2026-02-26,2026-W09,2026-02-23,2026-02,online,False claim to discredit,Abusing benefits / taking jobs,X,,Zachodniopomorskie,PL,Ukrainian women as a group,18-29,Link and screenshot,LC-81103,verified,26.8,"After the benefits-policy debate, a post claims Ukrainian women get priority for social housing; no source."
PL-000854,synthetic-demo,2026-02-26T09:23:25Z,2026-02-26,2026-W09,2026-02-23,2026-02,online,False claim to discredit,Abusing benefits / taking jobs,X,,Mazowieckie,PL,Ukrainian women as a group,Unknown,Screenshot only,,verified,60,"Many near-identical posts say Ukrainian women ""live on Polish taxes""; figures do not match official data."
PL-000855,synthetic-demo,2026-02-26T10:01:09Z,2026-02-26,2026-W09,2026-02-23,2026-02,online,False claim to discredit,Abusing benefits / taking jobs,Facebook,,Lubelskie,PL,Ukrainian women as a group,Unknown,Link and screenshot,LC-41749,verified,96.2,"Chart with false numbers about benefits paid to Ukrainian women, shared as if official."
PL-000856,synthetic-demo,2026-02-26T11:26:51Z,2026-02-26,2026-W09,2026-02-23,2026-02,online,Harassment or pile-on,Other or unclear,X,,Mazowieckie,PL,Ukrainian women as a group,Unknown,Link only,LC-28779,rejected,14.2,Pile-on in the comments after a Ukrainian woman spoke about her work in local media.
PL-000857,synthetic-demo,2026-02-26T12:26:02Z,2026-02-26,2026-W09,2026-02-23,2026-02,online,Doxxing or exposure,Stolen photos / fake profiles,Telegram,,Lubelskie,RU,Herself,18-29,Screenshot only,,verified,16.8,Edited photo puts a Ukrainian woman's face on a sexualised image; shared in a group.
PL-000858,synthetic-demo,2026-02-26T17:48:22Z,2026-02-26,2026-W09,2026-02-23,2026-02,online,Sexualised content or stereotypes,Available women / brides,Instagram,,Lubelskie,PL,Herself,Unknown,Screenshot only,,verified,43.4,"Account shares sexualised images captioned as Ukrainian women ""looking for a husband""."
PL-000859,synthetic-demo,2026-02-26T20:28:50Z,2026-02-26,2026-W09,2026-02-23,2026-02,in-person,Physical or sexual violence,None (in person),,Street or public transport,Warmińsko-mazurskie,PL,Herself,30-49,Description only,,verified,10.1,Touched without consent by a co-worker; the manager did nothing.
PL-000860,synthetic-demo,2026-02-26T20:54:51Z,2026-02-26,2026-W09,2026-02-23,2026-02,online,False claim to discredit,Abusing benefits / taking jobs,Facebook,,Śląskie,PL,Public figure,13-17,Link and screenshot,LC-52701,verified,5.7,Post claims Ukrainian women receive more benefits than Polish families; the figures are invented.
PL-000861,synthetic-demo,2026-02-27T07:39:42Z,2026-02-27,2026-W09,2026-02-23,2026-02,online,False claim to discredit,Abusing benefits / taking jobs,X,,Mazowieckie,PL,Ukrainian women as a group,Unknown,Description only,,rejected,14.1,"Many near-identical posts say Ukrainian women ""live on Polish taxes""; figures do not match official data."
PL-000862,synthetic-demo,2026-02-27T08:13:57Z,2026-02-27,2026-W09,2026-02-23,2026-02,online,Fabricated story,Abusing benefits / taking jobs,X,,Mazowieckie,PL,Ukrainian women as a group,18-29,Link only,LC-85660,verified,9,"After the benefits-policy debate, a post claims Ukrainian women get priority for social housing; no source."
PL-000863,synthetic-demo,2026-02-27T10:34:11Z,2026-02-27,2026-W09,2026-02-23,2026-02,online,Doxxing or exposure,Sex work stereotypes,Facebook,,Zachodniopomorskie,PL,Someone she knows,18-29,Link and screenshot,LC-62385,verified,7.8,"Carousel post describes Ukrainian women as ""easy"" and links this to the war; widely shared."
PL-000864,synthetic-demo,2026-02-27T11:20:10Z,2026-02-27,2026-W09,2026-02-23,2026-02,online,Fabricated story,Criminal or dangerous,TikTok,,Lubelskie,PL,Ukrainian women as a group,Unknown,Link and screenshot,LC-95637,verified,18.9,Carousel post claims Ukrainian women bring disease and crime; uses an unrelated photo.
PL-000865,synthetic-demo,2026-02-27T11:52:49Z,2026-02-27,2026-W09,2026-02-23,2026-02,online,Harassment or pile-on,Other or unclear,X,,Lubelskie,PL,Someone she knows,18-29,Link only,LC-78737,verified,23.9,Her home area and phone number were posted in a hostile group.
PL-000866,synthetic-demo,2026-02-27T14:28:16Z,2026-02-27,2026-W09,2026-02-23,2026-02,online,Sexualised content or stereotypes,Came to seduce / steal husbands,TikTok,,Dolnośląskie,EN,Herself,13-17,Description only,,verified,18.8,Video on TikTok claims Ukrainian women come to Poland to find Polish husbands.
PL-000867,synthetic-demo,2026-02-27T17:39:20Z,2026-02-27,2026-W09,2026-02-23,2026-02,online,Fabricated story,Abusing benefits / taking jobs,Facebook,,Mazowieckie,PL,Ukrainian women as a group,13-17,Link and screenshot,LC-40040,verified,15,Short clip repeats the claim from the benefits-policy debate that Ukrainian mothers are paid more than Polish mothers.
PL-000868,synthetic-demo,2026-02-27T18:30:59Z,2026-02-27,2026-W09,2026-02-23,2026-02,online,False claim to discredit,Abusing benefits / taking jobs,X,,Mazowieckie,PL,Ukrainian women as a group,Unknown,Link only,LC-91616,verified,33.2,"Many near-identical posts say Ukrainian women ""live on Polish taxes""; figures do not match official data."
PL-000869,synthetic-demo,2026-02-27T19:25:02Z,2026-02-27,2026-W09,2026-02-23,2026-02,online,Fabricated story,Came to seduce / steal husbands,Facebook,,Lubelskie,RU,Herself,Unknown,Link and screenshot,LC-88022,verified,20.3,Meme mocks Ukrainian women as only interested in men with money; many replies agree.
PL-000870,synthetic-demo,2026-02-27T19:28:39Z,2026-02-27,2026-W09,2026-02-23,2026-02,online,False claim to discredit,Abusing benefits / taking jobs,Facebook,,Mazowieckie,PL,Public figure,18-29,Link and screenshot,LC-71703,verified,9.1,Post calls for benefits for Ukrainian women to be cut and describes them as lazy.
PL-000871,synthetic-demo,2026-02-27T19:45:54Z,2026-02-27,2026-W09,2026-02-23,2026-02,online,False claim to discredit,Abusing benefits / taking jobs,X,,Mazowieckie,PL,Public figure,18-29,Screenshot only,,verified,6.7,"Many near-identical posts say Ukrainian women ""live on Polish taxes""; figures do not match official data."
PL-000872,synthetic-demo,2026-02-27T20:17:51Z,2026-02-27,2026-W09,2026-02-23,2026-02,online,False claim to discredit,Abusing benefits / taking jobs,X,,Mazowieckie,PL,Ukrainian women as a group,Unknown,Link and screenshot,LC-69980,verified,12.9,"After the benefits-policy debate, a post claims Ukrainian women get priority for social housing; no source."
PL-000873,synthetic-demo,2026-02-27T23:20:15Z,2026-02-27,2026-W09,2026-02-23,2026-02,online,Other (online),Other or unclear,Instagram,,Wielkopolskie,PL,Someone she knows,30-49,Link and screenshot,LC-50658,verified,15.1,Hostile messages sent to several Ukrainian women in a local community group.
PL-000874,synthetic-demo,2026-02-27T23:58:33Z,2026-02-27,2026-W09,2026-02-23,2026-02,online,Manipulated image or video,Available women / brides,Instagram,,Mazowieckie,PL,Herself,Unknown,Screenshot only,,verified,37.2,"Account shares sexualised images captioned as Ukrainian women ""looking for a husband""."
PL-000875,synthetic-demo,2026-02-28T05:56:24Z,2026-02-28,2026-W09,2026-02-23,2026-02,online,Harassment or pile-on,Available women / brides,TikTok,,Wielkopolskie,PL,Ukrainian women as a group,Unknown,Link and screenshot,LC-40600,verified,9,"Post ranks Ukrainian women by appearance and invites men to ""choose one""."
PL-000876,synthetic-demo,2026-02-28T10:08:32Z,2026-02-28,2026-W09,2026-02-23,2026-02,online,Sexualised content or stereotypes,Came to seduce / steal husbands,TikTok,,Kujawsko-pomorskie,PL,Herself,18-29,Screenshot only,,verified,24.6,Meme mocks Ukrainian women as only interested in men with money; many replies agree.
PL-000877,synthetic-demo,2026-02-28T10:27:23Z,2026-02-28,2026-W09,2026-02-23,2026-02,online,"Fake job, housing or relationship offer",Fake offers (lures),Classifieds site,,Dolnośląskie,UA,Ukrainian women as a group,18-29,Link and screenshot,LC-81752,verified,19.4,"Ad offers a well-paid massage salon job with free housing and travel, and asks for a passport photo first."
PL-000878,synthetic-demo,2026-02-28T12:28:29Z,2026-02-28,2026-W09,2026-02-23,2026-02,online,Fabricated story,Abusing benefits / taking jobs,X,,Mazowieckie,PL,Herself,30-49,Screenshot only,,verified,20.2,"Many near-identical posts say Ukrainian women ""live on Polish taxes""; figures do not match official data."
PL-000879,synthetic-demo,2026-02-28T14:12:27Z,2026-02-28,2026-W09,2026-02-23,2026-02,online,False claim to discredit,Abusing benefits / taking jobs,Facebook,,Mazowieckie,PL,Ukrainian women as a group,Unknown,Screenshot only,,verified,10.7,"After the benefits-policy debate, a post claims Ukrainian women get priority for social housing; no source."
PL-000880,synthetic-demo,2026-02-28T16:10:08Z,2026-02-28,2026-W09,2026-02-23,2026-02,online,Sexualised content or stereotypes,Came to seduce / steal husbands,X,,Pomorskie,PL,Herself,Unknown,Screenshot only,,verified,3.5,Short clip mocks Ukrainian women as only interested in men with money; many replies agree.
PL-000881,synthetic-demo,2026-02-28T16:31:37Z,2026-02-28,2026-W09,2026-02-23,2026-02,online,Fabricated story,Abusing benefits / taking jobs,Facebook,,Pomorskie,PL,Herself,Unknown,Link and screenshot,LC-54118,verified,9.1,Post repeats the claim from the benefits-policy debate that Ukrainian mothers are paid more than Polish mothers.
PL-000882,synthetic-demo,2026-02-28T16:50:12Z,2026-02-28,2026-W09,2026-02-23,2026-02,online,False claim to discredit,Abusing benefits / taking jobs,X,,Zachodniopomorskie,PL,Ukrainian women as a group,Unknown,Screenshot only,,verified,12.2,"After the benefits-policy debate, a post claims Ukrainian women get priority for social housing; no source."
PL-000883,synthetic-demo,2026-02-28T18:21:23Z,2026-02-28,2026-W09,2026-02-23,2026-02,online,Fabricated story,Other or unclear,X,,Podkarpackie,PL,Ukrainian women as a group,30-49,Link and screenshot,LC-12625,verified,18.5,Her home area and phone number were posted in a hostile group.
PL-000884,synthetic-demo,2026-02-28T19:41:48Z,2026-02-28,2026-W09,2026-02-23,2026-02,online,False claim to discredit,Abusing benefits / taking jobs,Facebook,,Mazowieckie,PL,Someone she knows,13-17,Link only,LC-18800,verified,4.7,"After the benefits-policy debate, a post claims Ukrainian women get priority for social housing; no source."
PL-000885,synthetic-demo,2026-02-28T19:54:32Z,2026-02-28,2026-W09,2026-02-23,2026-02,online,Fabricated story,Abusing benefits / taking jobs,Facebook,,Wielkopolskie,PL,Ukrainian women as a group,Unknown,Link and screenshot,LC-96838,rejected,10.5,"Chart with false numbers about benefits paid to Ukrainian women, shared as if official."
PL-000886,synthetic-demo,2026-02-28T20:10:37Z,2026-02-28,2026-W09,2026-02-23,2026-02,in-person,Threats or intimidation,None (in person),,Other,Mazowieckie,PL,Someone she knows,30-49,Description only,,needs more info,22.4,"Man told her to leave the neighbourhood or ""something would happen""."
PL-000887,synthetic-demo,2026-02-28T21:25:12Z,2026-02-28,2026-W09,2026-02-23,2026-02,in-person,Threats or intimidation,None (in person),,Workplace,Lubelskie,PL,Herself,18-29,Description only,,verified,37.4,Former partner threatened to share private photos.
PL-000888,synthetic-demo,2026-02-28T23:58:33Z,2026-02-28,2026-W09,2026-02-23,2026-02,online,False claim to discredit,Abusing benefits / taking jobs,X,,Śląskie,PL,Ukrainian women as a group,Unknown,Link and screenshot,LC-28614,verified,51.6,"After the benefits-policy debate, a post claims Ukrainian women get priority for social housing; no source."
PL-000889,synthetic-demo,2026-03-01T04:30:18Z,2026-03-01,2026-W09,2026-02-23,2026-03,online,Fabricated story,Abusing benefits / taking jobs,X,,Mazowieckie,PL,Someone she knows,18-29,Description only,,verified,14.9,"After the benefits-policy debate, a post claims Ukrainian women get priority for social housing; no source."
PL-000890,synthetic-demo,2026-03-01T04:40:40Z,2026-03-01,2026-W09,2026-02-23,2026-03,online,False claim to discredit,Abusing benefits / taking jobs,Facebook,,Mazowieckie,PL,Herself,18-29,Link and screenshot,LC-62603,verified,41.9,Video repeats the claim from the benefits-policy debate that Ukrainian mothers are paid more than Polish mothers.
PL-000891,synthetic-demo,2026-03-01T06:18:31Z,2026-03-01,2026-W09,2026-02-23,2026-03,in-person,Verbal harassment or insults,None (in person),,Accommodation or housing,Mazowieckie,PL,Herself,30-49,Description only,,verified,13.7,Insulted by a customer at work after they heard her accent.
PL-000892,synthetic-demo,2026-03-01T11:14:39Z,2026-03-01,2026-W09,2026-02-23,2026-03,in-person,Verbal harassment or insults,None (in person),,Other,Lubuskie,PL,Herself,30-49,Description only,,needs more info,6.1,Insulted by a customer at work after they heard her accent.
PL-000893,synthetic-demo,2026-03-01T11:26:53Z,2026-03-01,2026-W09,2026-02-23,2026-03,online,Fabricated story,Criminal or dangerous,Facebook,,Lubelskie,PL,Herself,30-49,Link only,LC-13141,verified,56.4,Video claims Ukrainian women run scams targeting elderly people; no source.
PL-000894,synthetic-demo,2026-03-01T11:35:27Z,2026-03-01,2026-W09,2026-02-23,2026-03,online,Manipulated image or video,Stolen photos / fake profiles,Telegram,,Pomorskie,RU,Herself,50+,Link and screenshot,LC-37730,verified,3.6,Dating profile uses photos of a Ukrainian woman without her consent.
PL-000895,synthetic-demo,2026-03-01T14:10:19Z,2026-03-01,2026-W09,2026-02-23,2026-03,online,False claim to discredit,Abusing benefits / taking jobs,X,,Mazowieckie,PL,Public figure,18-29,Link only,LC-98924,verified,17.9,Video repeats the claim from the benefits-policy debate that Ukrainian mothers are paid more than Polish mothers.
PL-000896,synthetic-demo,2026-03-01T15:43:15Z,2026-03-01,2026-W09,2026-02-23,2026-03,online,False claim to discredit,Abusing benefits / taking jobs,X,,Mazowieckie,PL,Someone she knows,18-29,Link only,LC-49682,verified,12.6,"After the benefits-policy debate, a post claims Ukrainian women get priority for social housing; no source."
PL-000897,synthetic-demo,2026-03-01T16:07:52Z,2026-03-01,2026-W09,2026-02-23,2026-03,online,False claim to discredit,Abusing benefits / taking jobs,Facebook,,Mazowieckie,PL,Ukrainian women as a group,Unknown,Link and screenshot,LC-49299,rejected,30.4,Carousel post calls for benefits for Ukrainian women to be cut and describes them as lazy.
PL-000898,synthetic-demo,2026-03-01T16:58:12Z,2026-03-01,2026-W09,2026-02-23,2026-03,online,False claim to discredit,Abusing benefits / taking jobs,X,,Mazowieckie,PL,Ukrainian women as a group,Unknown,Screenshot only,,verified,14,"Many near-identical posts say Ukrainian women ""live on Polish taxes""; figures do not match official data."
PL-000899,synthetic-demo,2026-03-01T18:12:25Z,2026-03-01,2026-W09,2026-02-23,2026-03,online,Fabricated story,Abusing benefits / taking jobs,X,,Mazowieckie,PL,Herself,30-49,Link only,LC-63664,verified,8.6,"After the benefits-policy debate, a post claims Ukrainian women get priority for social housing; no source."
PL-000900,synthetic-demo,2026-03-01T19:05:09Z,2026-03-01,2026-W09,2026-02-23,2026-03,in-person,Unwanted sexual comments or propositions,None (in person),,Street or public transport,Podkarpackie,PL,Herself,13-17,Description only,,verified,64.1,"Stranger asked whether she was ""one of those Ukrainian girls"" and made sexual remarks."
PL-000901,synthetic-demo,2026-03-02T12:57:06Z,2026-03-02,2026-W10,2026-03-02,2026-03,in-person,Rumours or lies spread about her,None (in person),,Accommodation or housing,Śląskie,PL,Herself,Unknown,Description only,,verified,6.4,Colleagues told others she got her job through a relationship with the manager.
PL-000902,synthetic-demo,2026-03-02T13:45:36Z,2026-03-02,2026-W10,2026-03-02,2026-03,in-person,Threats or intimidation,None (in person),,Other,Zachodniopomorskie,PL,Herself,30-49,Description only,,needs more info,75.4,Former partner threatened to share private photos.
PL-000903,synthetic-demo,2026-03-02T14:33:29Z,2026-03-02,2026-W10,2026-03-02,2026-03,online,Manipulated image or video,Stolen photos / fake profiles,TikTok,,Mazowieckie,PL,Someone she knows,30-49,Description only,,verified,17.2,Dating profile uses photos of a Ukrainian woman without her consent.
PL-000904,synthetic-demo,2026-03-02T16:10:21Z,2026-03-02,2026-W10,2026-03-02,2026-03,online,False claim to discredit,Abusing benefits / taking jobs,TikTok,,Kujawsko-pomorskie,PL,Public figure,18-29,Screenshot only,,verified,8.9,Post says Ukrainian mothers abuse child benefits and take kindergarten places.
PL-000905,synthetic-demo,2026-03-02T16:18:39Z,2026-03-02,2026-W10,2026-03-02,2026-03,online,False claim to discredit,Abusing benefits / taking jobs,Facebook,,Śląskie,PL,Someone she knows,13-17,Link only,LC-54398,verified,34.7,"Chart with false numbers about benefits paid to Ukrainian women, shared as if official."
PL-000906,synthetic-demo,2026-03-02T16:52:55Z,2026-03-02,2026-W10,2026-03-02,2026-03,online,False claim to discredit,Abusing benefits / taking jobs,X,,Mazowieckie,PL,Ukrainian women as a group,Unknown,Link and screenshot,LC-30032,verified,20,"Many near-identical posts say Ukrainian women ""live on Polish taxes""; figures do not match official data."
PL-000907,synthetic-demo,2026-03-02T19:07:22Z,2026-03-02,2026-W10,2026-03-02,2026-03,online,Fabricated story,Abusing benefits / taking jobs,Facebook,,Zachodniopomorskie,PL,Herself,30-49,Link only,LC-47029,verified,2.5,Post claims Ukrainian women receive more benefits than Polish families; the figures are invented.
PL-000908,synthetic-demo,2026-03-02T19:24:50Z,2026-03-02,2026-W10,2026-03-02,2026-03,online,False claim to discredit,Abusing benefits / taking jobs,Facebook,,Podkarpackie,PL,Public figure,18-29,Link only,LC-10342,verified,56.5,Comment thread repeats the claim from the benefits-policy debate that Ukrainian mothers are paid more than Polish mothers.
PL-000909,synthetic-demo,2026-03-03T04:45:26Z,2026-03-03,2026-W10,2026-03-02,2026-03,online,"Fake job, housing or relationship offer",Fake offers (lures),Facebook,,Wielkopolskie,RU,Ukrainian women as a group,Unknown,Link and screenshot,LC-70052,verified,21.9,"Ad offers a well-paid seasonal farm job with free housing and travel, and asks for a passport photo first."
PL-000910,synthetic-demo,2026-03-03T08:20:31Z,2026-03-03,2026-W10,2026-03-02,2026-03,online,False claim to discredit,Abusing benefits / taking jobs,X,,Małopolskie,PL,Herself,18-29,Screenshot only,,verified,14.2,Post claims Ukrainian women receive more benefits than Polish families; the figures are invented.
PL-000911,synthetic-demo,2026-03-03T09:22:40Z,2026-03-03,2026-W10,2026-03-02,2026-03,in-person,Verbal harassment or insults,None (in person),,Street or public transport,Śląskie,UA,Someone she knows,Unknown,Description only,,verified,9.9,Shouted at on public transport in Katowice for speaking Ukrainian.
PL-000912,synthetic-demo,2026-03-03T11:09:40Z,2026-03-03,2026-W10,2026-03-02,2026-03,online,Sexualised content or stereotypes,Came to seduce / steal husbands,TikTok,,Wielkopolskie,UA,Ukrainian women as a group,Unknown,Screenshot only,,verified,4.5,Post uses a sexualised stereotype of Ukrainian women to joke about Polish wives.
PL-000913,synthetic-demo,2026-03-03T12:11:46Z,2026-03-03,2026-W10,2026-03-02,2026-03,online,Fabricated story,Abusing benefits / taking jobs,Facebook,,Mazowieckie,PL,Someone she knows,Unknown,Link and screenshot,LC-80075,verified,34.3,Carousel post repeats the claim from the benefits-policy debate that Ukrainian mothers are paid more than Polish mothers.
PL-000914,synthetic-demo,2026-03-03T12:12:16Z,2026-03-03,2026-W10,2026-03-02,2026-03,online,False claim to discredit,Abusing benefits / taking jobs,X,,Mazowieckie,PL,Ukrainian women as a group,Unknown,Link and screenshot,LC-91111,verified,27.4,"After the benefits-policy debate, a post claims Ukrainian women get priority for social housing; no source."
PL-000915,synthetic-demo,2026-03-03T12:23:39Z,2026-03-03,2026-W10,2026-03-02,2026-03,online,Fabricated story,Abusing benefits / taking jobs,Facebook,,Mazowieckie,PL,Herself,13-17,Description only,,verified,15.6,Video repeats the claim from the benefits-policy debate that Ukrainian mothers are paid more than Polish mothers.
PL-000916,synthetic-demo,2026-03-03T14:14:15Z,2026-03-03,2026-W10,2026-03-02,2026-03,in-person,Rumours or lies spread about her,None (in person),,Street or public transport,Pomorskie,PL,Herself,50+,Description only,,verified,12.1,Neighbours spread a rumour that she came to Poland to find a husband.
PL-000917,synthetic-demo,2026-03-03T15:59:46Z,2026-03-03,2026-W10,2026-03-02,2026-03,online,False claim to discredit,Abusing benefits / taking jobs,TikTok,,Mazowieckie,EN,Someone she knows,30-49,Description only,,verified,6,Carousel post says Ukrainian mothers abuse child benefits and take kindergarten places.
PL-000918,synthetic-demo,2026-03-03T17:06:37Z,2026-03-03,2026-W10,2026-03-02,2026-03,online,False claim to discredit,Sex work stereotypes,Facebook,,Kujawsko-pomorskie,RU,Herself,Unknown,Link and screenshot,LC-87138,verified,13.9,Post suggests a reception point in Bydgoszcz is used for sex work; no evidence given.
PL-000919,synthetic-demo,2026-03-03T17:50:39Z,2026-03-03,2026-W10,2026-03-02,2026-03,online,Doxxing or exposure,Stolen photos / fake profiles,Facebook,,Pomorskie,PL,Someone she knows,18-29,Description only,,verified,47.5,Fake account copies a woman's profile photos and messages men pretending to be her.
PL-000920,synthetic-demo,2026-03-03T20:02:23Z,2026-03-03,2026-W10,2026-03-02,2026-03,online,Fabricated story,Criminal or dangerous,TikTok,,Małopolskie,PL,Ukrainian women as a group,18-29,Link and screenshot,LC-68277,verified,41,Carousel post claims Ukrainian women run scams targeting elderly people; no source.
PL-000921,synthetic-demo,2026-03-04T13:08:30Z,2026-03-04,2026-W10,2026-03-02,2026-03,online,False claim to discredit,Abusing benefits / taking jobs,X,,Mazowieckie,PL,Ukrainian women as a group,30-49,Link and screenshot,LC-26690,verified,39.6,"After the benefits-policy debate, a post claims Ukrainian women get priority for social housing; no source."
PL-000922,synthetic-demo,2026-03-04T14:45:40Z,2026-03-04,2026-W10,2026-03-02,2026-03,online,Fabricated story,Abusing benefits / taking jobs,X,,Mazowieckie,PL,Someone she knows,50+,Link and screenshot,LC-90625,verified,3.7,Post repeats the claim from the benefits-policy debate that Ukrainian mothers are paid more than Polish mothers.
PL-000923,synthetic-demo,2026-03-04T16:04:43Z,2026-03-04,2026-W10,2026-03-02,2026-03,online,Harassment or pile-on,Criminal or dangerous,TikTok,,Podkarpackie,PL,Someone she knows,18-29,Link and screenshot,LC-71190,verified,16.1,Post claims Ukrainian women run scams targeting elderly people; no source.
PL-000924,synthetic-demo,2026-03-04T18:46:19Z,2026-03-04,2026-W10,2026-03-02,2026-03,in-person,Other (in person),None (in person),,Accommodation or housing,Lubuskie,UA,Herself,18-29,Photo,,verified,13.5,Treated in a degrading way at an office when asking for help.
PL-000925,synthetic-demo,2026-03-04T19:29:13Z,2026-03-04,2026-W10,2026-03-02,2026-03,online,Manipulated image or video,Stolen photos / fake profiles,TikTok,,Mazowieckie,PL,Someone she knows,18-29,Screenshot only,,needs more info,11.1,Edited photo puts a Ukrainian woman's face on a sexualised image; shared in a group.
PL-000926,synthetic-demo,2026-03-04T20:03:51Z,2026-03-04,2026-W10,2026-03-02,2026-03,online,Sexualised content or stereotypes,Sex work stereotypes,Instagram,,Świętokrzyskie,PL,Ukrainian women as a group,Unknown,Link and screenshot,LC-93528,verified,7.1,"Video describes Ukrainian women as ""easy"" and links this to the war; widely shared."
PL-000927,synthetic-demo,2026-03-05T10:04:53Z,2026-03-05,2026-W10,2026-03-02,2026-03,online,Harassment or pile-on,Came to seduce / steal husbands,X,,Podkarpackie,PL,Ukrainian women as a group,18-29,Screenshot only,,verified,14.4,Post mocks Ukrainian women as only interested in men with money; many replies agree.
PL-000928,synthetic-demo,2026-03-05T11:25:24Z,2026-03-05,2026-W10,2026-03-02,2026-03,online,Doxxing or exposure,Other or unclear,X,,Dolnośląskie,PL,Herself,Unknown,Link and screenshot,LC-57370,verified,7.3,Pile-on in the comments after a Ukrainian woman spoke about her work in local media.
PL-000929,synthetic-demo,2026-03-05T13:17:32Z,2026-03-05,2026-W10,2026-03-02,2026-03,online,Harassment or pile-on,Abusing benefits / taking jobs,Instagram,,Małopolskie,PL,Someone she knows,Unknown,Link only,LC-90767,verified,5.9,"Chart with false numbers about benefits paid to Ukrainian women, shared as if official."
PL-000930,synthetic-demo,2026-03-05T13:54:16Z,2026-03-05,2026-W10,2026-03-02,2026-03,online,False claim to discredit,Abusing benefits / taking jobs,X,,Mazowieckie,PL,Ukrainian women as a group,Unknown,Description only,,rejected,3.5,Short clip calls for benefits for Ukrainian women to be cut and describes them as lazy.
PL-000931,synthetic-demo,2026-03-05T16:26:07Z,2026-03-05,2026-W10,2026-03-02,2026-03,online,Fabricated story,Abusing benefits / taking jobs,TikTok,,Mazowieckie,PL,Ukrainian women as a group,Unknown,Description only,,verified,27.6,Comment thread calls for benefits for Ukrainian women to be cut and describes them as lazy.
PL-000932,synthetic-demo,2026-03-05T17:09:17Z,2026-03-05,2026-W10,2026-03-02,2026-03,online,Fabricated story,Other or unclear,Facebook,,Zachodniopomorskie,PL,Herself,18-29,Link only,LC-57702,verified,27.4,Hostile messages sent to several Ukrainian women in a local community group.
PL-000933,synthetic-demo,2026-03-05T17:39:09Z,2026-03-05,2026-W10,2026-03-02,2026-03,online,Fabricated story,Abusing benefits / taking jobs,X,,Pomorskie,PL,Someone she knows,18-29,Description only,,rejected,22.3,Carousel post says Ukrainian mothers abuse child benefits and take kindergarten places.
PL-000934,synthetic-demo,2026-03-05T20:05:53Z,2026-03-05,2026-W10,2026-03-02,2026-03,online,Sexualised content or stereotypes,Sex work stereotypes,Telegram,,Lubuskie,UA,Ukrainian women as a group,Unknown,Link and screenshot,LC-54768,verified,51.6,Post suggests a reception point in Zielona Góra is used for sex work; no evidence given.
PL-000935,synthetic-demo,2026-03-05T20:28:07Z,2026-03-05,2026-W10,2026-03-02,2026-03,online,Sexualised content or stereotypes,Available women / brides,TikTok,,Podkarpackie,PL,Public figure,18-29,Screenshot only,,verified,13.4,Post presents Ukrainian women as available for dating in exchange for help with housing.
PL-000936,synthetic-demo,2026-03-05T21:12:09Z,2026-03-05,2026-W10,2026-03-02,2026-03,online,Fabricated story,Criminal or dangerous,X,,Podkarpackie,PL,Ukrainian women as a group,30-49,Link and screenshot,LC-86229,needs more info,29.2,Old crime story from another country reshared as if it happened in Rzeszów with a Ukrainian woman.
PL-000937,synthetic-demo,2026-03-06T10:51:27Z,2026-03-06,2026-W10,2026-03-02,2026-03,online,False claim to discredit,Sex work stereotypes,Facebook,,Śląskie,PL,Ukrainian women as a group,Unknown,Link only,LC-29380,verified,5.1,Comments call a Ukrainian woman a sex worker after she posted about her new job.
PL-000938,synthetic-demo,2026-03-06T13:48:37Z,2026-03-06,2026-W10,2026-03-02,2026-03,online,Manipulated image or video,Stolen photos / fake profiles,TikTok,,Mazowieckie,PL,Someone she knows,18-29,Link only,LC-24923,verified,94,Dating profile uses photos of a Ukrainian woman without her consent.
PL-000939,synthetic-demo,2026-03-06T18:03:37Z,2026-03-06,2026-W10,2026-03-02,2026-03,online,Fabricated story,Abusing benefits / taking jobs,X,,Mazowieckie,PL,Someone she knows,18-29,Link only,LC-38957,rejected,24.2,Comment thread calls for benefits for Ukrainian women to be cut and describes them as lazy.
PL-000940,synthetic-demo,2026-03-06T18:03:58Z,2026-03-06,2026-W10,2026-03-02,2026-03,online,"Fake job, housing or relationship offer",Fake offers (lures),Telegram,,Mazowieckie,UA,Herself,13-17,Link and screenshot,LC-24321,verified,14.3,"Offer of a care worker job near Warsaw with pay far above normal, asks women to send full-length photos."
PL-000941,synthetic-demo,2026-03-06T18:41:39Z,2026-03-06,2026-W10,2026-03-02,2026-03,in-person,Verbal harassment or insults,None (in person),,Street or public transport,Kujawsko-pomorskie,UA,Herself,13-17,Description only,,needs more info,4.5,Group of men called her names linked to her nationality in the street.
PL-000942,synthetic-demo,2026-03-06T19:02:25Z,2026-03-06,2026-W10,2026-03-02,2026-03,online,Sexualised content or stereotypes,Available women / brides,TikTok,,Podkarpackie,PL,Herself,Unknown,Screenshot only,,verified,11,"Page advertises ""Ukrainian brides"" using photos that appear to be taken from a refugee support group."
PL-000943,synthetic-demo,2026-03-06T20:01:00Z,2026-03-06,2026-W10,2026-03-02,2026-03,online,Manipulated image or video,Stolen photos / fake profiles,Telegram,,Mazowieckie,PL,Someone she knows,Unknown,Link and screenshot,LC-87027,verified,26.8,Fake account copies a woman's profile photos and messages men pretending to be her.
PL-000944,synthetic-demo,2026-03-06T22:11:25Z,2026-03-06,2026-W10,2026-03-02,2026-03,online,Manipulated image or video,Stolen photos / fake profiles,TikTok,,Wielkopolskie,PL,Someone she knows,30-49,Description only,,verified,8.9,Edited photo puts a Ukrainian woman's face on a sexualised image; shared in a group.
PL-000945,synthetic-demo,2026-03-06T23:58:33Z,2026-03-06,2026-W10,2026-03-02,2026-03,online,Fabricated story,Came to seduce / steal husbands,TikTok,,Podkarpackie,PL,Public figure,18-29,Link only,LC-89861,verified,18.7,Post mocks Ukrainian women as only interested in men with money; many replies agree.
PL-000946,synthetic-demo,2026-03-07T11:27:26Z,2026-03-07,2026-W10,2026-03-02,2026-03,online,Sexualised content or stereotypes,Came to seduce / steal husbands,Telegram,,Lubelskie,RU,Ukrainian women as a group,13-17,Link only,LC-48855,verified,27.3,"Comments under a local news story say Ukrainian women ""take"" Polish men and break up families."
PL-000947,synthetic-demo,2026-03-07T12:50:27Z,2026-03-07,2026-W10,2026-03-02,2026-03,online,Sexualised content or stereotypes,Came to seduce / steal husbands,Facebook,,Łódzkie,EN,Someone she knows,30-49,Link and screenshot,LC-13973,verified,34.5,Carousel post mocks Ukrainian women as only interested in men with money; many replies agree.
PL-000948,synthetic-demo,2026-03-07T13:00:46Z,2026-03-07,2026-W10,2026-03-02,2026-03,online,False claim to discredit,Abusing benefits / taking jobs,X,,Pomorskie,PL,Ukrainian women as a group,Unknown,Screenshot only,,verified,42.9,Meme calls for benefits for Ukrainian women to be cut and describes them as lazy.
PL-000949,synthetic-demo,2026-03-07T14:19:43Z,2026-03-07,2026-W10,2026-03-02,2026-03,online,Sexualised content or stereotypes,Came to seduce / steal husbands,Instagram,,Podkarpackie,PL,Ukrainian women as a group,Unknown,Description only,,verified,11,"Comments under a local news story say Ukrainian women ""take"" Polish men and break up families."
PL-000950,synthetic-demo,2026-03-07T16:04:29Z,2026-03-07,2026-W10,2026-03-02,2026-03,online,False claim to discredit,Abusing benefits / taking jobs,X,,Lubelskie,PL,Someone she knows,30-49,Link and screenshot,LC-52780,rejected,13.9,"After the benefits-policy debate, a post claims Ukrainian women get priority for social housing; no source."
PL-000951,synthetic-demo,2026-03-07T16:23:37Z,2026-03-07,2026-W10,2026-03-02,2026-03,online,Fabricated story,Abusing benefits / taking jobs,Facebook,,Śląskie,PL,Herself,13-17,Link only,LC-12389,verified,27.1,Carousel post repeats the claim from the benefits-policy debate that Ukrainian mothers are paid more than Polish mothers.
PL-000952,synthetic-demo,2026-03-07T17:42:04Z,2026-03-07,2026-W10,2026-03-02,2026-03,online,Harassment or pile-on,Criminal or dangerous,Facebook,,Mazowieckie,PL,Ukrainian women as a group,Unknown,Screenshot only,,verified,19.4,Video claims Ukrainian women bring disease and crime; uses an unrelated photo.
PL-000953,synthetic-demo,2026-03-07T18:55:25Z,2026-03-07,2026-W10,2026-03-02,2026-03,online,Fabricated story,Abusing benefits / taking jobs,Facebook,,Mazowieckie,PL,Ukrainian women as a group,13-17,Link and screenshot,LC-40594,verified,9.9,"Many near-identical posts say Ukrainian women ""live on Polish taxes""; figures do not match official data."
PL-000954,synthetic-demo,2026-03-07T23:58:33Z,2026-03-07,2026-W10,2026-03-02,2026-03,online,Fabricated story,Abusing benefits / taking jobs,Telegram,,Lubelskie,UA,Ukrainian women as a group,18-29,Link and screenshot,LC-65801,verified,28.3,Post claims Ukrainian women receive more benefits than Polish families; the figures are invented.
PL-000955,synthetic-demo,2026-03-08T05:07:54Z,2026-03-08,2026-W10,2026-03-02,2026-03,online,Harassment or pile-on,Criminal or dangerous,TikTok,,Małopolskie,PL,Public figure,Unknown,Link and screenshot,LC-22977,verified,12.1,Post claims Ukrainian women bring disease and crime; uses an unrelated photo.
PL-000956,synthetic-demo,2026-03-08T13:17:03Z,2026-03-08,2026-W10,2026-03-02,2026-03,online,False claim to discredit,Abusing benefits / taking jobs,X,,Mazowieckie,PL,Ukrainian women as a group,Unknown,Link only,LC-27764,verified,47.2,Video calls for benefits for Ukrainian women to be cut and describes them as lazy.
PL-000957,synthetic-demo,2026-03-08T13:44:08Z,2026-03-08,2026-W10,2026-03-02,2026-03,online,False claim to discredit,Abusing benefits / taking jobs,Facebook,,Mazowieckie,PL,Someone she knows,18-29,Link only,LC-28984,verified,13,Video calls for benefits for Ukrainian women to be cut and describes them as lazy.
PL-000958,synthetic-demo,2026-03-08T13:56:44Z,2026-03-08,2026-W10,2026-03-02,2026-03,online,False claim to discredit,Sex work stereotypes,Telegram,,Wielkopolskie,PL,Public figure,18-29,Link and screenshot,LC-62927,verified,32.3,Post suggests a reception point in Poznań is used for sex work; no evidence given.
PL-000959,synthetic-demo,2026-03-08T15:04:05Z,2026-03-08,2026-W10,2026-03-02,2026-03,online,Manipulated image or video,Available women / brides,Instagram,,Małopolskie,EN,Someone she knows,30-49,Link only,LC-71198,verified,13.7,"Carousel post ranks Ukrainian women by appearance and invites men to ""choose one""."
PL-000960,synthetic-demo,2026-03-08T15:05:01Z,2026-03-08,2026-W10,2026-03-02,2026-03,in-person,Unwanted sexual comments or propositions,None (in person),,Workplace,Mazowieckie,PL,Herself,18-29,Description only,,verified,59.4,"Landlord made sexual comments and hinted rent could be ""paid another way""."
PL-000961,synthetic-demo,2026-03-08T15:20:43Z,2026-03-08,2026-W10,2026-03-02,2026-03,online,False claim to discredit,Abusing benefits / taking jobs,X,,Mazowieckie,PL,Someone she knows,18-29,Description only,,rejected,19.6,"After the benefits-policy debate, a post claims Ukrainian women get priority for social housing; no source."
PL-000962,synthetic-demo,2026-03-08T18:03:27Z,2026-03-08,2026-W10,2026-03-02,2026-03,online,False claim to discredit,Abusing benefits / taking jobs,Facebook,,Mazowieckie,PL,Ukrainian women as a group,18-29,Screenshot only,,verified,11.9,"After the benefits-policy debate, a post claims Ukrainian women get priority for social housing; no source."
PL-000963,synthetic-demo,2026-03-08T19:44:31Z,2026-03-08,2026-W10,2026-03-02,2026-03,online,False claim to discredit,Sex work stereotypes,X,,Małopolskie,PL,Ukrainian women as a group,Unknown,Link only,LC-72853,verified,17.6,Comments call a Ukrainian woman a sex worker after she posted about her new job.
PL-000964,synthetic-demo,2026-03-08T20:41:49Z,2026-03-08,2026-W10,2026-03-02,2026-03,online,False claim to discredit,Abusing benefits / taking jobs,Other,,Mazowieckie,PL,Public figure,30-49,Link only,LC-44456,needs more info,81.3,"Chart with false numbers about benefits paid to Ukrainian women, shared as if official."
PL-000965,synthetic-demo,2026-03-08T23:58:33Z,2026-03-08,2026-W10,2026-03-02,2026-03,online,Fabricated story,Abusing benefits / taking jobs,X,,Mazowieckie,PL,Ukrainian women as a group,Unknown,Link and screenshot,LC-56109,verified,75.9,"After the benefits-policy debate, a post claims Ukrainian women get priority for social housing; no source."
PL-000966,synthetic-demo,2026-03-09T10:27:47Z,2026-03-09,2026-W11,2026-03-09,2026-03,online,Sexualised content or stereotypes,Sex work stereotypes,Other,,Pomorskie,PL,Ukrainian women as a group,Unknown,Screenshot only,,rejected,55.8,Video claims Ukrainian women arriving in Poland mostly work in the sex industry.
PL-000967,synthetic-demo,2026-03-09T10:42:22Z,2026-03-09,2026-W11,2026-03-09,2026-03,in-person,Verbal harassment or insults,None (in person),,Street or public transport,Dolnośląskie,PL,Someone she knows,18-29,Description only,,verified,53.3,Insulted by a customer at work after they heard her accent.
PL-000968,synthetic-demo,2026-03-09T13:52:04Z,2026-03-09,2026-W11,2026-03-09,2026-03,in-person,Physical or sexual violence,None (in person),,Accommodation or housing,Dolnośląskie,PL,Someone she knows,Unknown,Description only,,verified,43.7,Touched without consent by a co-worker; the manager did nothing.
PL-000969,synthetic-demo,2026-03-09T14:14:34Z,2026-03-09,2026-W11,2026-03-09,2026-03,online,Harassment or pile-on,Sex work stereotypes,TikTok,,Łódzkie,PL,Ukrainian women as a group,30-49,Link only,LC-24518,verified,10.4,Post suggests a reception point in Łódź is used for sex work; no evidence given.
PL-000970,synthetic-demo,2026-03-09T17:52:39Z,2026-03-09,2026-W11,2026-03-09,2026-03,online,False claim to discredit,Abusing benefits / taking jobs,X,,Warmińsko-mazurskie,PL,Ukrainian women as a group,13-17,Link only,LC-32482,verified,57.7,Meme claims Ukrainian women take jobs from Polish women while living on benefits.
PL-000971,synthetic-demo,2026-03-10T08:21:39Z,2026-03-10,2026-W11,2026-03-09,2026-03,online,"Fake job, housing or relationship offer",Fake offers (lures),Classifieds site,,Pomorskie,RU,Ukrainian women as a group,18-29,Screenshot only,,verified,57.7,"Ad offers a well-paid massage salon job with free housing and travel, and asks for a passport photo first."
PL-000972,synthetic-demo,2026-03-10T09:10:51Z,2026-03-10,2026-W11,2026-03-09,2026-03,online,Doxxing or exposure,Sex work stereotypes,Telegram,,Mazowieckie,RU,Someone she knows,13-17,Screenshot only,,verified,6.8,Comment thread claims Ukrainian women arriving in Poland mostly work in the sex industry.
PL-000973,synthetic-demo,2026-03-10T10:51:20Z,2026-03-10,2026-W11,2026-03-09,2026-03,in-person,Being followed or watched,None (in person),,Shop or service,Warmińsko-mazurskie,PL,Herself,Unknown,Description only,,needs more info,25.1,Same car seen waiting outside her workplace several evenings.
PL-000974,synthetic-demo,2026-03-10T16:13:51Z,2026-03-10,2026-W11,2026-03-09,2026-03,online,False claim to discredit,Abusing benefits / taking jobs,X,,Podkarpackie,EN,Someone she knows,18-29,Link only,LC-53371,verified,17.6,Video says Ukrainian mothers abuse child benefits and take kindergarten places.
PL-000975,synthetic-demo,2026-03-11T07:51:16Z,2026-03-11,2026-W11,2026-03-09,2026-03,online,Fabricated story,Came to seduce / steal husbands,TikTok,,Śląskie,PL,Someone she knows,30-49,Link and screenshot,LC-29107,verified,43.9,"Comments under a local news story say Ukrainian women ""take"" Polish men and break up families."
PL-000976,synthetic-demo,2026-03-11T11:15:31Z,2026-03-11,2026-W11,2026-03-09,2026-03,online,Manipulated image or video,Stolen photos / fake profiles,TikTok,,Pomorskie,PL,Someone she knows,13-17,Description only,,verified,8.1,Fake account copies a woman's profile photos and messages men pretending to be her.
PL-000977,synthetic-demo,2026-03-11T13:29:03Z,2026-03-11,2026-W11,2026-03-09,2026-03,online,Manipulated image or video,Criminal or dangerous,Instagram,,Kujawsko-pomorskie,PL,Ukrainian women as a group,30-49,Description only,,verified,10.6,Video claims Ukrainian women bring disease and crime; uses an unrelated photo.
PL-000978,synthetic-demo,2026-03-11T14:32:04Z,2026-03-11,2026-W11,2026-03-09,2026-03,in-person,Being followed or watched,None (in person),,Street or public transport,Lubelskie,PL,Herself,13-17,Description only,,verified,19.6,Followed from the bus stop to her accommodation twice in one week.
PL-000979,synthetic-demo,2026-03-11T14:35:07Z,2026-03-11,2026-W11,2026-03-09,2026-03,in-person,Verbal harassment or insults,None (in person),,Workplace,Lubelskie,PL,Someone she knows,18-29,Photo,,rejected,24.4,Group of men called her names linked to her nationality in the street.
PL-000980,synthetic-demo,2026-03-11T14:42:02Z,2026-03-11,2026-W11,2026-03-09,2026-03,in-person,Unwanted sexual comments or propositions,None (in person),,Other,Lubelskie,PL,Herself,50+,Description only,,needs more info,93.6,"Landlord made sexual comments and hinted rent could be ""paid another way""."
PL-000981,synthetic-demo,2026-03-11T16:07:39Z,2026-03-11,2026-W11,2026-03-09,2026-03,online,Manipulated image or video,Available women / brides,X,,Małopolskie,EN,Ukrainian women as a group,Unknown,Description only,,rejected,46.8,"Page advertises ""Ukrainian brides"" using photos that appear to be taken from a refugee support group."
PL-000982,synthetic-demo,2026-03-11T16:09:17Z,2026-03-11,2026-W11,2026-03-09,2026-03,online,"Fake job, housing or relationship offer",Fake offers (lures),Facebook,,Wielkopolskie,RU,Ukrainian women as a group,18-29,Screenshot only,,verified,21.8,"Message offers a free room to young Ukrainian women ""in exchange for help around the house""."
PL-000983,synthetic-demo,2026-03-11T17:44:13Z,2026-03-11,2026-W11,2026-03-09,2026-03,online,"Fake job, housing or relationship offer",Fake offers (lures),Classifieds site,,Warmińsko-mazurskie,RU,Ukrainian women as a group,Unknown,Link and screenshot,LC-61572,verified,6.1,"Post offers help finding a ""sponsor"" for women who have just arrived."
PL-000984,synthetic-demo,2026-03-11T18:02:58Z,2026-03-11,2026-W11,2026-03-09,2026-03,online,Harassment or pile-on,Sex work stereotypes,Other,,Małopolskie,PL,Herself,30-49,Link and screenshot,LC-73449,needs more info,44.1,"Meme describes Ukrainian women as ""easy"" and links this to the war; widely shared."
PL-000985,synthetic-demo,2026-03-11T18:04:52Z,2026-03-11,2026-W11,2026-03-09,2026-03,in-person,Physical or sexual violence,None (in person),,Shop or service,Lubelskie,PL,Herself,Unknown,Description only,,verified,4.1,Pushed and hit by a stranger who shouted about Ukrainians.
PL-000986,synthetic-demo,2026-03-11T20:04:12Z,2026-03-11,2026-W11,2026-03-09,2026-03,online,Fabricated story,Criminal or dangerous,Facebook,,Opolskie,EN,Ukrainian women as a group,Unknown,Link and screenshot,LC-35709,verified,15.5,Meme claims Ukrainian women run scams targeting elderly people; no source.
PL-000987,synthetic-demo,2026-03-12T07:11:31Z,2026-03-12,2026-W11,2026-03-09,2026-03,online,Manipulated image or video,Stolen photos / fake profiles,Telegram,,Lubelskie,UA,Someone she knows,18-29,Description only,,needs more info,11.4,Dating profile uses photos of a Ukrainian woman without her consent.
PL-000988,synthetic-demo,2026-03-12T11:54:06Z,2026-03-12,2026-W11,2026-03-09,2026-03,online,False claim to discredit,Abusing benefits / taking jobs,X,,Pomorskie,PL,Someone she knows,Unknown,Link and screenshot,LC-33474,verified,15.6,Post says Ukrainian mothers abuse child benefits and take kindergarten places.
PL-000989,synthetic-demo,2026-03-12T15:13:57Z,2026-03-12,2026-W11,2026-03-09,2026-03,online,False claim to discredit,Abusing benefits / taking jobs,Other,,Mazowieckie,PL,Ukrainian women as a group,Unknown,Screenshot only,,verified,12.3,Post claims Ukrainian women receive more benefits than Polish families; the figures are invented.
PL-000990,synthetic-demo,2026-03-12T16:15:44Z,2026-03-12,2026-W11,2026-03-09,2026-03,in-person,Verbal harassment or insults,None (in person),,Accommodation or housing,Mazowieckie,PL,Herself,18-29,Description only,,verified,8.3,Group of men called her names linked to her nationality in the street.
PL-000991,synthetic-demo,2026-03-12T17:12:10Z,2026-03-12,2026-W11,2026-03-09,2026-03,in-person,Unwanted sexual comments or propositions,None (in person),,Accommodation or housing,Mazowieckie,PL,Herself,30-49,Description only,,needs more info,71.7,"Landlord made sexual comments and hinted rent could be ""paid another way""."
PL-000992,synthetic-demo,2026-03-12T19:15:25Z,2026-03-12,2026-W11,2026-03-09,2026-03,online,"Fake job, housing or relationship offer",Fake offers (lures),Classifieds site,,Małopolskie,RU,Ukrainian women as a group,Unknown,Screenshot only,,verified,11.3,"Message offers a free room to young Ukrainian women ""in exchange for help around the house""."
PL-000993,synthetic-demo,2026-03-12T23:51:13Z,2026-03-12,2026-W11,2026-03-09,2026-03,in-person,Rumours or lies spread about her,None (in person),,Street or public transport,Małopolskie,PL,Someone she knows,18-29,Description only,,verified,28.1,"Parents at school said she had a ""bad reputation"" because she is Ukrainian."
PL-000994,synthetic-demo,2026-03-13T11:08:32Z,2026-03-13,2026-W11,2026-03-09,2026-03,in-person,Being followed or watched,None (in person),,Street or public transport,Lubelskie,PL,Someone she knows,13-17,Description only,,verified,27.8,Man she did not know kept appearing near her building and watching the entrance.
PL-000995,synthetic-demo,2026-03-13T17:01:10Z,2026-03-13,2026-W11,2026-03-09,2026-03,online,Fabricated story,Criminal or dangerous,TikTok,,Wielkopolskie,PL,Ukrainian women as a group,Unknown,Screenshot only,,verified,23.9,Fabricated story says a Ukrainian woman stole from her employer; the photo is from another country.
PL-000996,synthetic-demo,2026-03-13T18:42:42Z,2026-03-13,2026-W11,2026-03-09,2026-03,online,Sexualised content or stereotypes,Available women / brides,Instagram,,Pomorskie,PL,Ukrainian women as a group,30-49,Link and screenshot,LC-10884,verified,47.2,"Page advertises ""Ukrainian brides"" using photos that appear to be taken from a refugee support group."
PL-000997,synthetic-demo,2026-03-14T09:56:45Z,2026-03-14,2026-W11,2026-03-09,2026-03,online,Manipulated image or video,Stolen photos / fake profiles,X,,Mazowieckie,PL,Herself,30-49,Link only,LC-17160,verified,18.4,Fake account copies a woman's profile photos and messages men pretending to be her.
PL-000998,synthetic-demo,2026-03-14T17:39:18Z,2026-03-14,2026-W11,2026-03-09,2026-03,online,Fabricated story,Abusing benefits / taking jobs,Facebook,,Zachodniopomorskie,PL,Someone she knows,18-29,Screenshot only,,rejected,39.3,"Chart with false numbers about benefits paid to Ukrainian women, shared as if official."
PL-000999,synthetic-demo,2026-03-15T11:12:54Z,2026-03-15,2026-W11,2026-03-09,2026-03,in-person,Unwanted sexual comments or propositions,None (in person),,Workplace,Małopolskie,PL,Herself,Unknown,Description only,,pending,,"Landlord made sexual comments and hinted rent could be ""paid another way""."
PL-001000,synthetic-demo,2026-03-15T11:33:39Z,2026-03-15,2026-W11,2026-03-09,2026-03,online,Manipulated image or video,Criminal or dangerous,Facebook,,Wielkopolskie,EN,Public figure,18-29,Screenshot only,,verified,103.8,Carousel post claims Ukrainian women run scams targeting elderly people; no source.
PL-001001,synthetic-demo,2026-03-15T12:10:59Z,2026-03-15,2026-W11,2026-03-09,2026-03,online,Fabricated story,Other or unclear,Facebook,,Kujawsko-pomorskie,PL,Someone she knows,30-49,Link and screenshot,LC-90131,verified,26.5,Video targets a Ukrainian woman activist with insults and false claims about her past.
PL-001002,synthetic-demo,2026-03-15T14:33:06Z,2026-03-15,2026-W11,2026-03-09,2026-03,online,"Fake job, housing or relationship offer",Fake offers (lures),Telegram,,Mazowieckie,RU,Ukrainian women as a group,Unknown,Screenshot only,,verified,44.2,"Message offers a free room to young Ukrainian women ""in exchange for help around the house""."
PL-001003,synthetic-demo,2026-03-15T16:32:25Z,2026-03-15,2026-W11,2026-03-09,2026-03,online,Fabricated story,Criminal or dangerous,X,,Wielkopolskie,PL,Someone she knows,18-29,Link only,LC-73944,verified,24.8,Fabricated story says a Ukrainian woman stole from her employer; the photo is from another country.
PL-001004,synthetic-demo,2026-03-16T12:30:03Z,2026-03-16,2026-W12,2026-03-16,2026-03,online,Fabricated story,Criminal or dangerous,Telegram,,Mazowieckie,RU,Herself,18-29,Link and screenshot,LC-84077,verified,4.4,Short clip claims Ukrainian women bring disease and crime; uses an unrelated photo.
PL-001005,synthetic-demo,2026-03-16T14:06:13Z,2026-03-16,2026-W12,2026-03-16,2026-03,online,Fabricated story,Criminal or dangerous,X,,Dolnośląskie,PL,Herself,18-29,Link only,LC-98742,verified,3.5,Carousel post claims Ukrainian women run scams targeting elderly people; no source.
PL-001006,synthetic-demo,2026-03-16T14:42:02Z,2026-03-16,2026-W12,2026-03-16,2026-03,online,False claim to discredit,Abusing benefits / taking jobs,Facebook,,Mazowieckie,EN,Ukrainian women as a group,18-29,Link and screenshot,LC-21013,verified,29.8,Post claims Ukrainian women receive more benefits than Polish families; the figures are invented.
PL-001007,synthetic-demo,2026-03-16T15:32:45Z,2026-03-16,2026-W12,2026-03-16,2026-03,in-person,Verbal harassment or insults,None (in person),,Workplace,Pomorskie,PL,Herself,30-49,Description only,,verified,28.8,Group of men called her names linked to her nationality in the street.
PL-001008,synthetic-demo,2026-03-16T19:43:28Z,2026-03-16,2026-W12,2026-03-16,2026-03,in-person,Verbal harassment or insults,None (in person),,Shop or service,Mazowieckie,PL,Someone she knows,Unknown,Description only,,needs more info,6.7,Insulted by a customer at work after they heard her accent.
PL-001009,synthetic-demo,2026-03-16T20:41:29Z,2026-03-16,2026-W12,2026-03-16,2026-03,in-person,Threats or intimidation,None (in person),,School or university,Pomorskie,PL,Herself,50+,Description only,,rejected,14.6,Employer threatened to report her to the authorities if she complained about pay.
PL-001010,synthetic-demo,2026-03-17T10:09:56Z,2026-03-17,2026-W12,2026-03-16,2026-03,online,"Fake job, housing or relationship offer",Fake offers (lures),Telegram,,Małopolskie,RU,Ukrainian women as a group,Unknown,Link only,LC-51110,verified,10.7,"Ad offers a well-paid model job with free housing and travel, and asks for a passport photo first."
PL-001011,synthetic-demo,2026-03-17T14:18:46Z,2026-03-17,2026-W12,2026-03-16,2026-03,online,Manipulated image or video,Available women / brides,TikTok,,Wielkopolskie,PL,Ukrainian women as a group,18-29,Screenshot only,,rejected,8,"Post ranks Ukrainian women by appearance and invites men to ""choose one""."
PL-001012,synthetic-demo,2026-03-17T16:35:36Z,2026-03-17,2026-W12,2026-03-16,2026-03,in-person,Unwanted sexual comments or propositions,None (in person),,Other,Pomorskie,PL,Herself,30-49,Description only,,verified,26.7,"Landlord made sexual comments and hinted rent could be ""paid another way""."
PL-001013,synthetic-demo,2026-03-17T18:53:09Z,2026-03-17,2026-W12,2026-03-16,2026-03,in-person,Verbal harassment or insults,None (in person),,Workplace,Małopolskie,PL,Herself,Unknown,Photo,,needs more info,15.8,Insulted by a customer at work after they heard her accent.
PL-001014,synthetic-demo,2026-03-17T23:58:33Z,2026-03-17,2026-W12,2026-03-16,2026-03,online,Sexualised content or stereotypes,Available women / brides,Instagram,,Małopolskie,PL,Herself,30-49,Screenshot only,,verified,17.7,"Video ranks Ukrainian women by appearance and invites men to ""choose one""."
PL-001015,synthetic-demo,2026-03-18T00:00:00Z,2026-03-18,2026-W12,2026-03-16,2026-03,online,"Fake job, housing or relationship offer",Fake offers (lures),Telegram,,Świętokrzyskie,PL,Herself,18-29,Link and screenshot,LC-60607,verified,86.1,"Message offers a free room to young Ukrainian women ""in exchange for help around the house""."
PL-001016,synthetic-demo,2026-03-18T12:00:25Z,2026-03-18,2026-W12,2026-03-16,2026-03,in-person,Other (in person),None (in person),,Accommodation or housing,Mazowieckie,UA,Herself,30-49,Description only,,needs more info,11.4,Refused service and humiliated in a shop because she is Ukrainian.
PL-001017,synthetic-demo,2026-03-18T16:53:08Z,2026-03-18,2026-W12,2026-03-16,2026-03,online,Fabricated story,Came to seduce / steal husbands,TikTok,,Podkarpackie,PL,Ukrainian women as a group,30-49,Screenshot only,,verified,13.1,Short clip uses a sexualised stereotype of Ukrainian women to joke about Polish wives.
PL-001018,synthetic-demo,2026-03-18T18:34:00Z,2026-03-18,2026-W12,2026-03-16,2026-03,online,Manipulated image or video,Criminal or dangerous,Instagram,,Dolnośląskie,EN,Ukrainian women as a group,18-29,Description only,,verified,12.7,Old crime story from another country reshared as if it happened in Wrocław with a Ukrainian woman.
PL-001019,synthetic-demo,2026-03-19T07:27:47Z,2026-03-19,2026-W12,2026-03-16,2026-03,online,Fabricated story,Other or unclear,Other,,Wielkopolskie,PL,Herself,Unknown,Link and screenshot,LC-55706,verified,13.6,Hostile messages sent to several Ukrainian women in a local community group.
PL-001020,synthetic-demo,2026-03-19T12:34:12Z,2026-03-19,2026-W12,2026-03-16,2026-03,online,Fabricated story,Criminal or dangerous,Facebook,,Pomorskie,PL,Ukrainian women as a group,18-29,Link and screenshot,LC-62711,verified,11.1,Old crime story from another country reshared as if it happened in Gdańsk with a Ukrainian woman.
PL-001021,synthetic-demo,2026-03-19T15:08:37Z,2026-03-19,2026-W12,2026-03-16,2026-03,online,Harassment or pile-on,Other or unclear,Instagram,,Lubelskie,PL,Herself,18-29,Screenshot only,,verified,18.3,Pile-on in the comments after a Ukrainian woman spoke about her work in local media.
PL-001022,synthetic-demo,2026-03-19T18:16:43Z,2026-03-19,2026-W12,2026-03-16,2026-03,online,Harassment or pile-on,Abusing benefits / taking jobs,Facebook,,Pomorskie,PL,Ukrainian women as a group,Unknown,Screenshot only,,verified,20,"Chart with false numbers about benefits paid to Ukrainian women, shared as if official."
PL-001023,synthetic-demo,2026-03-19T18:25:39Z,2026-03-19,2026-W12,2026-03-16,2026-03,in-person,Other (in person),None (in person),,School or university,Małopolskie,UA,Someone she knows,Unknown,Description only,,rejected,3.4,Refused service and humiliated in a shop because she is Ukrainian.
PL-001024,synthetic-demo,2026-03-20T08:52:56Z,2026-03-20,2026-W12,2026-03-16,2026-03,online,Harassment or pile-on,Criminal or dangerous,Instagram,,Warmińsko-mazurskie,PL,Someone she knows,Unknown,Description only,,verified,13.8,Old crime story from another country reshared as if it happened in Olsztyn with a Ukrainian woman.
PL-001025,synthetic-demo,2026-03-20T15:36:39Z,2026-03-20,2026-W12,2026-03-16,2026-03,online,"Fake job, housing or relationship offer",Fake offers (lures),Telegram,,Lubelskie,UA,Someone she knows,18-29,Link and screenshot,LC-35173,verified,30.3,"Ad offers a well-paid hostess job with free housing and travel, and asks for a passport photo first."
PL-001026,synthetic-demo,2026-03-20T17:25:39Z,2026-03-20,2026-W12,2026-03-16,2026-03,in-person,Unwanted sexual comments or propositions,None (in person),,School or university,Wielkopolskie,PL,Someone she knows,30-49,Description only,,needs more info,13.2,"Stranger asked whether she was ""one of those Ukrainian girls"" and made sexual remarks."
PL-001027,synthetic-demo,2026-03-22T08:50:49Z,2026-03-22,2026-W12,2026-03-16,2026-03,online,Fabricated story,Came to seduce / steal husbands,Facebook,,Pomorskie,PL,Herself,30-49,Screenshot only,,rejected,11.5,Comment thread on Facebook claims Ukrainian women come to Poland to find Polish husbands.
PL-001028,synthetic-demo,2026-03-22T12:47:49Z,2026-03-22,2026-W12,2026-03-16,2026-03,in-person,Threats or intimidation,None (in person),,Workplace,Lubuskie,UA,Someone she knows,30-49,Description only,,rejected,56.5,Former partner threatened to share private photos.
PL-001029,synthetic-demo,2026-03-22T16:00:49Z,2026-03-22,2026-W12,2026-03-16,2026-03,online,Harassment or pile-on,Criminal or dangerous,Facebook,,Pomorskie,PL,Public figure,30-49,Link and screenshot,LC-38885,verified,24.4,Fabricated story says a Ukrainian woman stole from her employer; the photo is from another country.
PL-001030,synthetic-demo,2026-03-22T16:21:22Z,2026-03-22,2026-W12,2026-03-16,2026-03,online,Fabricated story,Other or unclear,Facebook,,Mazowieckie,PL,Someone she knows,50+,Link and screenshot,LC-91915,pending,,Pile-on in the comments after a Ukrainian woman spoke about her work in local media.
PL-001031,synthetic-demo,2026-03-22T20:56:27Z,2026-03-22,2026-W12,2026-03-16,2026-03,online,Sexualised content or stereotypes,Came to seduce / steal husbands,X,,Podkarpackie,PL,Ukrainian women as a group,18-29,Description only,,verified,5.5,Short clip on X claims Ukrainian women come to Poland to find Polish husbands.
PL-001032,synthetic-demo,2026-03-22T22:31:44Z,2026-03-22,2026-W12,2026-03-16,2026-03,in-person,Verbal harassment or insults,None (in person),,Street or public transport,Mazowieckie,PL,Someone she knows,30-49,Description only,,verified,31,Group of men called her names linked to her nationality in the street.
PL-001033,synthetic-demo,2026-03-22T23:58:33Z,2026-03-22,2026-W12,2026-03-16,2026-03,in-person,Verbal harassment or insults,None (in person),,Other,Lubelskie,PL,Herself,Unknown,Description only,,verified,39.9,Group of men called her names linked to her nationality in the street.
PL-001034,synthetic-demo,2026-03-23T11:17:26Z,2026-03-23,2026-W13,2026-03-23,2026-03,online,Harassment or pile-on,Came to seduce / steal husbands,Facebook,,Łódzkie,EN,Ukrainian women as a group,Unknown,Link and screenshot,LC-36527,verified,26.3,Comment thread on Facebook claims Ukrainian women come to Poland to find Polish husbands.
PL-001035,synthetic-demo,2026-03-23T14:04:22Z,2026-03-23,2026-W13,2026-03-23,2026-03,online,Harassment or pile-on,Came to seduce / steal husbands,Facebook,,Wielkopolskie,PL,Herself,Unknown,Link only,LC-33695,verified,5.9,"Comments under a local news story say Ukrainian women ""take"" Polish men and break up families."
PL-001036,synthetic-demo,2026-03-23T14:54:25Z,2026-03-23,2026-W13,2026-03-23,2026-03,online,Manipulated image or video,Stolen photos / fake profiles,Instagram,,Mazowieckie,PL,Someone she knows,18-29,Link and screenshot,LC-97193,verified,11.2,Photos from a Ukrainian woman's private account reposted on a page with sexual captions.
PL-001037,synthetic-demo,2026-03-23T16:04:50Z,2026-03-23,2026-W13,2026-03-23,2026-03,online,Harassment or pile-on,Came to seduce / steal husbands,TikTok,,Mazowieckie,PL,Herself,30-49,Link and screenshot,LC-45612,verified,20.4,"Comments under a local news story say Ukrainian women ""take"" Polish men and break up families."
PL-001038,synthetic-demo,2026-03-23T23:22:50Z,2026-03-23,2026-W13,2026-03-23,2026-03,online,Harassment or pile-on,Criminal or dangerous,Facebook,,Podkarpackie,PL,Ukrainian women as a group,18-29,Screenshot only,,verified,23.3,Old crime story from another country reshared as if it happened in Rzeszów with a Ukrainian woman.
PL-001039,synthetic-demo,2026-03-24T08:48:46Z,2026-03-24,2026-W13,2026-03-23,2026-03,online,Manipulated image or video,Stolen photos / fake profiles,Telegram,,Opolskie,UA,Someone she knows,30-49,Link and screenshot,LC-84859,rejected,9.1,Dating profile uses photos of a Ukrainian woman without her consent.
PL-001040,synthetic-demo,2026-03-24T11:04:57Z,2026-03-24,2026-W13,2026-03-23,2026-03,online,Fabricated story,Came to seduce / steal husbands,TikTok,,Podlaskie,RU,Herself,Unknown,Link and screenshot,LC-86950,verified,11,Meme uses a sexualised stereotype of Ukrainian women to joke about Polish wives.
PL-001041,synthetic-demo,2026-03-24T14:12:43Z,2026-03-24,2026-W13,2026-03-23,2026-03,in-person,Unwanted sexual comments or propositions,None (in person),,Workplace,Podkarpackie,PL,Someone she knows,Unknown,Description only,,needs more info,13.9,"Landlord made sexual comments and hinted rent could be ""paid another way""."
PL-001042,synthetic-demo,2026-03-24T15:44:44Z,2026-03-24,2026-W13,2026-03-23,2026-03,in-person,Unwanted sexual comments or propositions,None (in person),,School or university,Mazowieckie,PL,Herself,30-49,Description only,,verified,9.7,"Stranger asked whether she was ""one of those Ukrainian girls"" and made sexual remarks."
PL-001043,synthetic-demo,2026-03-24T18:50:10Z,2026-03-24,2026-W13,2026-03-23,2026-03,in-person,Physical or sexual violence,None (in person),,Street or public transport,Mazowieckie,PL,Herself,18-29,Description only,,verified,12.9,Touched without consent by a co-worker; the manager did nothing.
PL-001044,synthetic-demo,2026-03-24T21:17:27Z,2026-03-24,2026-W13,2026-03-23,2026-03,online,Sexualised content or stereotypes,Sex work stereotypes,X,,Pomorskie,PL,Ukrainian women as a group,Unknown,Screenshot only,,verified,4.1,Comments call a Ukrainian woman a sex worker after she posted about her new job.
PL-001045,synthetic-demo,2026-03-25T12:07:53Z,2026-03-25,2026-W13,2026-03-23,2026-03,online,Doxxing or exposure,Stolen photos / fake profiles,X,,Dolnośląskie,PL,Herself,50+,Link only,LC-32806,verified,24.2,Fake account copies a woman's profile photos and messages men pretending to be her.
PL-001046,synthetic-demo,2026-03-25T12:09:14Z,2026-03-25,2026-W13,2026-03-23,2026-03,online,Fabricated story,Other or unclear,Facebook,,Małopolskie,PL,Herself,30-49,Screenshot only,,verified,10.7,Pile-on in the comments after a Ukrainian woman spoke about her work in local media.
PL-001047,synthetic-demo,2026-03-25T14:41:37Z,2026-03-25,2026-W13,2026-03-23,2026-03,online,Harassment or pile-on,Available women / brides,Facebook,,Podlaskie,PL,Public figure,50+,Link and screenshot,LC-19647,verified,31.9,"Page advertises ""Ukrainian brides"" using photos that appear to be taken from a refugee support group."
PL-001048,synthetic-demo,2026-03-25T18:00:34Z,2026-03-25,2026-W13,2026-03-23,2026-03,online,False claim to discredit,Abusing benefits / taking jobs,Other,,Wielkopolskie,PL,Ukrainian women as a group,18-29,Screenshot only,,verified,9.9,Post claims Ukrainian women take jobs from Polish women while living on benefits.
PL-001049,synthetic-demo,2026-03-25T23:50:24Z,2026-03-25,2026-W13,2026-03-23,2026-03,online,Sexualised content or stereotypes,Came to seduce / steal husbands,Instagram,,Śląskie,PL,Ukrainian women as a group,Unknown,Screenshot only,,needs more info,15.6,Post on Instagram claims Ukrainian women come to Poland to find Polish husbands.
PL-001050,synthetic-demo,2026-03-25T23:58:33Z,2026-03-25,2026-W13,2026-03-23,2026-03,in-person,Unwanted sexual comments or propositions,None (in person),,Street or public transport,Lubelskie,PL,Herself,18-29,Description only,,verified,16.1,"Landlord made sexual comments and hinted rent could be ""paid another way""."
PL-001051,synthetic-demo,2026-03-26T05:36:47Z,2026-03-26,2026-W13,2026-03-23,2026-03,online,Fabricated story,Abusing benefits / taking jobs,X,,Mazowieckie,EN,Public figure,18-29,Screenshot only,,verified,19.9,Short clip claims Ukrainian women take jobs from Polish women while living on benefits.
PL-001052,synthetic-demo,2026-03-26T09:22:47Z,2026-03-26,2026-W13,2026-03-23,2026-03,online,Harassment or pile-on,Sex work stereotypes,X,,Dolnośląskie,PL,Herself,18-29,Description only,,verified,13.2,"Short clip describes Ukrainian women as ""easy"" and links this to the war; widely shared."
PL-001053,synthetic-demo,2026-03-26T10:55:51Z,2026-03-26,2026-W13,2026-03-23,2026-03,in-person,Verbal harassment or insults,None (in person),,Other,Mazowieckie,PL,Herself,Unknown,Photo,,verified,15,Shouted at on public transport in Warsaw for speaking Ukrainian.
PL-001054,synthetic-demo,2026-03-26T11:33:38Z,2026-03-26,2026-W13,2026-03-23,2026-03,online,Fabricated story,Abusing benefits / taking jobs,Telegram,,Zachodniopomorskie,RU,Herself,18-29,Screenshot only,,verified,42.5,Post claims Ukrainian women receive more benefits than Polish families; the figures are invented.
PL-001055,synthetic-demo,2026-03-26T12:31:40Z,2026-03-26,2026-W13,2026-03-23,2026-03,online,Doxxing or exposure,Sex work stereotypes,Instagram,,Pomorskie,PL,Ukrainian women as a group,30-49,Link only,LC-43029,verified,34.8,Comments call a Ukrainian woman a sex worker after she posted about her new job.
PL-001056,synthetic-demo,2026-03-26T13:03:34Z,2026-03-26,2026-W13,2026-03-23,2026-03,online,False claim to discredit,Sex work stereotypes,Facebook,,Dolnośląskie,PL,Ukrainian women as a group,30-49,Link and screenshot,LC-13448,verified,8.5,Comments call a Ukrainian woman a sex worker after she posted about her new job.
PL-001057,synthetic-demo,2026-03-26T13:59:08Z,2026-03-26,2026-W13,2026-03-23,2026-03,online,Doxxing or exposure,Stolen photos / fake profiles,Facebook,,Podkarpackie,UA,Herself,18-29,Screenshot only,,verified,6.4,Dating profile uses photos of a Ukrainian woman without her consent.
PL-001058,synthetic-demo,2026-03-26T14:49:51Z,2026-03-26,2026-W13,2026-03-23,2026-03,online,Fabricated story,Criminal or dangerous,Facebook,,Wielkopolskie,PL,Ukrainian women as a group,18-29,Link and screenshot,LC-86505,verified,28.5,Meme claims Ukrainian women bring disease and crime; uses an unrelated photo.
PL-001059,synthetic-demo,2026-03-26T20:25:52Z,2026-03-26,2026-W13,2026-03-23,2026-03,in-person,Verbal harassment or insults,None (in person),,Workplace,Pomorskie,PL,Herself,18-29,Description only,,verified,12.1,Shouted at on public transport in Gdańsk for speaking Ukrainian.
PL-001060,synthetic-demo,2026-03-27T12:43:51Z,2026-03-27,2026-W13,2026-03-23,2026-03,online,Fabricated story,Came to seduce / steal husbands,TikTok,,Lubelskie,RU,Someone she knows,30-49,Link only,LC-87749,verified,10,"Comments under a local news story say Ukrainian women ""take"" Polish men and break up families."
PL-001061,synthetic-demo,2026-03-27T16:15:37Z,2026-03-27,2026-W13,2026-03-23,2026-03,online,False claim to discredit,Abusing benefits / taking jobs,Facebook,,Mazowieckie,PL,Herself,30-49,Description only,,verified,12.9,Comment thread says Ukrainian mothers abuse child benefits and take kindergarten places.
PL-001062,synthetic-demo,2026-03-27T17:04:41Z,2026-03-27,2026-W13,2026-03-23,2026-03,online,Manipulated image or video,Stolen photos / fake profiles,Facebook,,Wielkopolskie,PL,Someone she knows,18-29,Link only,LC-38355,needs more info,18.3,Photos from a Ukrainian woman's private account reposted on a page with sexual captions.
PL-001063,synthetic-demo,2026-03-27T17:58:58Z,2026-03-27,2026-W13,2026-03-23,2026-03,online,Sexualised content or stereotypes,Available women / brides,TikTok,,Lubelskie,EN,Public figure,18-29,Description only,,verified,9.5,"Account shares sexualised images captioned as Ukrainian women ""looking for a husband""."
PL-001064,synthetic-demo,2026-03-28T13:48:13Z,2026-03-28,2026-W13,2026-03-23,2026-03,online,Fabricated story,Criminal or dangerous,Facebook,,Małopolskie,PL,Herself,30-49,Link and screenshot,LC-51208,verified,44.3,Old crime story from another country reshared as if it happened in Kraków with a Ukrainian woman.
PL-001065,synthetic-demo,2026-03-28T14:04:16Z,2026-03-28,2026-W13,2026-03-23,2026-03,online,"Fake job, housing or relationship offer",Fake offers (lures),Telegram,,Małopolskie,UA,Herself,18-29,Description only,,verified,5.6,"Ad offers a well-paid massage salon job with free housing and travel, and asks for a passport photo first."
PL-001066,synthetic-demo,2026-03-28T21:10:01Z,2026-03-28,2026-W13,2026-03-23,2026-03,online,Sexualised content or stereotypes,Came to seduce / steal husbands,TikTok,,Podkarpackie,PL,Herself,30-49,Link only,LC-85819,verified,8.4,Video on TikTok claims Ukrainian women come to Poland to find Polish husbands.
PL-001067,synthetic-demo,2026-03-29T11:00:51Z,2026-03-29,2026-W13,2026-03-23,2026-03,online,Sexualised content or stereotypes,Available women / brides,Telegram,,Mazowieckie,UA,Ukrainian women as a group,18-29,Link and screenshot,LC-86012,verified,3.6,Video presents Ukrainian women as available for dating in exchange for help with housing.
PL-001068,synthetic-demo,2026-03-29T14:55:46Z,2026-03-29,2026-W13,2026-03-23,2026-03,online,Fabricated story,Abusing benefits / taking jobs,Facebook,,Dolnośląskie,PL,Herself,30-49,Link only,LC-69255,verified,7.8,"Chart with false numbers about benefits paid to Ukrainian women, shared as if official."
PL-001069,synthetic-demo,2026-03-30T03:57:29Z,2026-03-30,2026-W14,2026-03-30,2026-03,in-person,Threats or intimidation,None (in person),,Street or public transport,Małopolskie,UA,Herself,18-29,Description only,,verified,16.4,Employer threatened to report her to the authorities if she complained about pay.
PL-001070,synthetic-demo,2026-03-30T08:13:54Z,2026-03-30,2026-W14,2026-03-30,2026-03,online,"Fake job, housing or relationship offer",Fake offers (lures),Telegram,,Podkarpackie,RU,Ukrainian women as a group,Unknown,Link only,LC-56040,verified,20.4,"Ad offers a well-paid care worker job with free housing and travel, and asks for a passport photo first."
PL-001071,synthetic-demo,2026-03-30T11:06:47Z,2026-03-30,2026-W14,2026-03-30,2026-03,online,"Fake job, housing or relationship offer",Fake offers (lures),Classifieds site,,Śląskie,RU,Ukrainian women as a group,18-29,Screenshot only,,verified,32,"Ad for cleaning work abroad through Poland, no company name, contact by private chat only."
PL-001072,synthetic-demo,2026-03-30T11:24:17Z,2026-03-30,2026-W14,2026-03-30,2026-03,online,Fabricated story,Abusing benefits / taking jobs,Facebook,,Małopolskie,PL,Ukrainian women as a group,Unknown,Description only,,verified,13.4,Comment thread says Ukrainian mothers abuse child benefits and take kindergarten places.
PL-001073,synthetic-demo,2026-03-30T14:39:11Z,2026-03-30,2026-W14,2026-03-30,2026-03,online,Sexualised content or stereotypes,Came to seduce / steal husbands,TikTok,,Małopolskie,PL,Public figure,30-49,Screenshot only,,verified,26.1,Short clip uses a sexualised stereotype of Ukrainian women to joke about Polish wives.
PL-001074,synthetic-demo,2026-03-30T15:19:24Z,2026-03-30,2026-W14,2026-03-30,2026-03,online,Fabricated story,Criminal or dangerous,TikTok,,Mazowieckie,PL,Public figure,13-17,Screenshot only,,verified,19,Carousel post claims Ukrainian women run scams targeting elderly people; no source.
PL-001075,synthetic-demo,2026-03-30T15:23:53Z,2026-03-30,2026-W14,2026-03-30,2026-03,online,Fabricated story,Abusing benefits / taking jobs,Facebook,,Śląskie,PL,Ukrainian women as a group,Unknown,Link and screenshot,LC-66806,verified,7.8,Carousel post says Ukrainian mothers abuse child benefits and take kindergarten places.
PL-001076,synthetic-demo,2026-03-30T23:58:33Z,2026-03-30,2026-W14,2026-03-30,2026-03,online,Sexualised content or stereotypes,Sex work stereotypes,Telegram,,Świętokrzyskie,PL,Herself,30-49,Link and screenshot,LC-90121,verified,26.3,"Short clip describes Ukrainian women as ""easy"" and links this to the war; widely shared."
PL-001077,synthetic-demo,2026-03-31T07:55:57Z,2026-03-31,2026-W14,2026-03-30,2026-03,online,Sexualised content or stereotypes,Came to seduce / steal husbands,Instagram,,Podlaskie,UA,Someone she knows,30-49,Link only,LC-90697,verified,4.7,Carousel post on Instagram claims Ukrainian women come to Poland to find Polish husbands.
PL-001078,synthetic-demo,2026-03-31T08:17:35Z,2026-03-31,2026-W14,2026-03-30,2026-03,online,Fabricated story,Abusing benefits / taking jobs,Facebook,,Lubelskie,PL,Herself,30-49,Link and screenshot,LC-45379,verified,8.7,Comment thread says Ukrainian mothers abuse child benefits and take kindergarten places.
PL-001079,synthetic-demo,2026-03-31T10:52:02Z,2026-03-31,2026-W14,2026-03-30,2026-03,in-person,Threats or intimidation,None (in person),,School or university,Wielkopolskie,PL,Someone she knows,50+,Photo,,verified,7.1,Former partner threatened to share private photos.
PL-001080,synthetic-demo,2026-03-31T11:18:52Z,2026-03-31,2026-W14,2026-03-30,2026-03,online,Harassment or pile-on,Sex work stereotypes,Facebook,,Śląskie,PL,Herself,13-17,Link and screenshot,LC-49431,verified,2.1,Comments call a Ukrainian woman a sex worker after she posted about her new job.
PL-001081,synthetic-demo,2026-03-31T11:29:12Z,2026-03-31,2026-W14,2026-03-30,2026-03,in-person,Threats or intimidation,None (in person),,Shop or service,Mazowieckie,PL,Herself,30-49,Description only,,verified,17.2,Employer threatened to report her to the authorities if she complained about pay.
PL-001082,synthetic-demo,2026-03-31T13:41:07Z,2026-03-31,2026-W14,2026-03-30,2026-03,online,Sexualised content or stereotypes,Came to seduce / steal husbands,X,,Małopolskie,EN,Ukrainian women as a group,Unknown,Link only,LC-62392,verified,32.3,"Comments under a local news story say Ukrainian women ""take"" Polish men and break up families."
PL-001083,synthetic-demo,2026-03-31T16:27:02Z,2026-03-31,2026-W14,2026-03-30,2026-03,online,Sexualised content or stereotypes,Came to seduce / steal husbands,Instagram,,Wielkopolskie,PL,Herself,50+,Screenshot only,,verified,58.8,Video on Instagram claims Ukrainian women come to Poland to find Polish husbands.
PL-001084,synthetic-demo,2026-03-31T18:27:20Z,2026-03-31,2026-W14,2026-03-30,2026-03,online,Fabricated story,Came to seduce / steal husbands,X,,Podkarpackie,PL,Ukrainian women as a group,30-49,Link and screenshot,LC-93537,verified,22.8,Carousel post uses a sexualised stereotype of Ukrainian women to joke about Polish wives.
PL-001085,synthetic-demo,2026-03-31T19:44:32Z,2026-03-31,2026-W14,2026-03-30,2026-03,online,Sexualised content or stereotypes,Available women / brides,Instagram,,Mazowieckie,PL,Public figure,18-29,Screenshot only,,needs more info,12.5,"Post ranks Ukrainian women by appearance and invites men to ""choose one""."
PL-001086,synthetic-demo,2026-03-31T22:08:35Z,2026-03-31,2026-W14,2026-03-30,2026-03,in-person,Verbal harassment or insults,None (in person),,Accommodation or housing,Mazowieckie,PL,Herself,30-49,Description only,,verified,11,Group of men called her names linked to her nationality in the street.
PL-001087,synthetic-demo,2026-04-01T10:58:24Z,2026-04-01,2026-W14,2026-03-30,2026-04,in-person,Unwanted sexual comments or propositions,None (in person),,Shop or service,Dolnośląskie,PL,Someone she knows,18-29,Description only,,verified,69.8,"Landlord made sexual comments and hinted rent could be ""paid another way""."
PL-001088,synthetic-demo,2026-04-01T13:19:49Z,2026-04-01,2026-W14,2026-03-30,2026-04,online,Sexualised content or stereotypes,Came to seduce / steal husbands,Facebook,,Łódzkie,PL,Herself,Unknown,Link and screenshot,LC-68706,verified,27.8,"Comments under a local news story say Ukrainian women ""take"" Polish men and break up families."
PL-001089,synthetic-demo,2026-04-01T13:56:19Z,2026-04-01,2026-W14,2026-03-30,2026-04,in-person,Unwanted sexual comments or propositions,None (in person),,Other,Pomorskie,PL,Herself,30-49,Description only,,verified,10,"Stranger asked whether she was ""one of those Ukrainian girls"" and made sexual remarks."
PL-001090,synthetic-demo,2026-04-01T14:59:22Z,2026-04-01,2026-W14,2026-03-30,2026-04,online,Manipulated image or video,Stolen photos / fake profiles,Instagram,,Mazowieckie,PL,Herself,Unknown,Link and screenshot,LC-18046,verified,62.8,Fake account copies a woman's profile photos and messages men pretending to be her.
PL-001091,synthetic-demo,2026-04-01T15:28:58Z,2026-04-01,2026-W14,2026-03-30,2026-04,online,Manipulated image or video,Criminal or dangerous,TikTok,,Małopolskie,PL,Ukrainian women as a group,Unknown,Link only,LC-47544,verified,50.7,Old crime story from another country reshared as if it happened in Kraków with a Ukrainian woman.
PL-001092,synthetic-demo,2026-04-01T18:28:30Z,2026-04-01,2026-W14,2026-03-30,2026-04,online,Harassment or pile-on,Other or unclear,X,,Wielkopolskie,PL,Ukrainian women as a group,Unknown,Link and screenshot,LC-56570,verified,46,Her home area and phone number were posted in a hostile group.
PL-001093,synthetic-demo,2026-04-01T18:47:38Z,2026-04-01,2026-W14,2026-03-30,2026-04,online,Fabricated story,Abusing benefits / taking jobs,Facebook,,Pomorskie,PL,Ukrainian women as a group,Unknown,Screenshot only,,verified,24.3,Meme says Ukrainian mothers abuse child benefits and take kindergarten places.
PL-001094,synthetic-demo,2026-04-01T21:28:10Z,2026-04-01,2026-W14,2026-03-30,2026-04,online,Harassment or pile-on,Abusing benefits / taking jobs,Facebook,,Podkarpackie,PL,Herself,30-49,Link and screenshot,LC-91709,verified,14.3,Post says Ukrainian mothers abuse child benefits and take kindergarten places.
PL-001095,synthetic-demo,2026-04-01T21:37:10Z,2026-04-01,2026-W14,2026-03-30,2026-04,online,Harassment or pile-on,Available women / brides,Instagram,,Mazowieckie,PL,Ukrainian women as a group,Unknown,Link and screenshot,LC-50250,verified,27,"Page advertises ""Ukrainian brides"" using photos that appear to be taken from a refugee support group."
PL-001096,synthetic-demo,2026-04-01T23:58:33Z,2026-04-01,2026-W14,2026-03-30,2026-04,online,Harassment or pile-on,Available women / brides,X,,Dolnośląskie,EN,Herself,30-49,Link only,LC-90424,verified,16.6,"Page advertises ""Ukrainian brides"" using photos that appear to be taken from a refugee support group."
PL-001097,synthetic-demo,2026-04-02T04:10:14Z,2026-04-02,2026-W14,2026-03-30,2026-04,in-person,Verbal harassment or insults,None (in person),,Accommodation or housing,Lubelskie,UA,Herself,18-29,Description only,,verified,38,Insulted by a customer at work after they heard her accent.
PL-001098,synthetic-demo,2026-04-02T13:05:10Z,2026-04-02,2026-W14,2026-03-30,2026-04,online,Fabricated story,Abusing benefits / taking jobs,Other,,Mazowieckie,PL,Someone she knows,30-49,Description only,,needs more info,25.3,Video claims Ukrainian women take jobs from Polish women while living on benefits.
PL-001099,synthetic-demo,2026-04-02T16:22:16Z,2026-04-02,2026-W14,2026-03-30,2026-04,online,Fabricated story,Other or unclear,X,,Mazowieckie,PL,Ukrainian women as a group,Unknown,Link and screenshot,LC-53740,verified,11.9,Hostile messages sent to several Ukrainian women in a local community group.
PL-001100,synthetic-demo,2026-04-02T19:09:00Z,2026-04-02,2026-W14,2026-03-30,2026-04,in-person,Unwanted sexual comments or propositions,None (in person),,Community or religious place,Mazowieckie,PL,Herself,Unknown,Description only,,needs more info,5.1,"Stranger asked whether she was ""one of those Ukrainian girls"" and made sexual remarks."
PL-001101,synthetic-demo,2026-04-03T00:07:32Z,2026-04-03,2026-W14,2026-03-30,2026-04,in-person,Verbal harassment or insults,None (in person),,Workplace,Podlaskie,PL,Someone she knows,Unknown,Photo,,verified,40,Shouted at on public transport in Białystok for speaking Ukrainian.
PL-001102,synthetic-demo,2026-04-03T03:16:36Z,2026-04-03,2026-W14,2026-03-30,2026-04,online,Harassment or pile-on,Came to seduce / steal husbands,Instagram,,Zachodniopomorskie,PL,Ukrainian women as a group,Unknown,Link only,LC-98412,verified,70,Video uses a sexualised stereotype of Ukrainian women to joke about Polish wives.
PL-001103,synthetic-demo,2026-04-03T12:49:30Z,2026-04-03,2026-W14,2026-03-30,2026-04,in-person,Unwanted sexual comments or propositions,None (in person),,Workplace,Zachodniopomorskie,PL,Herself,18-29,Description only,,needs more info,32.4,"Man at her workplace made sexual comments and suggested she was ""available"" because she is Ukrainian."
PL-001104,synthetic-demo,2026-04-03T14:22:00Z,2026-04-03,2026-W14,2026-03-30,2026-04,online,Fabricated story,Came to seduce / steal husbands,X,,Podlaskie,PL,Ukrainian women as a group,Unknown,Link only,LC-19674,verified,13.7,Comment thread mocks Ukrainian women as only interested in men with money; many replies agree.
PL-001105,synthetic-demo,2026-04-03T14:54:33Z,2026-04-03,2026-W14,2026-03-30,2026-04,online,Sexualised content or stereotypes,Sex work stereotypes,TikTok,,Lubuskie,EN,Herself,30-49,Link only,LC-12060,verified,44.8,Post suggests a reception point in Zielona Góra is used for sex work; no evidence given.
PL-001106,synthetic-demo,2026-04-03T17:17:35Z,2026-04-03,2026-W14,2026-03-30,2026-04,online,Harassment or pile-on,Other or unclear,Facebook,,Wielkopolskie,PL,Someone she knows,30-49,Link and screenshot,LC-28044,verified,14.9,Her home area and phone number were posted in a hostile group.
PL-001107,synthetic-demo,2026-04-03T17:57:58Z,2026-04-03,2026-W14,2026-03-30,2026-04,online,Manipulated image or video,Stolen photos / fake profiles,Instagram,,Wielkopolskie,PL,Public figure,Unknown,Description only,,verified,9.8,Photos from a Ukrainian woman's private account reposted on a page with sexual captions.
PL-001108,synthetic-demo,2026-04-03T21:24:28Z,2026-04-03,2026-W14,2026-03-30,2026-04,online,"Fake job, housing or relationship offer",Fake offers (lures),Classifieds site,,Pomorskie,UA,Herself,18-29,Link and screenshot,LC-36601,rejected,34.6,"Post offers help finding a ""sponsor"" for women who have just arrived."
PL-001109,synthetic-demo,2026-04-03T21:40:50Z,2026-04-03,2026-W14,2026-03-30,2026-04,online,Doxxing or exposure,Other or unclear,Instagram,,Małopolskie,PL,Someone she knows,18-29,Description only,,verified,10,Hostile messages sent to several Ukrainian women in a local community group.
PL-001110,synthetic-demo,2026-04-04T07:55:46Z,2026-04-04,2026-W14,2026-03-30,2026-04,online,Sexualised content or stereotypes,Came to seduce / steal husbands,Instagram,,Zachodniopomorskie,EN,Public figure,30-49,Link and screenshot,LC-81907,verified,20.8,"Comments under a local news story say Ukrainian women ""take"" Polish men and break up families."
PL-001111,synthetic-demo,2026-04-04T07:56:09Z,2026-04-04,2026-W14,2026-03-30,2026-04,online,Fabricated story,Came to seduce / steal husbands,Telegram,,Lubuskie,RU,Ukrainian women as a group,18-29,Link and screenshot,LC-89241,verified,53,"Comments under a local news story say Ukrainian women ""take"" Polish men and break up families."
PL-001112,synthetic-demo,2026-04-04T11:28:26Z,2026-04-04,2026-W14,2026-03-30,2026-04,online,Manipulated image or video,Criminal or dangerous,Instagram,,Pomorskie,UA,Someone she knows,30-49,Screenshot only,,verified,3.5,Comment thread claims Ukrainian women bring disease and crime; uses an unrelated photo.
PL-001113,synthetic-demo,2026-04-04T11:43:40Z,2026-04-04,2026-W14,2026-03-30,2026-04,online,"Fake job, housing or relationship offer",Fake offers (lures),Telegram,,Małopolskie,RU,Ukrainian women as a group,18-29,Link and screenshot,LC-11104,verified,46.3,"Post offers help finding a ""sponsor"" for women who have just arrived."
PL-001114,synthetic-demo,2026-04-04T13:19:10Z,2026-04-04,2026-W14,2026-03-30,2026-04,in-person,Verbal harassment or insults,None (in person),,Workplace,Mazowieckie,PL,Herself,18-29,Description only,,rejected,14.1,Shouted at on public transport in Warsaw for speaking Ukrainian.
PL-001115,synthetic-demo,2026-04-04T15:28:03Z,2026-04-04,2026-W14,2026-03-30,2026-04,online,Fabricated story,Criminal or dangerous,Facebook,,Podlaskie,PL,Ukrainian women as a group,Unknown,Link only,LC-22896,verified,6.7,Old crime story from another country reshared as if it happened in Białystok with a Ukrainian woman.
PL-001116,synthetic-demo,2026-04-04T17:14:25Z,2026-04-04,2026-W14,2026-03-30,2026-04,online,"Fake job, housing or relationship offer",Fake offers (lures),Classifieds site,,Mazowieckie,UA,Ukrainian women as a group,13-17,Description only,,verified,7,"Offer of a hostess job near Warsaw with pay far above normal, asks women to send full-length photos."
PL-001117,synthetic-demo,2026-04-04T17:35:55Z,2026-04-04,2026-W14,2026-03-30,2026-04,online,Harassment or pile-on,Available women / brides,X,,Pomorskie,EN,Ukrainian women as a group,Unknown,Link and screenshot,LC-22736,verified,5.1,"Page advertises ""Ukrainian brides"" using photos that appear to be taken from a refugee support group."
PL-001118,synthetic-demo,2026-04-04T19:12:49Z,2026-04-04,2026-W14,2026-03-30,2026-04,online,Harassment or pile-on,Came to seduce / steal husbands,Facebook,,Małopolskie,UA,Ukrainian women as a group,30-49,Link only,LC-31195,verified,11.9,Carousel post on Facebook claims Ukrainian women come to Poland to find Polish husbands.
PL-001119,synthetic-demo,2026-04-05T07:09:15Z,2026-04-05,2026-W14,2026-03-30,2026-04,online,Doxxing or exposure,Other or unclear,X,,Mazowieckie,RU,Herself,30-49,Link only,LC-96896,verified,17.1,Video targets a Ukrainian woman activist with insults and false claims about her past.
PL-001120,synthetic-demo,2026-04-05T07:19:08Z,2026-04-05,2026-W14,2026-03-30,2026-04,in-person,Unwanted sexual comments or propositions,None (in person),,Accommodation or housing,Wielkopolskie,UA,Herself,Unknown,Description only,,verified,61.8,"Stranger asked whether she was ""one of those Ukrainian girls"" and made sexual remarks."
PL-001121,synthetic-demo,2026-04-05T12:33:28Z,2026-04-05,2026-W14,2026-03-30,2026-04,online,Harassment or pile-on,Came to seduce / steal husbands,Facebook,,Dolnośląskie,PL,Herself,50+,Link and screenshot,LC-53909,verified,29.2,Short clip mocks Ukrainian women as only interested in men with money; many replies agree.
PL-001122,synthetic-demo,2026-04-05T18:03:08Z,2026-04-05,2026-W14,2026-03-30,2026-04,online,Sexualised content or stereotypes,Available women / brides,Other,,Mazowieckie,PL,Ukrainian women as a group,50+,Screenshot only,,verified,15.7,"Video ranks Ukrainian women by appearance and invites men to ""choose one""."
PL-001123,synthetic-demo,2026-04-05T23:10:33Z,2026-04-05,2026-W14,2026-03-30,2026-04,online,"Fake job, housing or relationship offer",Fake offers (lures),Telegram,,Małopolskie,RU,Ukrainian women as a group,50+,Description only,,verified,14.4,"Post offers help finding a ""sponsor"" for women who have just arrived."
PL-001124,synthetic-demo,2026-04-06T08:24:27Z,2026-04-06,2026-W15,2026-04-06,2026-04,online,Harassment or pile-on,Criminal or dangerous,X,,Mazowieckie,PL,Someone she knows,Unknown,Screenshot only,,verified,23.1,Post claims Ukrainian women bring disease and crime; uses an unrelated photo.
PL-001125,synthetic-demo,2026-04-06T10:17:21Z,2026-04-06,2026-W15,2026-04-06,2026-04,in-person,Rumours or lies spread about her,None (in person),,Workplace,Opolskie,PL,Herself,Unknown,Description only,,verified,10.5,Colleagues told others she got her job through a relationship with the manager.
PL-001126,synthetic-demo,2026-04-06T16:33:11Z,2026-04-06,2026-W15,2026-04-06,2026-04,online,Sexualised content or stereotypes,Available women / brides,Instagram,,Wielkopolskie,PL,Ukrainian women as a group,Unknown,Link and screenshot,LC-89139,verified,16.8,"Carousel post ranks Ukrainian women by appearance and invites men to ""choose one""."
PL-001127,synthetic-demo,2026-04-06T17:18:20Z,2026-04-06,2026-W15,2026-04-06,2026-04,online,Sexualised content or stereotypes,Came to seduce / steal husbands,Instagram,,Warmińsko-mazurskie,PL,Ukrainian women as a group,Unknown,Screenshot only,,verified,64.3,Video uses a sexualised stereotype of Ukrainian women to joke about Polish wives.
PL-001128,synthetic-demo,2026-04-06T18:59:29Z,2026-04-06,2026-W15,2026-04-06,2026-04,online,"Fake job, housing or relationship offer",Fake offers (lures),WhatsApp,,Mazowieckie,PL,Someone she knows,18-29,Screenshot only,,verified,16,"Post offers help finding a ""sponsor"" for women who have just arrived."
PL-001129,synthetic-demo,2026-04-06T23:58:33Z,2026-04-06,2026-W15,2026-04-06,2026-04,online,Sexualised content or stereotypes,Sex work stereotypes,X,,Lubelskie,PL,Someone she knows,Unknown,Link and screenshot,LC-61069,rejected,18.7,"Comment thread describes Ukrainian women as ""easy"" and links this to the war; widely shared."
PL-001130,synthetic-demo,2026-04-07T08:38:02Z,2026-04-07,2026-W15,2026-04-06,2026-04,in-person,Being followed or watched,None (in person),,Other,Świętokrzyskie,PL,Herself,30-49,Photo,,verified,3.8,Man she did not know kept appearing near her building and watching the entrance.
PL-001131,synthetic-demo,2026-04-07T10:36:53Z,2026-04-07,2026-W15,2026-04-06,2026-04,online,Harassment or pile-on,Other or unclear,Instagram,,Warmińsko-mazurskie,EN,Ukrainian women as a group,Unknown,Description only,,needs more info,10.7,Hostile messages sent to several Ukrainian women in a local community group.
PL-001132,synthetic-demo,2026-04-07T12:33:44Z,2026-04-07,2026-W15,2026-04-06,2026-04,online,"Fake job, housing or relationship offer",Fake offers (lures),Telegram,,Podkarpackie,UA,Herself,18-29,Link and screenshot,LC-52982,verified,19.4,"Post offers help finding a ""sponsor"" for women who have just arrived."
PL-001133,synthetic-demo,2026-04-07T12:48:30Z,2026-04-07,2026-W15,2026-04-06,2026-04,online,Manipulated image or video,Stolen photos / fake profiles,Instagram,,Małopolskie,EN,Herself,30-49,Link and screenshot,LC-20253,verified,10.1,Fake account copies a woman's profile photos and messages men pretending to be her.
PL-001134,synthetic-demo,2026-04-07T15:41:20Z,2026-04-07,2026-W15,2026-04-06,2026-04,in-person,Verbal harassment or insults,None (in person),,Accommodation or housing,Zachodniopomorskie,PL,Herself,13-17,Description only,,rejected,4,Shouted at on public transport in Szczecin for speaking Ukrainian.
PL-001135,synthetic-demo,2026-04-07T18:50:14Z,2026-04-07,2026-W15,2026-04-06,2026-04,online,Sexualised content or stereotypes,Sex work stereotypes,X,,Zachodniopomorskie,PL,Ukrainian women as a group,Unknown,Link and screenshot,LC-23042,verified,3.2,"Carousel post describes Ukrainian women as ""easy"" and links this to the war; widely shared."
PL-001136,synthetic-demo,2026-04-07T21:47:56Z,2026-04-07,2026-W15,2026-04-06,2026-04,online,Harassment or pile-on,Other or unclear,TikTok,,Wielkopolskie,PL,Herself,18-29,Link and screenshot,LC-88305,verified,17,Her home area and phone number were posted in a hostile group.
PL-001137,synthetic-demo,2026-04-08T13:52:44Z,2026-04-08,2026-W15,2026-04-06,2026-04,in-person,Threats or intimidation,None (in person),,Workplace,Małopolskie,PL,Herself,18-29,Description only,,verified,9.7,"Man told her to leave the neighbourhood or ""something would happen""."
PL-001138,synthetic-demo,2026-04-08T18:12:31Z,2026-04-08,2026-W15,2026-04-06,2026-04,online,"Fake job, housing or relationship offer",Fake offers (lures),Classifieds site,,Podkarpackie,RU,Ukrainian women as a group,18-29,Link and screenshot,LC-88856,verified,7,"Offer of a cleaning job near Rzeszów with pay far above normal, asks women to send full-length photos."
PL-001139,synthetic-demo,2026-04-08T19:53:17Z,2026-04-08,2026-W15,2026-04-06,2026-04,online,Sexualised content or stereotypes,Sex work stereotypes,TikTok,,Mazowieckie,PL,Public figure,Unknown,Screenshot only,,verified,10.4,Carousel post claims Ukrainian women arriving in Poland mostly work in the sex industry.
PL-001140,synthetic-demo,2026-04-08T23:58:33Z,2026-04-08,2026-W15,2026-04-06,2026-04,in-person,Verbal harassment or insults,None (in person),,School or university,Warmińsko-mazurskie,PL,Herself,30-49,Description only,,verified,8.4,Group of men called her names linked to her nationality in the street.
PL-001141,synthetic-demo,2026-04-09T11:27:55Z,2026-04-09,2026-W15,2026-04-06,2026-04,online,Harassment or pile-on,Came to seduce / steal husbands,X,,Podlaskie,PL,Ukrainian women as a group,Unknown,Link only,LC-96030,rejected,13.2,Meme uses a sexualised stereotype of Ukrainian women to joke about Polish wives.
PL-001142,synthetic-demo,2026-04-09T12:16:27Z,2026-04-09,2026-W15,2026-04-06,2026-04,online,"Fake job, housing or relationship offer",Fake offers (lures),WhatsApp,,Małopolskie,UA,Ukrainian women as a group,Unknown,Link and screenshot,LC-97984,verified,13.2,"Ad offers a well-paid nanny job with free housing and travel, and asks for a passport photo first."
PL-001143,synthetic-demo,2026-04-09T13:32:44Z,2026-04-09,2026-W15,2026-04-06,2026-04,online,Fabricated story,Abusing benefits / taking jobs,Facebook,,Pomorskie,PL,Someone she knows,30-49,Link and screenshot,LC-76442,verified,6.5,Short clip claims Ukrainian women take jobs from Polish women while living on benefits.
PL-001144,synthetic-demo,2026-04-09T14:35:16Z,2026-04-09,2026-W15,2026-04-06,2026-04,online,False claim to discredit,Abusing benefits / taking jobs,Facebook,,Dolnośląskie,EN,Someone she knows,18-29,Link only,LC-83395,verified,35.7,Carousel post claims Ukrainian women take jobs from Polish women while living on benefits.
PL-001145,synthetic-demo,2026-04-09T18:01:17Z,2026-04-09,2026-W15,2026-04-06,2026-04,in-person,Rumours or lies spread about her,None (in person),,Workplace,Mazowieckie,PL,Someone she knows,30-49,Description only,,verified,31,Neighbours spread a rumour that she came to Poland to find a husband.
PL-001146,synthetic-demo,2026-04-09T18:06:52Z,2026-04-09,2026-W15,2026-04-06,2026-04,in-person,Verbal harassment or insults,None (in person),,Shop or service,Mazowieckie,PL,Herself,18-29,Photo,,verified,31.5,Group of men called her names linked to her nationality in the street.
PL-001147,synthetic-demo,2026-04-09T19:40:44Z,2026-04-09,2026-W15,2026-04-06,2026-04,online,Harassment or pile-on,Abusing benefits / taking jobs,TikTok,,Podkarpackie,PL,Ukrainian women as a group,Unknown,Link and screenshot,LC-33273,verified,39,"Chart with false numbers about benefits paid to Ukrainian women, shared as if official."
PL-001148,synthetic-demo,2026-04-09T20:36:23Z,2026-04-09,2026-W15,2026-04-06,2026-04,online,Harassment or pile-on,Came to seduce / steal husbands,TikTok,,Warmińsko-mazurskie,PL,Ukrainian women as a group,Unknown,Link only,LC-61050,verified,36.5,"Comments under a local news story say Ukrainian women ""take"" Polish men and break up families."
PL-001149,synthetic-demo,2026-04-09T21:20:19Z,2026-04-09,2026-W15,2026-04-06,2026-04,in-person,Rumours or lies spread about her,None (in person),,Street or public transport,Mazowieckie,UA,Herself,Unknown,Description only,,rejected,35.2,"Parents at school said she had a ""bad reputation"" because she is Ukrainian."
PL-001150,synthetic-demo,2026-04-09T23:58:33Z,2026-04-09,2026-W15,2026-04-06,2026-04,online,Manipulated image or video,Stolen photos / fake profiles,Telegram,,Lubuskie,UA,Herself,Unknown,Link only,LC-93237,verified,11.7,Fake account copies a woman's profile photos and messages men pretending to be her.
PL-001151,synthetic-demo,2026-04-10T09:40:15Z,2026-04-10,2026-W15,2026-04-06,2026-04,online,Manipulated image or video,Criminal or dangerous,TikTok,,Mazowieckie,RU,Ukrainian women as a group,Unknown,Description only,,verified,48.7,Post claims Ukrainian women run scams targeting elderly people; no source.
PL-001152,synthetic-demo,2026-04-10T11:23:59Z,2026-04-10,2026-W15,2026-04-06,2026-04,online,False claim to discredit,Abusing benefits / taking jobs,Facebook,,Mazowieckie,PL,Ukrainian women as a group,Unknown,Link and screenshot,LC-18923,verified,57.6,"Chart with false numbers about benefits paid to Ukrainian women, shared as if official."
PL-001153,synthetic-demo,2026-04-10T12:07:31Z,2026-04-10,2026-W15,2026-04-06,2026-04,online,Fabricated story,Abusing benefits / taking jobs,TikTok,,Podkarpackie,UA,Herself,13-17,Description only,,verified,10.3,"Chart with false numbers about benefits paid to Ukrainian women, shared as if official."
PL-001154,synthetic-demo,2026-04-10T12:21:27Z,2026-04-10,2026-W15,2026-04-06,2026-04,online,Harassment or pile-on,Criminal or dangerous,Instagram,,Mazowieckie,PL,Herself,18-29,Link only,LC-49231,verified,27.5,Old crime story from another country reshared as if it happened in Warsaw with a Ukrainian woman.
PL-001155,synthetic-demo,2026-04-10T13:33:54Z,2026-04-10,2026-W15,2026-04-06,2026-04,online,Manipulated image or video,Stolen photos / fake profiles,Telegram,,Mazowieckie,PL,Herself,Unknown,Screenshot only,,verified,14.2,Dating profile uses photos of a Ukrainian woman without her consent.
PL-001156,synthetic-demo,2026-04-10T14:51:13Z,2026-04-10,2026-W15,2026-04-06,2026-04,in-person,Threats or intimidation,None (in person),,Shop or service,Warmińsko-mazurskie,PL,Herself,30-49,Description only,,verified,6.9,Former partner threatened to share private photos.
PL-001157,synthetic-demo,2026-04-10T23:58:33Z,2026-04-10,2026-W15,2026-04-06,2026-04,online,Harassment or pile-on,Available women / brides,TikTok,,Pomorskie,PL,Someone she knows,18-29,Screenshot only,,verified,30.7,"Account shares sexualised images captioned as Ukrainian women ""looking for a husband""."
PL-001158,synthetic-demo,2026-04-11T09:21:08Z,2026-04-11,2026-W15,2026-04-06,2026-04,online,Manipulated image or video,Stolen photos / fake profiles,Instagram,,Łódzkie,PL,Herself,Unknown,Link only,LC-20783,verified,3.4,Photos from a Ukrainian woman's private account reposted on a page with sexual captions.
PL-001159,synthetic-demo,2026-04-11T14:25:46Z,2026-04-11,2026-W15,2026-04-06,2026-04,in-person,Verbal harassment or insults,None (in person),,School or university,Kujawsko-pomorskie,PL,Herself,30-49,Description only,,rejected,5.5,Insulted by a customer at work after they heard her accent.
PL-001160,synthetic-demo,2026-04-11T15:17:19Z,2026-04-11,2026-W15,2026-04-06,2026-04,online,Harassment or pile-on,Sex work stereotypes,X,,Podkarpackie,EN,Ukrainian women as a group,Unknown,Link and screenshot,LC-66344,rejected,37.4,Comments call a Ukrainian woman a sex worker after she posted about her new job.
PL-001161,synthetic-demo,2026-04-12T03:41:40Z,2026-04-12,2026-W15,2026-04-06,2026-04,online,Harassment or pile-on,Abusing benefits / taking jobs,Instagram,,Podkarpackie,PL,Herself,18-29,Link only,LC-70905,verified,20.2,Short clip says Ukrainian mothers abuse child benefits and take kindergarten places.
PL-001162,synthetic-demo,2026-04-12T09:33:17Z,2026-04-12,2026-W15,2026-04-06,2026-04,online,Manipulated image or video,Criminal or dangerous,Facebook,,Lubuskie,PL,Someone she knows,18-29,Link and screenshot,LC-90687,verified,38.2,Video claims Ukrainian women bring disease and crime; uses an unrelated photo.
PL-001163,synthetic-demo,2026-04-12T12:31:52Z,2026-04-12,2026-W15,2026-04-06,2026-04,in-person,Verbal harassment or insults,None (in person),,Accommodation or housing,Lubelskie,PL,Herself,Unknown,Description only,,rejected,20.8,Group of men called her names linked to her nationality in the street.
PL-001164,synthetic-demo,2026-04-12T14:39:56Z,2026-04-12,2026-W15,2026-04-06,2026-04,in-person,Threats or intimidation,None (in person),,Street or public transport,Lubelskie,PL,Someone she knows,13-17,Description only,,verified,4,"Man told her to leave the neighbourhood or ""something would happen""."
PL-001165,synthetic-demo,2026-04-12T15:26:17Z,2026-04-12,2026-W15,2026-04-06,2026-04,online,False claim to discredit,Abusing benefits / taking jobs,X,,Mazowieckie,PL,Ukrainian women as a group,Unknown,Link and screenshot,LC-12202,verified,42.4,Post claims Ukrainian women receive more benefits than Polish families; the figures are invented.
PL-001166,synthetic-demo,2026-04-12T18:57:00Z,2026-04-12,2026-W15,2026-04-06,2026-04,in-person,Rumours or lies spread about her,None (in person),,Workplace,Małopolskie,PL,Someone she knows,Unknown,Description only,,needs more info,165.4,"Parents at school said she had a ""bad reputation"" because she is Ukrainian."
PL-001167,synthetic-demo,2026-04-12T21:10:35Z,2026-04-12,2026-W15,2026-04-06,2026-04,online,Fabricated story,Abusing benefits / taking jobs,Telegram,,Śląskie,PL,Herself,Unknown,Link and screenshot,LC-10418,verified,11.7,Comment thread says Ukrainian mothers abuse child benefits and take kindergarten places.
PL-001168,synthetic-demo,2026-04-13T05:57:39Z,2026-04-13,2026-W16,2026-04-13,2026-04,online,Manipulated image or video,Criminal or dangerous,Instagram,,Pomorskie,UA,Ukrainian women as a group,18-29,Link and screenshot,LC-65539,verified,13.8,Post claims Ukrainian women bring disease and crime; uses an unrelated photo.
PL-001169,synthetic-demo,2026-04-13T08:02:36Z,2026-04-13,2026-W16,2026-04-13,2026-04,online,Harassment or pile-on,Other or unclear,Instagram,,Mazowieckie,PL,Public figure,18-29,Screenshot only,,rejected,18.5,Pile-on in the comments after a Ukrainian woman spoke about her work in local media.
PL-001170,synthetic-demo,2026-04-13T10:55:42Z,2026-04-13,2026-W16,2026-04-13,2026-04,in-person,Verbal harassment or insults,None (in person),,Workplace,Podkarpackie,PL,Someone she knows,30-49,Description only,,rejected,25.2,Group of men called her names linked to her nationality in the street.
PL-001171,synthetic-demo,2026-04-13T11:44:40Z,2026-04-13,2026-W16,2026-04-13,2026-04,online,Manipulated image or video,Available women / brides,Facebook,,Podkarpackie,PL,Someone she knows,18-29,Screenshot only,,verified,12.9,"Video ranks Ukrainian women by appearance and invites men to ""choose one""."
PL-001172,synthetic-demo,2026-04-13T14:00:18Z,2026-04-13,2026-W16,2026-04-13,2026-04,in-person,Other (in person),None (in person),,Street or public transport,Wielkopolskie,PL,Herself,30-49,Description only,,verified,3.6,Treated in a degrading way at an office when asking for help.
PL-001173,synthetic-demo,2026-04-13T14:28:18Z,2026-04-13,2026-W16,2026-04-13,2026-04,online,Doxxing or exposure,Stolen photos / fake profiles,Instagram,,Małopolskie,PL,Someone she knows,30-49,Link only,LC-31086,verified,18.4,Edited photo puts a Ukrainian woman's face on a sexualised image; shared in a group.
PL-001174,synthetic-demo,2026-04-13T16:57:47Z,2026-04-13,2026-W16,2026-04-13,2026-04,online,Doxxing or exposure,Stolen photos / fake profiles,X,,Lubelskie,EN,Someone she knows,30-49,Screenshot only,,verified,42.8,Fake account copies a woman's profile photos and messages men pretending to be her.
PL-001175,synthetic-demo,2026-04-13T19:45:43Z,2026-04-13,2026-W16,2026-04-13,2026-04,in-person,Rumours or lies spread about her,None (in person),,Shop or service,Śląskie,PL,Herself,18-29,Photo,,verified,5.9,Neighbours spread a rumour that she came to Poland to find a husband.
PL-001176,synthetic-demo,2026-04-13T23:58:33Z,2026-04-13,2026-W16,2026-04-13,2026-04,online,Harassment or pile-on,Came to seduce / steal husbands,TikTok,,Pomorskie,PL,Someone she knows,Unknown,Link only,LC-96782,verified,24.7,Short clip on TikTok claims Ukrainian women come to Poland to find Polish husbands.
PL-001177,synthetic-demo,2026-04-14T08:23:03Z,2026-04-14,2026-W16,2026-04-13,2026-04,online,Manipulated image or video,Stolen photos / fake profiles,TikTok,,Śląskie,PL,Public figure,50+,Link only,LC-79214,needs more info,53.2,Photos from a Ukrainian woman's private account reposted on a page with sexual captions.
PL-001178,synthetic-demo,2026-04-14T08:23:25Z,2026-04-14,2026-W16,2026-04-13,2026-04,online,Manipulated image or video,Stolen photos / fake profiles,TikTok,,Mazowieckie,PL,Someone she knows,13-17,Link and screenshot,LC-79214,verified,40.7,Fake account copies a woman's profile photos and messages men pretending to be her.
PL-001179,synthetic-demo,2026-04-14T08:24:16Z,2026-04-14,2026-W16,2026-04-13,2026-04,online,Manipulated image or video,Stolen photos / fake profiles,Instagram,,Mazowieckie,PL,Herself,18-29,Link only,LC-40143,verified,22.2,Fake account copies a woman's profile photos and messages men pretending to be her.
PL-001180,synthetic-demo,2026-04-14T09:01:26Z,2026-04-14,2026-W16,2026-04-13,2026-04,online,Manipulated image or video,Stolen photos / fake profiles,Instagram,,Warmińsko-mazurskie,PL,Someone she knows,30-49,Link and screenshot,LC-79214,verified,312,Photos from a Ukrainian woman's private account reposted on a page with sexual captions.
PL-001181,synthetic-demo,2026-04-14T09:58:01Z,2026-04-14,2026-W16,2026-04-13,2026-04,online,Manipulated image or video,Stolen photos / fake profiles,Instagram,,Podlaskie,PL,Someone she knows,Unknown,Link only,LC-54854,rejected,25.8,Dating profile uses photos of a Ukrainian woman without her consent.
PL-001182,synthetic-demo,2026-04-14T11:35:58Z,2026-04-14,2026-W16,2026-04-13,2026-04,online,Manipulated image or video,Stolen photos / fake profiles,Instagram,,Świętokrzyskie,PL,Herself,30-49,Link only,LC-79214,verified,23.2,Fake account copies a woman's profile photos and messages men pretending to be her.
PL-001183,synthetic-demo,2026-04-14T11:45:29Z,2026-04-14,2026-W16,2026-04-13,2026-04,online,Manipulated image or video,Stolen photos / fake profiles,TikTok,,Zachodniopomorskie,PL,Someone she knows,30-49,Link only,LC-54854,verified,70.4,Edited photo puts a Ukrainian woman's face on a sexualised image; shared in a group.
PL-001184,synthetic-demo,2026-04-14T12:35:41Z,2026-04-14,2026-W16,2026-04-13,2026-04,online,Manipulated image or video,Stolen photos / fake profiles,TikTok,,Śląskie,PL,Herself,30-49,Link only,LC-79214,verified,76.5,Fake account copies a woman's profile photos and messages men pretending to be her.
PL-001185,synthetic-demo,2026-04-14T12:48:33Z,2026-04-14,2026-W16,2026-04-13,2026-04,online,"Fake job, housing or relationship offer",Fake offers (lures),Telegram,,Mazowieckie,UA,Ukrainian women as a group,Unknown,Description only,,verified,30.8,"Offer of a seasonal farm job near Warsaw with pay far above normal, asks women to send full-length photos."
PL-001186,synthetic-demo,2026-04-14T13:03:17Z,2026-04-14,2026-W16,2026-04-13,2026-04,online,Manipulated image or video,Stolen photos / fake profiles,TikTok,,Mazowieckie,PL,Someone she knows,Unknown,Link only,LC-40143,verified,33.4,Dating profile uses photos of a Ukrainian woman without her consent.
PL-001187,synthetic-demo,2026-04-14T13:19:48Z,2026-04-14,2026-W16,2026-04-13,2026-04,online,Manipulated image or video,Stolen photos / fake profiles,TikTok,,Opolskie,RU,Someone she knows,18-29,Link only,LC-54854,pending,,Fake account copies a woman's profile photos and messages men pretending to be her.
PL-001188,synthetic-demo,2026-04-14T13:38:18Z,2026-04-14,2026-W16,2026-04-13,2026-04,online,Manipulated image or video,Stolen photos / fake profiles,TikTok,,Podlaskie,PL,Herself,18-29,Link and screenshot,LC-79214,verified,45.9,Edited photo puts a Ukrainian woman's face on a sexualised image; shared in a group.
PL-001189,synthetic-demo,2026-04-14T14:01:52Z,2026-04-14,2026-W16,2026-04-13,2026-04,online,Manipulated image or video,Stolen photos / fake profiles,TikTok,,Lubelskie,PL,Herself,18-29,Link only,LC-54854,verified,12.2,Dating profile uses photos of a Ukrainian woman without her consent.
PL-001190,synthetic-demo,2026-04-14T14:36:10Z,2026-04-14,2026-W16,2026-04-13,2026-04,online,"Fake job, housing or relationship offer",Fake offers (lures),WhatsApp,,Mazowieckie,RU,Herself,30-49,Link and screenshot,LC-30914,verified,20.8,"Offer of a seasonal farm job near Warsaw with pay far above normal, asks women to send full-length photos."
PL-001191,synthetic-demo,2026-04-14T14:46:59Z,2026-04-14,2026-W16,2026-04-13,2026-04,online,Manipulated image or video,Stolen photos / fake profiles,TikTok,,Mazowieckie,PL,Someone she knows,Unknown,Link and screenshot,LC-40143,rejected,81.5,Dating profile uses photos of a Ukrainian woman without her consent.
PL-001192,synthetic-demo,2026-04-14T15:27:41Z,2026-04-14,2026-W16,2026-04-13,2026-04,online,Harassment or pile-on,Came to seduce / steal husbands,X,,Małopolskie,PL,Someone she knows,13-17,Link and screenshot,LC-60942,verified,48.6,"Comments under a local news story say Ukrainian women ""take"" Polish men and break up families."
PL-001193,synthetic-demo,2026-04-14T16:00:35Z,2026-04-14,2026-W16,2026-04-13,2026-04,online,Sexualised content or stereotypes,Came to seduce / steal husbands,Instagram,,Wielkopolskie,UA,Herself,18-29,Description only,,rejected,41.7,"Comments under a local news story say Ukrainian women ""take"" Polish men and break up families."
PL-001194,synthetic-demo,2026-04-14T18:13:07Z,2026-04-14,2026-W16,2026-04-13,2026-04,online,Manipulated image or video,Stolen photos / fake profiles,TikTok,,Mazowieckie,PL,Herself,18-29,Link and screenshot,LC-79214,verified,224.2,Edited photo puts a Ukrainian woman's face on a sexualised image; shared in a group.
PL-001195,synthetic-demo,2026-04-14T18:40:36Z,2026-04-14,2026-W16,2026-04-13,2026-04,online,Manipulated image or video,Stolen photos / fake profiles,Instagram,,Małopolskie,PL,Herself,18-29,Link and screenshot,LC-54854,verified,8,Edited photo puts a Ukrainian woman's face on a sexualised image; shared in a group.
PL-001196,synthetic-demo,2026-04-14T18:45:18Z,2026-04-14,2026-W16,2026-04-13,2026-04,online,Manipulated image or video,Stolen photos / fake profiles,Instagram,,Łódzkie,EN,Public figure,18-29,Link and screenshot,LC-79214,verified,51.1,Dating profile uses photos of a Ukrainian woman without her consent.
PL-001197,synthetic-demo,2026-04-14T18:52:49Z,2026-04-14,2026-W16,2026-04-13,2026-04,online,Manipulated image or video,Stolen photos / fake profiles,TikTok,,Dolnośląskie,PL,Herself,18-29,Link only,LC-79214,verified,30.2,Dating profile uses photos of a Ukrainian woman without her consent.
PL-001198,synthetic-demo,2026-04-14T19:35:45Z,2026-04-14,2026-W16,2026-04-13,2026-04,online,Manipulated image or video,Stolen photos / fake profiles,TikTok,,Podlaskie,PL,Someone she knows,18-29,Link only,LC-40143,verified,53.7,Fake account copies a woman's profile photos and messages men pretending to be her.
PL-001199,synthetic-demo,2026-04-14T19:50:29Z,2026-04-14,2026-W16,2026-04-13,2026-04,online,Manipulated image or video,Stolen photos / fake profiles,TikTok,,Pomorskie,PL,Herself,30-49,Link and screenshot,LC-54854,verified,88.3,Photos from a Ukrainian woman's private account reposted on a page with sexual captions.
PL-001200,synthetic-demo,2026-04-14T20:07:12Z,2026-04-14,2026-W16,2026-04-13,2026-04,online,Manipulated image or video,Stolen photos / fake profiles,Instagram,,Śląskie,EN,Herself,Unknown,Link and screenshot,LC-79214,verified,403.9,Fake account copies a woman's profile photos and messages men pretending to be her.
PL-001201,synthetic-demo,2026-04-14T22:28:33Z,2026-04-14,2026-W16,2026-04-13,2026-04,online,Manipulated image or video,Stolen photos / fake profiles,TikTok,,Wielkopolskie,EN,Someone she knows,30-49,Link only,LC-79214,verified,5.3,Fake account copies a woman's profile photos and messages men pretending to be her.
PL-001202,synthetic-demo,2026-04-14T23:17:29Z,2026-04-14,2026-W16,2026-04-13,2026-04,online,Manipulated image or video,Stolen photos / fake profiles,TikTok,,Podkarpackie,PL,Herself,Unknown,Link only,LC-79214,needs more info,68.8,Photos from a Ukrainian woman's private account reposted on a page with sexual captions.
PL-001203,synthetic-demo,2026-04-14T23:45:01Z,2026-04-14,2026-W16,2026-04-13,2026-04,online,Manipulated image or video,Stolen photos / fake profiles,Instagram,,Kujawsko-pomorskie,PL,Herself,18-29,Link and screenshot,LC-40143,verified,21.7,Photos from a Ukrainian woman's private account reposted on a page with sexual captions.
PL-001204,synthetic-demo,2026-04-15T00:12:10Z,2026-04-15,2026-W16,2026-04-13,2026-04,online,Manipulated image or video,Stolen photos / fake profiles,Instagram,,Podkarpackie,PL,Someone she knows,Unknown,Link and screenshot,LC-54854,verified,26.7,Dating profile uses photos of a Ukrainian woman without her consent.
PL-001205,synthetic-demo,2026-04-15T00:16:37Z,2026-04-15,2026-W16,2026-04-13,2026-04,online,Manipulated image or video,Stolen photos / fake profiles,Instagram,,Mazowieckie,PL,Someone she knows,13-17,Link only,LC-54854,verified,92.4,Photos from a Ukrainian woman's private account reposted on a page with sexual captions.
PL-001206,synthetic-demo,2026-04-15T00:53:18Z,2026-04-15,2026-W16,2026-04-13,2026-04,online,Manipulated image or video,Stolen photos / fake profiles,Instagram,,Mazowieckie,PL,Herself,30-49,Link and screenshot,LC-40143,verified,18.3,Edited photo puts a Ukrainian woman's face on a sexualised image; shared in a group.
PL-001207,synthetic-demo,2026-04-15T01:05:51Z,2026-04-15,2026-W16,2026-04-13,2026-04,online,Manipulated image or video,Stolen photos / fake profiles,TikTok,,Lubelskie,PL,Herself,30-49,Link only,LC-79214,verified,88.1,Fake account copies a woman's profile photos and messages men pretending to be her.
PL-001208,synthetic-demo,2026-04-15T01:11:41Z,2026-04-15,2026-W16,2026-04-13,2026-04,online,Manipulated image or video,Stolen photos / fake profiles,TikTok,,Pomorskie,RU,Someone she knows,Unknown,Link and screenshot,LC-54854,pending,,Photos from a Ukrainian woman's private account reposted on a page with sexual captions.
PL-001209,synthetic-demo,2026-04-15T03:28:58Z,2026-04-15,2026-W16,2026-04-13,2026-04,online,Manipulated image or video,Stolen photos / fake profiles,Instagram,,Dolnośląskie,PL,Someone she knows,Unknown,Link only,LC-79214,verified,12.2,Fake account copies a woman's profile photos and messages men pretending to be her.
PL-001210,synthetic-demo,2026-04-15T04:39:10Z,2026-04-15,2026-W16,2026-04-13,2026-04,online,Manipulated image or video,Stolen photos / fake profiles,Instagram,,Pomorskie,UA,Someone she knows,18-29,Link only,LC-54854,verified,17.5,Photos from a Ukrainian woman's private account reposted on a page with sexual captions.
PL-001211,synthetic-demo,2026-04-15T05:33:09Z,2026-04-15,2026-W16,2026-04-13,2026-04,online,Manipulated image or video,Stolen photos / fake profiles,Instagram,,Mazowieckie,PL,Herself,30-49,Link and screenshot,LC-40143,verified,37.9,Dating profile uses photos of a Ukrainian woman without her consent.
PL-001212,synthetic-demo,2026-04-15T05:44:29Z,2026-04-15,2026-W16,2026-04-13,2026-04,online,Manipulated image or video,Stolen photos / fake profiles,Instagram,,Lubelskie,PL,Herself,Unknown,Link and screenshot,LC-40143,verified,14.8,Dating profile uses photos of a Ukrainian woman without her consent.
PL-001213,synthetic-demo,2026-04-15T07:15:34Z,2026-04-15,2026-W16,2026-04-13,2026-04,online,Manipulated image or video,Stolen photos / fake profiles,TikTok,,Śląskie,PL,Someone she knows,30-49,Link and screenshot,LC-40143,verified,40.6,Edited photo puts a Ukrainian woman's face on a sexualised image; shared in a group.
PL-001214,synthetic-demo,2026-04-15T08:05:32Z,2026-04-15,2026-W16,2026-04-13,2026-04,online,Manipulated image or video,Stolen photos / fake profiles,Instagram,,Łódzkie,PL,Someone she knows,Unknown,Link and screenshot,LC-79214,verified,17.2,Fake account copies a woman's profile photos and messages men pretending to be her.
PL-001215,synthetic-demo,2026-04-15T08:20:41Z,2026-04-15,2026-W16,2026-04-13,2026-04,online,Manipulated image or video,Stolen photos / fake profiles,Instagram,,Śląskie,PL,Someone she knows,18-29,Link and screenshot,LC-79214,verified,54.3,Photos from a Ukrainian woman's private account reposted on a page with sexual captions.
PL-001216,synthetic-demo,2026-04-15T08:47:59Z,2026-04-15,2026-W16,2026-04-13,2026-04,online,Manipulated image or video,Stolen photos / fake profiles,Instagram,,Opolskie,PL,Herself,50+,Link and screenshot,LC-79214,verified,12.9,Edited photo puts a Ukrainian woman's face on a sexualised image; shared in a group.
PL-001217,synthetic-demo,2026-04-15T09:06:58Z,2026-04-15,2026-W16,2026-04-13,2026-04,online,Manipulated image or video,Stolen photos / fake profiles,TikTok,,Mazowieckie,PL,Herself,18-29,Link and screenshot,LC-79214,verified,36.5,Edited photo puts a Ukrainian woman's face on a sexualised image; shared in a group.
PL-001218,synthetic-demo,2026-04-15T10:35:39Z,2026-04-15,2026-W16,2026-04-13,2026-04,online,Manipulated image or video,Stolen photos / fake profiles,Telegram,,Lubelskie,PL,Herself,18-29,Link and screenshot,LC-79214,verified,105,Photos from a Ukrainian woman's private account reposted on a page with sexual captions.
PL-001219,synthetic-demo,2026-04-15T11:28:11Z,2026-04-15,2026-W16,2026-04-13,2026-04,online,Manipulated image or video,Stolen photos / fake profiles,Instagram,,Pomorskie,PL,Herself,13-17,Link only,LC-54854,verified,47.9,Edited photo puts a Ukrainian woman's face on a sexualised image; shared in a group.
PL-001220,synthetic-demo,2026-04-15T14:10:31Z,2026-04-15,2026-W16,2026-04-13,2026-04,online,Manipulated image or video,Stolen photos / fake profiles,Instagram,,Lubelskie,EN,Public figure,Unknown,Link only,LC-50630,verified,106.9,Photos from a Ukrainian woman's private account reposted on a page with sexual captions.
PL-001221,synthetic-demo,2026-04-15T14:16:27Z,2026-04-15,2026-W16,2026-04-13,2026-04,in-person,Verbal harassment or insults,None (in person),,Workplace,Dolnośląskie,PL,Herself,Unknown,Description only,,verified,26.8,Group of men called her names linked to her nationality in the street.
PL-001222,synthetic-demo,2026-04-15T14:56:00Z,2026-04-15,2026-W16,2026-04-13,2026-04,online,Manipulated image or video,Stolen photos / fake profiles,TikTok,,Warmińsko-mazurskie,PL,Herself,Unknown,Link and screenshot,LC-79214,verified,43.5,Edited photo puts a Ukrainian woman's face on a sexualised image; shared in a group.
PL-001223,synthetic-demo,2026-04-15T15:23:43Z,2026-04-15,2026-W16,2026-04-13,2026-04,online,Manipulated image or video,Stolen photos / fake profiles,Instagram,,Śląskie,PL,Someone she knows,30-49,Link only,LC-79214,verified,187.8,Photos from a Ukrainian woman's private account reposted on a page with sexual captions.
PL-001224,synthetic-demo,2026-04-15T18:20:32Z,2026-04-15,2026-W16,2026-04-13,2026-04,online,Manipulated image or video,Stolen photos / fake profiles,TikTok,,Pomorskie,PL,Someone she knows,30-49,Link only,LC-40143,verified,160.3,Photos from a Ukrainian woman's private account reposted on a page with sexual captions.
PL-001225,synthetic-demo,2026-04-15T18:43:01Z,2026-04-15,2026-W16,2026-04-13,2026-04,online,"Fake job, housing or relationship offer",Fake offers (lures),Facebook,,Śląskie,UA,Herself,18-29,Link and screenshot,LC-39578,verified,80.7,"Ad offers a well-paid cleaning job with free housing and travel, and asks for a passport photo first."
PL-001226,synthetic-demo,2026-04-16T01:29:08Z,2026-04-16,2026-W16,2026-04-13,2026-04,online,Manipulated image or video,Stolen photos / fake profiles,Instagram,,Podlaskie,PL,Someone she knows,13-17,Link only,LC-54854,verified,93.4,Photos from a Ukrainian woman's private account reposted on a page with sexual captions.
PL-001227,synthetic-demo,2026-04-16T03:07:13Z,2026-04-16,2026-W16,2026-04-13,2026-04,online,Manipulated image or video,Stolen photos / fake profiles,Instagram,,Podkarpackie,PL,Herself,30-49,Link and screenshot,LC-54854,verified,34.3,Fake account copies a woman's profile photos and messages men pretending to be her.
PL-001228,synthetic-demo,2026-04-16T03:29:30Z,2026-04-16,2026-W16,2026-04-13,2026-04,online,Manipulated image or video,Stolen photos / fake profiles,Instagram,,Wielkopolskie,PL,Herself,30-49,Link only,LC-79214,verified,84.1,Dating profile uses photos of a Ukrainian woman without her consent.
PL-001229,synthetic-demo,2026-04-16T10:56:58Z,2026-04-16,2026-W16,2026-04-13,2026-04,in-person,Verbal harassment or insults,None (in person),,Street or public transport,Mazowieckie,UA,Herself,30-49,Description only,,rejected,67.7,Shouted at on public transport in Warsaw for speaking Ukrainian.
PL-001230,synthetic-demo,2026-04-16T11:21:56Z,2026-04-16,2026-W16,2026-04-13,2026-04,online,Harassment or pile-on,Came to seduce / steal husbands,X,,Opolskie,PL,Public figure,Unknown,Link and screenshot,LC-82346,verified,63.1,"Comments under a local news story say Ukrainian women ""take"" Polish men and break up families."
PL-001231,synthetic-demo,2026-04-16T13:50:11Z,2026-04-16,2026-W16,2026-04-13,2026-04,in-person,Verbal harassment or insults,None (in person),,Street or public transport,Mazowieckie,PL,Herself,30-49,Description only,,verified,46.5,Group of men called her names linked to her nationality in the street.
PL-001232,synthetic-demo,2026-04-16T14:29:45Z,2026-04-16,2026-W16,2026-04-13,2026-04,online,Sexualised content or stereotypes,Sex work stereotypes,X,,Pomorskie,PL,Herself,50+,Link only,LC-65548,rejected,48.2,"Video describes Ukrainian women as ""easy"" and links this to the war; widely shared."
PL-001233,synthetic-demo,2026-04-16T15:43:18Z,2026-04-16,2026-W16,2026-04-13,2026-04,online,Harassment or pile-on,Came to seduce / steal husbands,Instagram,,Podkarpackie,PL,Public figure,Unknown,Link and screenshot,LC-62007,verified,370.8,Meme uses a sexualised stereotype of Ukrainian women to joke about Polish wives.
PL-001234,synthetic-demo,2026-04-16T16:27:00Z,2026-04-16,2026-W16,2026-04-13,2026-04,in-person,Verbal harassment or insults,None (in person),,Street or public transport,Podkarpackie,PL,Herself,Unknown,Photo,,verified,232.1,Shouted at on public transport in Rzeszów for speaking Ukrainian.
PL-001235,synthetic-demo,2026-04-16T16:51:34Z,2026-04-16,2026-W16,2026-04-13,2026-04,in-person,Unwanted sexual comments or propositions,None (in person),,Accommodation or housing,Mazowieckie,PL,Someone she knows,30-49,Description only,,needs more info,25.3,"Stranger asked whether she was ""one of those Ukrainian girls"" and made sexual remarks."
PL-001236,synthetic-demo,2026-04-16T18:13:46Z,2026-04-16,2026-W16,2026-04-13,2026-04,online,Sexualised content or stereotypes,Sex work stereotypes,Instagram,,Dolnośląskie,RU,Public figure,30-49,Link and screenshot,LC-99828,verified,90.8,Comments call a Ukrainian woman a sex worker after she posted about her new job.
PL-001237,synthetic-demo,2026-04-16T18:57:40Z,2026-04-16,2026-W16,2026-04-13,2026-04,in-person,Verbal harassment or insults,None (in person),,Workplace,Podkarpackie,UA,Someone she knows,30-49,Photo,,verified,107.5,Insulted by a customer at work after they heard her accent.
PL-001238,synthetic-demo,2026-04-17T04:23:53Z,2026-04-17,2026-W16,2026-04-13,2026-04,in-person,Verbal harassment or insults,None (in person),,Street or public transport,Dolnośląskie,PL,Herself,30-49,Description only,,needs more info,35.9,Shouted at on public transport in Wrocław for speaking Ukrainian.
PL-001239,synthetic-demo,2026-04-17T16:34:01Z,2026-04-17,2026-W16,2026-04-13,2026-04,in-person,Unwanted sexual comments or propositions,None (in person),,Other,Mazowieckie,PL,Herself,Unknown,Description only,,verified,18.1,"Stranger asked whether she was ""one of those Ukrainian girls"" and made sexual remarks."
PL-001240,synthetic-demo,2026-04-17T18:21:35Z,2026-04-17,2026-W16,2026-04-13,2026-04,online,Harassment or pile-on,Came to seduce / steal husbands,X,,Pomorskie,PL,Someone she knows,Unknown,Link and screenshot,LC-47804,verified,36.9,Carousel post uses a sexualised stereotype of Ukrainian women to joke about Polish wives.
PL-001241,synthetic-demo,2026-04-17T19:31:23Z,2026-04-17,2026-W16,2026-04-13,2026-04,online,Sexualised content or stereotypes,Available women / brides,Facebook,,Śląskie,PL,Ukrainian women as a group,30-49,Link and screenshot,LC-66210,rejected,21.1,"Carousel post ranks Ukrainian women by appearance and invites men to ""choose one""."
PL-001242,synthetic-demo,2026-04-17T20:54:26Z,2026-04-17,2026-W16,2026-04-13,2026-04,online,False claim to discredit,Abusing benefits / taking jobs,Facebook,,Pomorskie,PL,Someone she knows,18-29,Link only,LC-46333,needs more info,329.3,Post claims Ukrainian women receive more benefits than Polish families; the figures are invented.
PL-001243,synthetic-demo,2026-04-17T20:57:33Z,2026-04-17,2026-W16,2026-04-13,2026-04,online,"Fake job, housing or relationship offer",Fake offers (lures),Classifieds site,,Małopolskie,PL,Herself,18-29,Link only,LC-91892,needs more info,44,"Message offers a free room to young Ukrainian women ""in exchange for help around the house""."
PL-001244,synthetic-demo,2026-04-18T12:00:44Z,2026-04-18,2026-W16,2026-04-13,2026-04,online,Sexualised content or stereotypes,Came to seduce / steal husbands,Telegram,,Śląskie,UA,Someone she knows,Unknown,Link and screenshot,LC-31301,verified,615.7,"Comments under a local news story say Ukrainian women ""take"" Polish men and break up families."
PL-001245,synthetic-demo,2026-04-18T12:27:53Z,2026-04-18,2026-W16,2026-04-13,2026-04,online,Harassment or pile-on,Came to seduce / steal husbands,X,,Mazowieckie,PL,Herself,30-49,Description only,,verified,100.2,"Comments under a local news story say Ukrainian women ""take"" Polish men and break up families."
PL-001246,synthetic-demo,2026-04-18T12:40:37Z,2026-04-18,2026-W16,2026-04-13,2026-04,online,Sexualised content or stereotypes,Came to seduce / steal husbands,X,,Podkarpackie,PL,Herself,30-49,Link and screenshot,LC-94342,verified,178.5,Post mocks Ukrainian women as only interested in men with money; many replies agree.
PL-001247,synthetic-demo,2026-04-18T13:43:14Z,2026-04-18,2026-W16,2026-04-13,2026-04,online,Manipulated image or video,Available women / brides,Instagram,,Pomorskie,PL,Ukrainian women as a group,Unknown,Screenshot only,,verified,16,"Account shares sexualised images captioned as Ukrainian women ""looking for a husband""."
PL-001248,synthetic-demo,2026-04-18T13:54:01Z,2026-04-18,2026-W16,2026-04-13,2026-04,online,Fabricated story,Criminal or dangerous,TikTok,,Podkarpackie,PL,Public figure,18-29,Screenshot only,,verified,16,Meme claims Ukrainian women bring disease and crime; uses an unrelated photo.
PL-001249,synthetic-demo,2026-04-18T16:25:00Z,2026-04-18,2026-W16,2026-04-13,2026-04,online,Sexualised content or stereotypes,Sex work stereotypes,TikTok,,Łódzkie,PL,Ukrainian women as a group,30-49,Link and screenshot,LC-19689,verified,48.5,Video claims Ukrainian women arriving in Poland mostly work in the sex industry.
PL-001250,synthetic-demo,2026-04-18T17:52:50Z,2026-04-18,2026-W16,2026-04-13,2026-04,online,Doxxing or exposure,Stolen photos / fake profiles,X,,Małopolskie,PL,Herself,18-29,Link and screenshot,LC-23128,verified,156.4,Photos from a Ukrainian woman's private account reposted on a page with sexual captions.
PL-001251,synthetic-demo,2026-04-18T18:38:17Z,2026-04-18,2026-W16,2026-04-13,2026-04,online,"Fake job, housing or relationship offer",Fake offers (lures),Classifieds site,,Śląskie,UA,Ukrainian women as a group,Unknown,Screenshot only,,verified,31.7,"Ad offers a well-paid massage salon job with free housing and travel, and asks for a passport photo first."
PL-001252,synthetic-demo,2026-04-18T20:16:48Z,2026-04-18,2026-W16,2026-04-13,2026-04,in-person,Verbal harassment or insults,None (in person),,Shop or service,Lubuskie,UA,Someone she knows,30-49,Photo,,verified,22.6,Insulted by a customer at work after they heard her accent.
PL-001253,synthetic-demo,2026-04-19T13:20:21Z,2026-04-19,2026-W16,2026-04-13,2026-04,online,Doxxing or exposure,Sex work stereotypes,Telegram,,Mazowieckie,UA,Someone she knows,18-29,Link and screenshot,LC-28164,verified,277.7,Comment thread claims Ukrainian women arriving in Poland mostly work in the sex industry.
PL-001254,synthetic-demo,2026-04-19T14:27:05Z,2026-04-19,2026-W16,2026-04-13,2026-04,online,Fabricated story,Criminal or dangerous,Facebook,,Śląskie,PL,Ukrainian women as a group,13-17,Screenshot only,,verified,51.2,Short clip claims Ukrainian women run scams targeting elderly people; no source.
PL-001255,synthetic-demo,2026-04-19T17:32:12Z,2026-04-19,2026-W16,2026-04-13,2026-04,online,Manipulated image or video,Stolen photos / fake profiles,Telegram,,Śląskie,UA,Herself,18-29,Link and screenshot,LC-74388,verified,39.5,Fake account copies a woman's profile photos and messages men pretending to be her.
PL-001256,synthetic-demo,2026-04-19T20:21:32Z,2026-04-19,2026-W16,2026-04-13,2026-04,online,Sexualised content or stereotypes,Came to seduce / steal husbands,TikTok,,Mazowieckie,PL,Ukrainian women as a group,Unknown,Link and screenshot,LC-25451,verified,153.9,Video mocks Ukrainian women as only interested in men with money; many replies agree.
PL-001257,synthetic-demo,2026-04-19T22:48:49Z,2026-04-19,2026-W16,2026-04-13,2026-04,in-person,Unwanted sexual comments or propositions,None (in person),,School or university,Warmińsko-mazurskie,PL,Herself,30-49,Photo,,verified,33.6,"Stranger asked whether she was ""one of those Ukrainian girls"" and made sexual remarks."
PL-001258,synthetic-demo,2026-04-19T23:58:33Z,2026-04-19,2026-W16,2026-04-13,2026-04,online,Sexualised content or stereotypes,Came to seduce / steal husbands,TikTok,,Lubelskie,PL,Ukrainian women as a group,Unknown,Screenshot only,,verified,18.3,Meme mocks Ukrainian women as only interested in men with money; many replies agree.
PL-001259,synthetic-demo,2026-04-20T08:23:25Z,2026-04-20,2026-W17,2026-04-20,2026-04,online,Sexualised content or stereotypes,Sex work stereotypes,Instagram,,Mazowieckie,PL,Public figure,18-29,Description only,,verified,11.2,Comments call a Ukrainian woman a sex worker after she posted about her new job.
PL-001260,synthetic-demo,2026-04-20T10:29:58Z,2026-04-20,2026-W17,2026-04-20,2026-04,online,"Fake job, housing or relationship offer",Fake offers (lures),Classifieds site,,Pomorskie,UA,Ukrainian women as a group,18-29,Description only,,verified,299.4,"Ad for nanny work abroad through Poland, no company name, contact by private chat only."
PL-001261,synthetic-demo,2026-04-20T13:07:39Z,2026-04-20,2026-W17,2026-04-20,2026-04,online,Manipulated image or video,Stolen photos / fake profiles,TikTok,,Podkarpackie,PL,Herself,30-49,Link and screenshot,LC-20108,verified,51.1,Fake account copies a woman's profile photos and messages men pretending to be her.
PL-001262,synthetic-demo,2026-04-20T13:42:24Z,2026-04-20,2026-W17,2026-04-20,2026-04,online,Manipulated image or video,Available women / brides,Instagram,,Mazowieckie,PL,Someone she knows,18-29,Link and screenshot,LC-11817,verified,18.1,Meme presents Ukrainian women as available for dating in exchange for help with housing.
PL-001263,synthetic-demo,2026-04-20T14:57:47Z,2026-04-20,2026-W17,2026-04-20,2026-04,in-person,Verbal harassment or insults,None (in person),,Shop or service,Pomorskie,PL,Herself,30-49,Description only,,verified,37.3,Group of men called her names linked to her nationality in the street.
PL-001264,synthetic-demo,2026-04-20T16:31:22Z,2026-04-20,2026-W17,2026-04-20,2026-04,online,Sexualised content or stereotypes,Sex work stereotypes,Instagram,,Małopolskie,PL,Ukrainian women as a group,Unknown,Description only,,verified,35.9,Post suggests a reception point in Kraków is used for sex work; no evidence given.
PL-001265,synthetic-demo,2026-04-21T09:32:35Z,2026-04-21,2026-W17,2026-04-20,2026-04,online,Harassment or pile-on,Came to seduce / steal husbands,Telegram,,Śląskie,RU,Someone she knows,18-29,Link and screenshot,LC-53281,verified,28.7,Meme mocks Ukrainian women as only interested in men with money; many replies agree.
PL-001266,synthetic-demo,2026-04-21T16:39:15Z,2026-04-21,2026-W17,2026-04-20,2026-04,online,Harassment or pile-on,Criminal or dangerous,Instagram,,Lubelskie,PL,Herself,18-29,Screenshot only,,pending,,Carousel post claims Ukrainian women run scams targeting elderly people; no source.
PL-001267,synthetic-demo,2026-04-21T17:15:09Z,2026-04-21,2026-W17,2026-04-20,2026-04,in-person,Rumours or lies spread about her,None (in person),,Other,Mazowieckie,PL,Herself,18-29,Description only,,verified,27.1,"Parents at school said she had a ""bad reputation"" because she is Ukrainian."
PL-001268,synthetic-demo,2026-04-22T08:00:11Z,2026-04-22,2026-W17,2026-04-20,2026-04,online,Sexualised content or stereotypes,Came to seduce / steal husbands,TikTok,,Podkarpackie,PL,Ukrainian women as a group,Unknown,Link and screenshot,LC-23180,verified,5,Video on TikTok claims Ukrainian women come to Poland to find Polish husbands.
PL-001269,synthetic-demo,2026-04-22T10:34:12Z,2026-04-22,2026-W17,2026-04-20,2026-04,in-person,Verbal harassment or insults,None (in person),,Street or public transport,Mazowieckie,PL,Someone she knows,30-49,Description only,,verified,15.3,Shouted at on public transport in Warsaw for speaking Ukrainian.
PL-001270,synthetic-demo,2026-04-22T11:15:34Z,2026-04-22,2026-W17,2026-04-20,2026-04,in-person,Verbal harassment or insults,None (in person),,Shop or service,Lubelskie,PL,Herself,50+,Description only,,needs more info,46.7,Group of men called her names linked to her nationality in the street.
PL-001271,synthetic-demo,2026-04-22T14:28:20Z,2026-04-22,2026-W17,2026-04-20,2026-04,online,Fabricated story,Came to seduce / steal husbands,X,,Wielkopolskie,PL,Ukrainian women as a group,Unknown,Description only,,needs more info,9.1,Video uses a sexualised stereotype of Ukrainian women to joke about Polish wives.
PL-001272,synthetic-demo,2026-04-22T15:06:44Z,2026-04-22,2026-W17,2026-04-20,2026-04,online,Harassment or pile-on,Sex work stereotypes,TikTok,,Małopolskie,PL,Someone she knows,18-29,Screenshot only,,verified,44.4,Post suggests a reception point in Kraków is used for sex work; no evidence given.
PL-001273,synthetic-demo,2026-04-22T17:01:14Z,2026-04-22,2026-W17,2026-04-20,2026-04,in-person,Unwanted sexual comments or propositions,None (in person),,Street or public transport,Pomorskie,PL,Someone she knows,30-49,Description only,,rejected,9.5,"Landlord made sexual comments and hinted rent could be ""paid another way""."
PL-001274,synthetic-demo,2026-04-22T17:19:04Z,2026-04-22,2026-W17,2026-04-20,2026-04,in-person,Verbal harassment or insults,None (in person),,Street or public transport,Śląskie,PL,Herself,18-29,Description only,,verified,16,Group of men called her names linked to her nationality in the street.
PL-001275,synthetic-demo,2026-04-22T22:48:47Z,2026-04-22,2026-W17,2026-04-20,2026-04,online,Harassment or pile-on,Other or unclear,Instagram,,Małopolskie,PL,Ukrainian women as a group,Unknown,Description only,,verified,38.7,Pile-on in the comments after a Ukrainian woman spoke about her work in local media.
PL-001276,synthetic-demo,2026-04-22T23:58:33Z,2026-04-22,2026-W17,2026-04-20,2026-04,online,Sexualised content or stereotypes,Came to seduce / steal husbands,TikTok,,Śląskie,PL,Herself,13-17,Description only,,needs more info,19.2,Comment thread on TikTok claims Ukrainian women come to Poland to find Polish husbands.
PL-001277,synthetic-demo,2026-04-23T12:05:04Z,2026-04-23,2026-W17,2026-04-20,2026-04,online,Fabricated story,Abusing benefits / taking jobs,X,,Lubelskie,EN,Public figure,13-17,Link and screenshot,LC-62038,rejected,35,Short clip says Ukrainian mothers abuse child benefits and take kindergarten places.
PL-001278,synthetic-demo,2026-04-23T13:50:27Z,2026-04-23,2026-W17,2026-04-20,2026-04,online,Manipulated image or video,Stolen photos / fake profiles,TikTok,,Opolskie,PL,Public figure,Unknown,Link only,LC-89575,verified,16,Dating profile uses photos of a Ukrainian woman without her consent.
PL-001279,synthetic-demo,2026-04-23T15:33:41Z,2026-04-23,2026-W17,2026-04-20,2026-04,in-person,Unwanted sexual comments or propositions,None (in person),,Shop or service,Podkarpackie,PL,Someone she knows,18-29,Description only,,verified,69.1,"Landlord made sexual comments and hinted rent could be ""paid another way""."
PL-001280,synthetic-demo,2026-04-23T16:29:43Z,2026-04-23,2026-W17,2026-04-20,2026-04,online,Sexualised content or stereotypes,Came to seduce / steal husbands,Telegram,,Mazowieckie,PL,Public figure,30-49,Link only,LC-56641,verified,16.1,Carousel post uses a sexualised stereotype of Ukrainian women to joke about Polish wives.
PL-001281,synthetic-demo,2026-04-23T17:25:13Z,2026-04-23,2026-W17,2026-04-20,2026-04,online,Fabricated story,Abusing benefits / taking jobs,Facebook,,Pomorskie,EN,Someone she knows,13-17,Link and screenshot,LC-81027,verified,30.7,Post claims Ukrainian women receive more benefits than Polish families; the figures are invented.
PL-001282,synthetic-demo,2026-04-23T17:39:10Z,2026-04-23,2026-W17,2026-04-20,2026-04,online,Fabricated story,Abusing benefits / taking jobs,Facebook,,Kujawsko-pomorskie,PL,Ukrainian women as a group,Unknown,Link and screenshot,LC-53364,verified,22.8,Short clip says Ukrainian mothers abuse child benefits and take kindergarten places.
PL-001283,synthetic-demo,2026-04-23T20:22:33Z,2026-04-23,2026-W17,2026-04-20,2026-04,online,"Fake job, housing or relationship offer",Fake offers (lures),Classifieds site,,Wielkopolskie,RU,Ukrainian women as a group,Unknown,Description only,,rejected,12.3,"Offer of a hostess job near Poznań with pay far above normal, asks women to send full-length photos."
PL-001284,synthetic-demo,2026-04-24T05:18:54Z,2026-04-24,2026-W17,2026-04-20,2026-04,online,Other (online),Other or unclear,TikTok,,Podkarpackie,PL,Public figure,18-29,Link and screenshot,LC-13809,verified,16.2,Pile-on in the comments after a Ukrainian woman spoke about her work in local media.
PL-001285,synthetic-demo,2026-04-24T07:13:35Z,2026-04-24,2026-W17,2026-04-20,2026-04,online,Harassment or pile-on,Came to seduce / steal husbands,TikTok,,Małopolskie,PL,Public figure,30-49,Screenshot only,,verified,10.9,Comment thread on TikTok claims Ukrainian women come to Poland to find Polish husbands.
PL-001286,synthetic-demo,2026-04-24T12:07:46Z,2026-04-24,2026-W17,2026-04-20,2026-04,online,Sexualised content or stereotypes,Sex work stereotypes,TikTok,,Wielkopolskie,EN,Public figure,30-49,Link and screenshot,LC-56789,verified,6.8,"Meme describes Ukrainian women as ""easy"" and links this to the war; widely shared."
PL-001287,synthetic-demo,2026-04-24T12:46:45Z,2026-04-24,2026-W17,2026-04-20,2026-04,online,Manipulated image or video,Stolen photos / fake profiles,TikTok,,Dolnośląskie,PL,Herself,Unknown,Screenshot only,,rejected,40.4,Dating profile uses photos of a Ukrainian woman without her consent.
PL-001288,synthetic-demo,2026-04-24T13:45:09Z,2026-04-24,2026-W17,2026-04-20,2026-04,online,Sexualised content or stereotypes,Came to seduce / steal husbands,TikTok,,Pomorskie,PL,Herself,13-17,Screenshot only,,verified,10.7,Meme uses a sexualised stereotype of Ukrainian women to joke about Polish wives.
PL-001289,synthetic-demo,2026-04-24T13:45:26Z,2026-04-24,2026-W17,2026-04-20,2026-04,online,Sexualised content or stereotypes,Available women / brides,Instagram,,Mazowieckie,PL,Herself,Unknown,Link and screenshot,LC-84967,verified,28,"Page advertises ""Ukrainian brides"" using photos that appear to be taken from a refugee support group."
PL-001290,synthetic-demo,2026-04-24T18:20:37Z,2026-04-24,2026-W17,2026-04-20,2026-04,online,Sexualised content or stereotypes,Came to seduce / steal husbands,TikTok,,Warmińsko-mazurskie,PL,Ukrainian women as a group,30-49,Screenshot only,,verified,15.6,Post on TikTok claims Ukrainian women come to Poland to find Polish husbands.
PL-001291,synthetic-demo,2026-04-25T11:46:41Z,2026-04-25,2026-W17,2026-04-20,2026-04,online,Fabricated story,Criminal or dangerous,X,,Małopolskie,PL,Ukrainian women as a group,Unknown,Link and screenshot,LC-42117,needs more info,17.7,Meme claims Ukrainian women bring disease and crime; uses an unrelated photo.
PL-001292,synthetic-demo,2026-04-25T11:52:15Z,2026-04-25,2026-W17,2026-04-20,2026-04,online,Fabricated story,Criminal or dangerous,X,,Mazowieckie,PL,Herself,13-17,Link and screenshot,LC-54027,verified,4.8,Carousel post claims Ukrainian women run scams targeting elderly people; no source.
PL-001293,synthetic-demo,2026-04-25T15:35:41Z,2026-04-25,2026-W17,2026-04-20,2026-04,online,False claim to discredit,Abusing benefits / taking jobs,Facebook,,Mazowieckie,PL,Herself,18-29,Link only,LC-25383,verified,44.4,Post claims Ukrainian women receive more benefits than Polish families; the figures are invented.
PL-001294,synthetic-demo,2026-04-25T16:50:02Z,2026-04-25,2026-W17,2026-04-20,2026-04,online,Fabricated story,Criminal or dangerous,Facebook,,Podkarpackie,PL,Public figure,30-49,Link and screenshot,LC-99576,verified,3.4,Comment thread claims Ukrainian women bring disease and crime; uses an unrelated photo.
PL-001295,synthetic-demo,2026-04-25T19:15:20Z,2026-04-25,2026-W17,2026-04-20,2026-04,in-person,Verbal harassment or insults,None (in person),,School or university,Pomorskie,PL,Herself,18-29,Photo,,pending,,Group of men called her names linked to her nationality in the street.
PL-001296,synthetic-demo,2026-04-25T20:25:21Z,2026-04-25,2026-W17,2026-04-20,2026-04,online,Sexualised content or stereotypes,Sex work stereotypes,TikTok,,Pomorskie,PL,Ukrainian women as a group,Unknown,Link and screenshot,LC-11965,verified,2.9,"Carousel post describes Ukrainian women as ""easy"" and links this to the war; widely shared."
PL-001297,synthetic-demo,2026-04-25T21:46:02Z,2026-04-25,2026-W17,2026-04-20,2026-04,online,Sexualised content or stereotypes,Sex work stereotypes,Instagram,,Mazowieckie,PL,Ukrainian women as a group,18-29,Screenshot only,,pending,,Post suggests a reception point in Warsaw is used for sex work; no evidence given.
PL-001298,synthetic-demo,2026-04-25T22:08:21Z,2026-04-25,2026-W17,2026-04-20,2026-04,online,Sexualised content or stereotypes,Came to seduce / steal husbands,X,,Wielkopolskie,PL,Herself,18-29,Screenshot only,,verified,22.9,Video uses a sexualised stereotype of Ukrainian women to joke about Polish wives.
PL-001299,synthetic-demo,2026-04-25T23:18:06Z,2026-04-25,2026-W17,2026-04-20,2026-04,online,"Fake job, housing or relationship offer",Fake offers (lures),Classifieds site,,Podlaskie,RU,Ukrainian women as a group,Unknown,Description only,,needs more info,28.2,"Ad for cleaning work abroad through Poland, no company name, contact by private chat only."
PL-001300,synthetic-demo,2026-04-26T11:42:06Z,2026-04-26,2026-W17,2026-04-20,2026-04,online,Harassment or pile-on,Sex work stereotypes,TikTok,,Lubelskie,PL,Public figure,30-49,Link and screenshot,LC-70889,verified,17.7,"Post describes Ukrainian women as ""easy"" and links this to the war; widely shared."
PL-001301,synthetic-demo,2026-04-26T14:32:23Z,2026-04-26,2026-W17,2026-04-20,2026-04,online,Harassment or pile-on,Criminal or dangerous,Instagram,,Mazowieckie,PL,Ukrainian women as a group,18-29,Link and screenshot,LC-66720,rejected,36.6,Meme claims Ukrainian women run scams targeting elderly people; no source.
PL-001302,synthetic-demo,2026-04-27T13:12:10Z,2026-04-27,2026-W18,2026-04-27,2026-04,online,Manipulated image or video,Stolen photos / fake profiles,Telegram,,Warmińsko-mazurskie,RU,Herself,30-49,Screenshot only,,verified,56.8,Photos from a Ukrainian woman's private account reposted on a page with sexual captions.
PL-001303,synthetic-demo,2026-04-27T13:24:52Z,2026-04-27,2026-W18,2026-04-27,2026-04,online,Harassment or pile-on,Sex work stereotypes,Facebook,,Świętokrzyskie,PL,Herself,30-49,Link and screenshot,LC-70714,verified,24.6,"Comment thread describes Ukrainian women as ""easy"" and links this to the war; widely shared."
PL-001304,synthetic-demo,2026-04-27T16:16:50Z,2026-04-27,2026-W18,2026-04-27,2026-04,online,Sexualised content or stereotypes,Came to seduce / steal husbands,Facebook,,Pomorskie,PL,Someone she knows,18-29,Description only,,needs more info,4.1,Video mocks Ukrainian women as only interested in men with money; many replies agree.
PL-001305,synthetic-demo,2026-04-27T18:47:47Z,2026-04-27,2026-W18,2026-04-27,2026-04,online,Harassment or pile-on,Came to seduce / steal husbands,TikTok,,Lubelskie,PL,Public figure,13-17,Link and screenshot,LC-34209,verified,40.7,Short clip uses a sexualised stereotype of Ukrainian women to joke about Polish wives.
PL-001306,synthetic-demo,2026-04-27T19:05:32Z,2026-04-27,2026-W18,2026-04-27,2026-04,online,Fabricated story,Abusing benefits / taking jobs,X,,Śląskie,PL,Herself,18-29,Link only,LC-36416,verified,21.6,Carousel post claims Ukrainian women take jobs from Polish women while living on benefits.
PL-001307,synthetic-demo,2026-04-27T23:13:05Z,2026-04-27,2026-W18,2026-04-27,2026-04,online,Fabricated story,Abusing benefits / taking jobs,Facebook,,Mazowieckie,PL,Herself,Unknown,Link only,LC-28589,verified,11.6,"Chart with false numbers about benefits paid to Ukrainian women, shared as if official."
PL-001308,synthetic-demo,2026-04-28T12:38:56Z,2026-04-28,2026-W18,2026-04-27,2026-04,online,False claim to discredit,Sex work stereotypes,X,,Zachodniopomorskie,EN,Ukrainian women as a group,Unknown,Screenshot only,,verified,7,"Meme describes Ukrainian women as ""easy"" and links this to the war; widely shared."
PL-001309,synthetic-demo,2026-04-28T14:12:09Z,2026-04-28,2026-W18,2026-04-27,2026-04,online,Doxxing or exposure,Stolen photos / fake profiles,Facebook,,Lubelskie,RU,Herself,18-29,Link and screenshot,LC-25823,verified,76.9,Dating profile uses photos of a Ukrainian woman without her consent.
PL-001310,synthetic-demo,2026-04-28T15:44:12Z,2026-04-28,2026-W18,2026-04-27,2026-04,online,Harassment or pile-on,Criminal or dangerous,Other,,Lubuskie,EN,Someone she knows,30-49,Link only,LC-96540,verified,13.4,Video claims Ukrainian women run scams targeting elderly people; no source.
PL-001311,synthetic-demo,2026-04-28T16:18:20Z,2026-04-28,2026-W18,2026-04-27,2026-04,online,Manipulated image or video,Available women / brides,Facebook,,Lubelskie,PL,Ukrainian women as a group,Unknown,Screenshot only,,verified,14.1,"Short clip ranks Ukrainian women by appearance and invites men to ""choose one""."
PL-001312,synthetic-demo,2026-04-28T18:48:04Z,2026-04-28,2026-W18,2026-04-27,2026-04,online,Manipulated image or video,Criminal or dangerous,Instagram,,Mazowieckie,PL,Ukrainian women as a group,50+,Screenshot only,,verified,13.1,Video claims Ukrainian women bring disease and crime; uses an unrelated photo.
PL-001313,synthetic-demo,2026-04-29T05:48:46Z,2026-04-29,2026-W18,2026-04-27,2026-04,online,False claim to discredit,Abusing benefits / taking jobs,Telegram,,Zachodniopomorskie,UA,Someone she knows,50+,Link only,LC-38349,verified,13.1,Video claims Ukrainian women take jobs from Polish women while living on benefits.
PL-001314,synthetic-demo,2026-04-29T13:09:48Z,2026-04-29,2026-W18,2026-04-27,2026-04,online,Fabricated story,Other or unclear,TikTok,,Wielkopolskie,PL,Herself,18-29,Link only,LC-70599,verified,10.8,Post targets a Ukrainian woman activist with insults and false claims about her past.
PL-001315,synthetic-demo,2026-04-29T14:45:24Z,2026-04-29,2026-W18,2026-04-27,2026-04,in-person,Rumours or lies spread about her,None (in person),,Street or public transport,Wielkopolskie,PL,Herself,30-49,Description only,,verified,35,Neighbours spread a rumour that she came to Poland to find a husband.
PL-001316,synthetic-demo,2026-04-29T15:09:55Z,2026-04-29,2026-W18,2026-04-27,2026-04,online,"Fake job, housing or relationship offer",Fake offers (lures),Telegram,,Wielkopolskie,UA,Herself,18-29,Screenshot only,,verified,37.6,"Message offers a free room to young Ukrainian women ""in exchange for help around the house""."
PL-001317,synthetic-demo,2026-04-30T10:16:43Z,2026-04-30,2026-W18,2026-04-27,2026-04,in-person,Unwanted sexual comments or propositions,None (in person),,Workplace,Wielkopolskie,PL,Herself,13-17,Photo,,verified,28.5,"Stranger asked whether she was ""one of those Ukrainian girls"" and made sexual remarks."
PL-001318,synthetic-demo,2026-04-30T10:27:17Z,2026-04-30,2026-W18,2026-04-27,2026-04,online,"Fake job, housing or relationship offer",Fake offers (lures),Facebook,,Podkarpackie,UA,Ukrainian women as a group,Unknown,Screenshot only,,verified,17.8,"Post offers help finding a ""sponsor"" for women who have just arrived."
PL-001319,synthetic-demo,2026-04-30T12:47:26Z,2026-04-30,2026-W18,2026-04-27,2026-04,online,Fabricated story,Abusing benefits / taking jobs,Telegram,,Dolnośląskie,PL,Ukrainian women as a group,Unknown,Link and screenshot,LC-45712,needs more info,12.9,Post says Ukrainian mothers abuse child benefits and take kindergarten places.
PL-001320,synthetic-demo,2026-04-30T13:05:59Z,2026-04-30,2026-W18,2026-04-27,2026-04,in-person,Unwanted sexual comments or propositions,None (in person),,Street or public transport,Mazowieckie,PL,Someone she knows,30-49,Description only,,verified,21.3,"Man at her workplace made sexual comments and suggested she was ""available"" because she is Ukrainian."
PL-001321,synthetic-demo,2026-04-30T13:32:49Z,2026-04-30,2026-W18,2026-04-27,2026-04,online,Harassment or pile-on,Criminal or dangerous,X,,Mazowieckie,PL,Someone she knows,18-29,Screenshot only,,verified,12.2,Old crime story from another country reshared as if it happened in Warsaw with a Ukrainian woman.
PL-001322,synthetic-demo,2026-04-30T16:01:31Z,2026-04-30,2026-W18,2026-04-27,2026-04,online,Sexualised content or stereotypes,Came to seduce / steal husbands,Instagram,,Pomorskie,PL,Ukrainian women as a group,Unknown,Link and screenshot,LC-29037,verified,20.2,"Comments under a local news story say Ukrainian women ""take"" Polish men and break up families."
PL-001323,synthetic-demo,2026-04-30T16:21:03Z,2026-04-30,2026-W18,2026-04-27,2026-04,online,Harassment or pile-on,Abusing benefits / taking jobs,Instagram,,Podlaskie,PL,Someone she knows,18-29,Link only,LC-64608,verified,10.7,Video says Ukrainian mothers abuse child benefits and take kindergarten places.
PL-001324,synthetic-demo,2026-04-30T18:50:23Z,2026-04-30,2026-W18,2026-04-27,2026-04,in-person,Verbal harassment or insults,None (in person),,Accommodation or housing,Wielkopolskie,PL,Someone she knows,30-49,Description only,,needs more info,17.9,Insulted by a customer at work after they heard her accent.
PL-001325,synthetic-demo,2026-04-30T20:33:19Z,2026-04-30,2026-W18,2026-04-27,2026-04,in-person,Physical or sexual violence,None (in person),,Accommodation or housing,Świętokrzyskie,PL,Someone she knows,Unknown,Photo,,verified,7,Grabbed by a man in the street after refusing to talk to him.
PL-001326,synthetic-demo,2026-05-01T11:45:41Z,2026-05-01,2026-W18,2026-04-27,2026-05,online,Fabricated story,Abusing benefits / taking jobs,Telegram,,Mazowieckie,PL,Public figure,18-29,Link and screenshot,LC-29019,verified,33.9,Carousel post claims Ukrainian women take jobs from Polish women while living on benefits.
PL-001327,synthetic-demo,2026-05-01T12:25:27Z,2026-05-01,2026-W18,2026-04-27,2026-05,in-person,Unwanted sexual comments or propositions,None (in person),,Workplace,Warmińsko-mazurskie,UA,Someone she knows,18-29,Description only,,needs more info,16.8,"Stranger asked whether she was ""one of those Ukrainian girls"" and made sexual remarks."
PL-001328,synthetic-demo,2026-05-01T12:52:16Z,2026-05-01,2026-W18,2026-04-27,2026-05,online,Sexualised content or stereotypes,Came to seduce / steal husbands,TikTok,,Dolnośląskie,PL,Public figure,Unknown,Link only,LC-97723,verified,85.9,Carousel post on TikTok claims Ukrainian women come to Poland to find Polish husbands.
PL-001329,synthetic-demo,2026-05-01T13:24:10Z,2026-05-01,2026-W18,2026-04-27,2026-05,in-person,Being followed or watched,None (in person),,School or university,Śląskie,PL,Herself,50+,Description only,,verified,17.5,Man she did not know kept appearing near her building and watching the entrance.
PL-001330,synthetic-demo,2026-05-01T15:43:08Z,2026-05-01,2026-W18,2026-04-27,2026-05,in-person,Unwanted sexual comments or propositions,None (in person),,Other,Mazowieckie,UA,Herself,30-49,Description only,,pending,,"Landlord made sexual comments and hinted rent could be ""paid another way""."
PL-001331,synthetic-demo,2026-05-01T20:27:18Z,2026-05-01,2026-W18,2026-04-27,2026-05,in-person,Other (in person),None (in person),,Other,Pomorskie,PL,Someone she knows,18-29,Description only,,verified,12.5,Treated in a degrading way at an office when asking for help.
PL-001332,synthetic-demo,2026-05-02T15:00:02Z,2026-05-02,2026-W18,2026-04-27,2026-05,online,Doxxing or exposure,Other or unclear,Telegram,,Podlaskie,PL,Someone she knows,18-29,Screenshot only,,needs more info,8.4,Pile-on in the comments after a Ukrainian woman spoke about her work in local media.
PL-001333,synthetic-demo,2026-05-02T17:45:05Z,2026-05-02,2026-W18,2026-04-27,2026-05,in-person,Verbal harassment or insults,None (in person),,Street or public transport,Mazowieckie,UA,Herself,30-49,Description only,,verified,25.5,Group of men called her names linked to her nationality in the street.
PL-001334,synthetic-demo,2026-05-02T19:32:26Z,2026-05-02,2026-W18,2026-04-27,2026-05,online,Sexualised content or stereotypes,Came to seduce / steal husbands,TikTok,,Dolnośląskie,PL,Ukrainian women as a group,18-29,Screenshot only,,verified,6.9,Short clip on TikTok claims Ukrainian women come to Poland to find Polish husbands.
PL-001335,synthetic-demo,2026-05-02T20:37:49Z,2026-05-02,2026-W18,2026-04-27,2026-05,online,Manipulated image or video,Stolen photos / fake profiles,TikTok,,Wielkopolskie,PL,Someone she knows,18-29,Screenshot only,,verified,13.1,Fake account copies a woman's profile photos and messages men pretending to be her.
PL-001336,synthetic-demo,2026-05-03T12:25:16Z,2026-05-03,2026-W18,2026-04-27,2026-05,in-person,Unwanted sexual comments or propositions,None (in person),,Accommodation or housing,Pomorskie,PL,Herself,18-29,Description only,,verified,16,"Man at her workplace made sexual comments and suggested she was ""available"" because she is Ukrainian."
PL-001337,synthetic-demo,2026-05-04T05:19:02Z,2026-05-04,2026-W19,2026-05-04,2026-05,online,Sexualised content or stereotypes,Came to seduce / steal husbands,TikTok,,Lubelskie,PL,Someone she knows,30-49,Link and screenshot,LC-62117,verified,12.8,"Comments under a local news story say Ukrainian women ""take"" Polish men and break up families."
PL-001338,synthetic-demo,2026-05-04T12:57:26Z,2026-05-04,2026-W19,2026-05-04,2026-05,online,False claim to discredit,Sex work stereotypes,X,,Śląskie,PL,Public figure,Unknown,Link only,LC-23315,verified,18.1,"Video describes Ukrainian women as ""easy"" and links this to the war; widely shared."
PL-001339,synthetic-demo,2026-05-05T12:31:37Z,2026-05-05,2026-W19,2026-05-04,2026-05,online,Sexualised content or stereotypes,Came to seduce / steal husbands,TikTok,,Mazowieckie,PL,Public figure,30-49,Link only,LC-82725,verified,15,Carousel post mocks Ukrainian women as only interested in men with money; many replies agree.
PL-001340,synthetic-demo,2026-05-05T13:15:24Z,2026-05-05,2026-W19,2026-05-04,2026-05,in-person,Being followed or watched,None (in person),,School or university,Świętokrzyskie,PL,Herself,18-29,Photo,,verified,82.1,Followed from the bus stop to her accommodation twice in one week.
PL-001341,synthetic-demo,2026-05-05T14:28:40Z,2026-05-05,2026-W19,2026-05-04,2026-05,in-person,Being followed or watched,None (in person),,Workplace,Warmińsko-mazurskie,PL,Herself,18-29,Description only,,verified,6.4,Followed from the bus stop to her accommodation twice in one week.
PL-001342,synthetic-demo,2026-05-05T15:04:41Z,2026-05-05,2026-W19,2026-05-04,2026-05,online,Harassment or pile-on,Came to seduce / steal husbands,Facebook,,Lubelskie,UA,Public figure,Unknown,Link and screenshot,LC-42980,needs more info,5.3,"Comments under a local news story say Ukrainian women ""take"" Polish men and break up families."
PL-001343,synthetic-demo,2026-05-05T17:31:17Z,2026-05-05,2026-W19,2026-05-04,2026-05,online,Harassment or pile-on,Abusing benefits / taking jobs,Facebook,,Warmińsko-mazurskie,UA,Ukrainian women as a group,Unknown,Link only,LC-95072,verified,12.3,Meme says Ukrainian mothers abuse child benefits and take kindergarten places.
PL-001344,synthetic-demo,2026-05-05T17:31:48Z,2026-05-05,2026-W19,2026-05-04,2026-05,online,"Fake job, housing or relationship offer",Fake offers (lures),Facebook,,Małopolskie,UA,Herself,Unknown,Link and screenshot,LC-16587,verified,25.2,"Ad offers a well-paid nanny job with free housing and travel, and asks for a passport photo first."
PL-001345,synthetic-demo,2026-05-05T17:40:28Z,2026-05-05,2026-W19,2026-05-04,2026-05,in-person,Physical or sexual violence,None (in person),,Community or religious place,Dolnośląskie,PL,Herself,Unknown,Photo,,verified,25.3,Pushed and hit by a stranger who shouted about Ukrainians.
PL-001346,synthetic-demo,2026-05-05T18:24:12Z,2026-05-05,2026-W19,2026-05-04,2026-05,online,Harassment or pile-on,Other or unclear,X,,Śląskie,PL,Someone she knows,30-49,Description only,,verified,2.9,Her home area and phone number were posted in a hostile group.
PL-001347,synthetic-demo,2026-05-06T09:21:08Z,2026-05-06,2026-W19,2026-05-04,2026-05,online,Fabricated story,Came to seduce / steal husbands,Facebook,,Małopolskie,EN,Someone she knows,30-49,Link and screenshot,LC-12284,verified,104.6,"Comments under a local news story say Ukrainian women ""take"" Polish men and break up families."
PL-001348,synthetic-demo,2026-05-06T09:35:15Z,2026-05-06,2026-W19,2026-05-04,2026-05,online,Sexualised content or stereotypes,Sex work stereotypes,X,,Śląskie,PL,Herself,30-49,Link and screenshot,LC-86396,needs more info,31.3,Comments call a Ukrainian woman a sex worker after she posted about her new job.
PL-001349,synthetic-demo,2026-05-06T12:17:57Z,2026-05-06,2026-W19,2026-05-04,2026-05,in-person,Verbal harassment or insults,None (in person),,Workplace,Śląskie,PL,Someone she knows,18-29,Description only,,rejected,25.9,Shouted at on public transport in Katowice for speaking Ukrainian.
PL-001350,synthetic-demo,2026-05-06T15:01:50Z,2026-05-06,2026-W19,2026-05-04,2026-05,online,Manipulated image or video,Stolen photos / fake profiles,Instagram,,Śląskie,PL,Herself,Unknown,Link and screenshot,LC-96588,verified,31.4,Photos from a Ukrainian woman's private account reposted on a page with sexual captions.
PL-001351,synthetic-demo,2026-05-06T16:10:35Z,2026-05-06,2026-W19,2026-05-04,2026-05,online,Manipulated image or video,Available women / brides,TikTok,,Pomorskie,PL,Ukrainian women as a group,18-29,Link and screenshot,LC-99833,verified,28,"Page advertises ""Ukrainian brides"" using photos that appear to be taken from a refugee support group."
PL-001352,synthetic-demo,2026-05-06T18:30:31Z,2026-05-06,2026-W19,2026-05-04,2026-05,online,Manipulated image or video,Stolen photos / fake profiles,Telegram,,Kujawsko-pomorskie,PL,Someone she knows,18-29,Screenshot only,,needs more info,44.5,Fake account copies a woman's profile photos and messages men pretending to be her.
PL-001353,synthetic-demo,2026-05-06T18:40:40Z,2026-05-06,2026-W19,2026-05-04,2026-05,online,"Fake job, housing or relationship offer",Fake offers (lures),Facebook,,Kujawsko-pomorskie,RU,Ukrainian women as a group,18-29,Description only,,verified,9.2,"Ad for seasonal farm work abroad through Poland, no company name, contact by private chat only."
PL-001354,synthetic-demo,2026-05-06T20:59:55Z,2026-05-06,2026-W19,2026-05-04,2026-05,in-person,Verbal harassment or insults,None (in person),,Workplace,Mazowieckie,PL,Someone she knows,30-49,Photo,,verified,4.8,Insulted by a customer at work after they heard her accent.
PL-001355,synthetic-demo,2026-05-06T21:06:13Z,2026-05-06,2026-W19,2026-05-04,2026-05,in-person,Rumours or lies spread about her,None (in person),,Workplace,Podkarpackie,UA,Herself,30-49,Photo,,needs more info,6,Colleagues told others she got her job through a relationship with the manager.
PL-001356,synthetic-demo,2026-05-06T23:58:33Z,2026-05-06,2026-W19,2026-05-04,2026-05,online,Harassment or pile-on,Other or unclear,X,,Lubuskie,EN,Ukrainian women as a group,Unknown,Screenshot only,,verified,6.6,Pile-on in the comments after a Ukrainian woman spoke about her work in local media.
PL-001357,synthetic-demo,2026-05-07T12:42:31Z,2026-05-07,2026-W19,2026-05-04,2026-05,online,Harassment or pile-on,Came to seduce / steal husbands,Facebook,,Łódzkie,PL,Herself,Unknown,Link and screenshot,LC-61755,verified,15.6,Short clip on Facebook claims Ukrainian women come to Poland to find Polish husbands.
PL-001358,synthetic-demo,2026-05-07T13:33:58Z,2026-05-07,2026-W19,2026-05-04,2026-05,online,Fabricated story,Criminal or dangerous,Telegram,,Mazowieckie,PL,Public figure,50+,Screenshot only,,verified,19.7,Post claims Ukrainian women bring disease and crime; uses an unrelated photo.
PL-001359,synthetic-demo,2026-05-07T16:27:19Z,2026-05-07,2026-W19,2026-05-04,2026-05,in-person,Unwanted sexual comments or propositions,None (in person),,Shop or service,Wielkopolskie,UA,Herself,18-29,Photo,,verified,9.5,"Stranger asked whether she was ""one of those Ukrainian girls"" and made sexual remarks."
PL-001360,synthetic-demo,2026-05-07T17:19:07Z,2026-05-07,2026-W19,2026-05-04,2026-05,online,Fabricated story,Came to seduce / steal husbands,Facebook,,Lubelskie,EN,Herself,30-49,Screenshot only,,verified,26,Post on Facebook claims Ukrainian women come to Poland to find Polish husbands.
PL-001361,synthetic-demo,2026-05-07T17:35:54Z,2026-05-07,2026-W19,2026-05-04,2026-05,online,False claim to discredit,Abusing benefits / taking jobs,X,,Podkarpackie,PL,Herself,18-29,Screenshot only,,verified,7.1,Post claims Ukrainian women receive more benefits than Polish families; the figures are invented.
PL-001362,synthetic-demo,2026-05-08T07:15:40Z,2026-05-08,2026-W19,2026-05-04,2026-05,in-person,Verbal harassment or insults,None (in person),,Shop or service,Podkarpackie,PL,Herself,18-29,Description only,,needs more info,15.2,Shouted at on public transport in Rzeszów for speaking Ukrainian.
PL-001363,synthetic-demo,2026-05-08T07:56:41Z,2026-05-08,2026-W19,2026-05-04,2026-05,online,Sexualised content or stereotypes,Came to seduce / steal husbands,TikTok,,Mazowieckie,PL,Herself,30-49,Link only,LC-43895,verified,42.3,Video mocks Ukrainian women as only interested in men with money; many replies agree.
PL-001364,synthetic-demo,2026-05-08T09:23:32Z,2026-05-08,2026-W19,2026-05-04,2026-05,online,Sexualised content or stereotypes,Came to seduce / steal husbands,Instagram,,Śląskie,UA,Ukrainian women as a group,Unknown,Description only,,verified,12.8,"Comments under a local news story say Ukrainian women ""take"" Polish men and break up families."
PL-001365,synthetic-demo,2026-05-08T10:02:12Z,2026-05-08,2026-W19,2026-05-04,2026-05,online,"Fake job, housing or relationship offer",Fake offers (lures),Facebook,,Podkarpackie,UA,Ukrainian women as a group,Unknown,Link only,LC-52743,verified,5.4,"Message offers a free room to young Ukrainian women ""in exchange for help around the house""."
PL-001366,synthetic-demo,2026-05-08T11:14:42Z,2026-05-08,2026-W19,2026-05-04,2026-05,in-person,Threats or intimidation,None (in person),,Workplace,Lubuskie,PL,Herself,18-29,Description only,,verified,27.3,"Man told her to leave the neighbourhood or ""something would happen""."
PL-001367,synthetic-demo,2026-05-08T12:57:50Z,2026-05-08,2026-W19,2026-05-04,2026-05,in-person,Other (in person),None (in person),,Workplace,Dolnośląskie,PL,Herself,Unknown,Description only,,needs more info,16.7,Refused service and humiliated in a shop because she is Ukrainian.
PL-001368,synthetic-demo,2026-05-08T13:46:16Z,2026-05-08,2026-W19,2026-05-04,2026-05,online,"Fake job, housing or relationship offer",Fake offers (lures),Facebook,,Pomorskie,UA,Ukrainian women as a group,Unknown,Screenshot only,,verified,14.5,"Ad offers a well-paid nanny job with free housing and travel, and asks for a passport photo first."
PL-001369,synthetic-demo,2026-05-08T16:47:37Z,2026-05-08,2026-W19,2026-05-04,2026-05,online,Manipulated image or video,Available women / brides,X,,Pomorskie,RU,Ukrainian women as a group,Unknown,Screenshot only,,rejected,47,"Page advertises ""Ukrainian brides"" using photos that appear to be taken from a refugee support group."
PL-001370,synthetic-demo,2026-05-08T19:47:36Z,2026-05-08,2026-W19,2026-05-04,2026-05,in-person,Other (in person),None (in person),,Shop or service,Podkarpackie,RU,Someone she knows,Unknown,Description only,,verified,13.2,Treated in a degrading way at an office when asking for help.
PL-001371,synthetic-demo,2026-05-08T20:36:31Z,2026-05-08,2026-W19,2026-05-04,2026-05,online,"Fake job, housing or relationship offer",Fake offers (lures),Telegram,,Wielkopolskie,UA,Herself,Unknown,Link and screenshot,LC-24717,needs more info,26.7,"Ad for massage salon work abroad through Poland, no company name, contact by private chat only."
PL-001372,synthetic-demo,2026-05-08T23:58:33Z,2026-05-08,2026-W19,2026-05-04,2026-05,online,Sexualised content or stereotypes,Came to seduce / steal husbands,X,,Małopolskie,PL,Ukrainian women as a group,Unknown,Link and screenshot,LC-99239,verified,135.7,Comment thread uses a sexualised stereotype of Ukrainian women to joke about Polish wives.
PL-001373,synthetic-demo,2026-05-09T05:37:13Z,2026-05-09,2026-W19,2026-05-04,2026-05,online,False claim to discredit,Sex work stereotypes,Facebook,,Pomorskie,EN,Ukrainian women as a group,18-29,Link only,LC-11177,verified,73.9,Comments call a Ukrainian woman a sex worker after she posted about her new job.
PL-001374,synthetic-demo,2026-05-09T10:34:03Z,2026-05-09,2026-W19,2026-05-04,2026-05,online,Harassment or pile-on,Other or unclear,TikTok,,Śląskie,PL,Ukrainian women as a group,Unknown,Screenshot only,,verified,8.7,Hostile messages sent to several Ukrainian women in a local community group.
PL-001375,synthetic-demo,2026-05-09T11:59:52Z,2026-05-09,2026-W19,2026-05-04,2026-05,online,Fabricated story,Came to seduce / steal husbands,X,,Podlaskie,PL,Ukrainian women as a group,Unknown,Link and screenshot,LC-10625,verified,24.9,Short clip uses a sexualised stereotype of Ukrainian women to joke about Polish wives.
PL-001376,synthetic-demo,2026-05-09T13:37:45Z,2026-05-09,2026-W19,2026-05-04,2026-05,online,Sexualised content or stereotypes,Available women / brides,X,,Mazowieckie,PL,Herself,30-49,Link only,LC-34158,verified,10,"Account shares sexualised images captioned as Ukrainian women ""looking for a husband""."
PL-001377,synthetic-demo,2026-05-09T14:42:47Z,2026-05-09,2026-W19,2026-05-04,2026-05,online,Sexualised content or stereotypes,Came to seduce / steal husbands,Instagram,,Mazowieckie,PL,Ukrainian women as a group,Unknown,Link and screenshot,LC-40313,verified,27.8,"Comments under a local news story say Ukrainian women ""take"" Polish men and break up families."
PL-001378,synthetic-demo,2026-05-09T16:34:47Z,2026-05-09,2026-W19,2026-05-04,2026-05,online,Harassment or pile-on,Available women / brides,X,,Pomorskie,PL,Someone she knows,13-17,Link and screenshot,LC-79949,verified,15.9,"Meme ranks Ukrainian women by appearance and invites men to ""choose one""."
PL-001379,synthetic-demo,2026-05-10T06:13:20Z,2026-05-10,2026-W19,2026-05-04,2026-05,online,Doxxing or exposure,Stolen photos / fake profiles,X,,Mazowieckie,PL,Herself,30-49,Description only,,rejected,20.6,Fake account copies a woman's profile photos and messages men pretending to be her.
PL-001380,synthetic-demo,2026-05-10T12:46:28Z,2026-05-10,2026-W19,2026-05-04,2026-05,in-person,Threats or intimidation,None (in person),,Street or public transport,Mazowieckie,PL,Herself,18-29,Photo,,verified,60,Former partner threatened to share private photos.
PL-001381,synthetic-demo,2026-05-10T18:11:12Z,2026-05-10,2026-W19,2026-05-04,2026-05,online,Harassment or pile-on,Abusing benefits / taking jobs,X,,Mazowieckie,PL,Ukrainian women as a group,18-29,Screenshot only,,needs more info,26.8,Post claims Ukrainian women receive more benefits than Polish families; the figures are invented.
PL-001382,synthetic-demo,2026-05-11T09:48:05Z,2026-05-11,2026-W20,2026-05-11,2026-05,in-person,Threats or intimidation,None (in person),,Accommodation or housing,Dolnośląskie,UA,Herself,18-29,Description only,,verified,41.3,Employer threatened to report her to the authorities if she complained about pay.
PL-001383,synthetic-demo,2026-05-11T12:30:14Z,2026-05-11,2026-W20,2026-05-11,2026-05,in-person,Verbal harassment or insults,None (in person),,Community or religious place,Śląskie,PL,Someone she knows,50+,Description only,,verified,36.3,Group of men called her names linked to her nationality in the street.
PL-001384,synthetic-demo,2026-05-11T14:39:29Z,2026-05-11,2026-W20,2026-05-11,2026-05,online,Harassment or pile-on,Criminal or dangerous,Facebook,,Warmińsko-mazurskie,PL,Ukrainian women as a group,Unknown,Link only,LC-81252,verified,38.1,Fabricated story says a Ukrainian woman stole from her employer; the photo is from another country.
PL-001385,synthetic-demo,2026-05-11T14:52:40Z,2026-05-11,2026-W20,2026-05-11,2026-05,online,Sexualised content or stereotypes,Sex work stereotypes,Facebook,,Lubelskie,PL,Ukrainian women as a group,Unknown,Screenshot only,,verified,8.3,"Meme describes Ukrainian women as ""easy"" and links this to the war; widely shared."
PL-001386,synthetic-demo,2026-05-11T15:23:57Z,2026-05-11,2026-W20,2026-05-11,2026-05,online,Sexualised content or stereotypes,Available women / brides,Facebook,,Lubelskie,PL,Ukrainian women as a group,30-49,Link and screenshot,LC-55158,verified,23.2,"Account shares sexualised images captioned as Ukrainian women ""looking for a husband""."
PL-001387,synthetic-demo,2026-05-11T21:04:01Z,2026-05-11,2026-W20,2026-05-11,2026-05,in-person,Being followed or watched,None (in person),,Accommodation or housing,Pomorskie,PL,Someone she knows,30-49,Description only,,rejected,1.9,Followed from the bus stop to her accommodation twice in one week.
PL-001388,synthetic-demo,2026-05-12T11:15:48Z,2026-05-12,2026-W20,2026-05-11,2026-05,online,Fabricated story,Came to seduce / steal husbands,X,,Dolnośląskie,PL,Herself,18-29,Link and screenshot,LC-28303,verified,11.7,"Comments under a local news story say Ukrainian women ""take"" Polish men and break up families."
PL-001389,synthetic-demo,2026-05-12T12:36:44Z,2026-05-12,2026-W20,2026-05-11,2026-05,online,Doxxing or exposure,Stolen photos / fake profiles,Telegram,,Mazowieckie,PL,Herself,18-29,Screenshot only,,verified,15.6,Edited photo puts a Ukrainian woman's face on a sexualised image; shared in a group.
PL-001390,synthetic-demo,2026-05-12T13:38:46Z,2026-05-12,2026-W20,2026-05-11,2026-05,online,Harassment or pile-on,Criminal or dangerous,X,,Pomorskie,PL,Herself,18-29,Link only,LC-76558,pending,,Comment thread claims Ukrainian women bring disease and crime; uses an unrelated photo.
PL-001391,synthetic-demo,2026-05-12T13:52:54Z,2026-05-12,2026-W20,2026-05-11,2026-05,in-person,Other (in person),None (in person),,Street or public transport,Łódzkie,PL,Someone she knows,Unknown,Description only,,verified,19.6,Refused service and humiliated in a shop because she is Ukrainian.
PL-001392,synthetic-demo,2026-05-12T14:02:41Z,2026-05-12,2026-W20,2026-05-11,2026-05,online,False claim to discredit,Sex work stereotypes,Facebook,,Śląskie,PL,Someone she knows,30-49,Link only,LC-94905,verified,7.8,Post suggests a reception point in Katowice is used for sex work; no evidence given.
PL-001393,synthetic-demo,2026-05-12T18:41:20Z,2026-05-12,2026-W20,2026-05-11,2026-05,online,Sexualised content or stereotypes,Available women / brides,TikTok,,Lubelskie,PL,Ukrainian women as a group,Unknown,Link only,LC-88774,verified,27.6,Carousel post presents Ukrainian women as available for dating in exchange for help with housing.
PL-001394,synthetic-demo,2026-05-13T08:11:13Z,2026-05-13,2026-W20,2026-05-11,2026-05,online,Fabricated story,Criminal or dangerous,Facebook,,Wielkopolskie,PL,Ukrainian women as a group,Unknown,Screenshot only,,verified,15.8,Old crime story from another country reshared as if it happened in Poznań with a Ukrainian woman.
PL-001395,synthetic-demo,2026-05-13T09:11:54Z,2026-05-13,2026-W20,2026-05-11,2026-05,online,Sexualised content or stereotypes,Available women / brides,TikTok,,Śląskie,PL,Herself,30-49,Screenshot only,,verified,13.7,Short clip presents Ukrainian women as available for dating in exchange for help with housing.
PL-001396,synthetic-demo,2026-05-13T12:37:59Z,2026-05-13,2026-W20,2026-05-11,2026-05,online,Harassment or pile-on,Abusing benefits / taking jobs,TikTok,,Mazowieckie,PL,Herself,Unknown,Description only,,verified,49.5,"Chart with false numbers about benefits paid to Ukrainian women, shared as if official."
PL-001397,synthetic-demo,2026-05-13T14:03:14Z,2026-05-13,2026-W20,2026-05-11,2026-05,online,Fabricated story,Abusing benefits / taking jobs,Facebook,,Podkarpackie,EN,Public figure,18-29,Link only,LC-88722,verified,11,Post claims Ukrainian women receive more benefits than Polish families; the figures are invented.
PL-001398,synthetic-demo,2026-05-13T14:50:26Z,2026-05-13,2026-W20,2026-05-11,2026-05,online,Sexualised content or stereotypes,Available women / brides,Telegram,,Mazowieckie,PL,Ukrainian women as a group,18-29,Screenshot only,,verified,12.8,"Short clip ranks Ukrainian women by appearance and invites men to ""choose one""."
PL-001399,synthetic-demo,2026-05-13T14:58:50Z,2026-05-13,2026-W20,2026-05-11,2026-05,online,Manipulated image or video,Stolen photos / fake profiles,Facebook,,Wielkopolskie,PL,Someone she knows,18-29,Link only,LC-91000,verified,21.9,Dating profile uses photos of a Ukrainian woman without her consent.
PL-001400,synthetic-demo,2026-05-13T23:54:53Z,2026-05-13,2026-W20,2026-05-11,2026-05,online,False claim to discredit,Abusing benefits / taking jobs,Facebook,,Mazowieckie,PL,Herself,18-29,Link and screenshot,LC-29614,verified,3.1,"Chart with false numbers about benefits paid to Ukrainian women, shared as if official."
PL-001401,synthetic-demo,2026-05-14T13:53:40Z,2026-05-14,2026-W20,2026-05-11,2026-05,online,False claim to discredit,Abusing benefits / taking jobs,X,,Małopolskie,PL,Ukrainian women as a group,18-29,Description only,,rejected,23.3,"Chart with false numbers about benefits paid to Ukrainian women, shared as if official."
PL-001402,synthetic-demo,2026-05-14T15:56:43Z,2026-05-14,2026-W20,2026-05-11,2026-05,online,Sexualised content or stereotypes,Available women / brides,Telegram,,Lubelskie,PL,Herself,18-29,Link and screenshot,LC-24767,verified,87.6,"Page advertises ""Ukrainian brides"" using photos that appear to be taken from a refugee support group."
PL-001403,synthetic-demo,2026-05-14T17:17:26Z,2026-05-14,2026-W20,2026-05-11,2026-05,online,Fabricated story,Criminal or dangerous,Telegram,,Zachodniopomorskie,RU,Ukrainian women as a group,Unknown,Link only,LC-90592,pending,,Fabricated story says a Ukrainian woman stole from her employer; the photo is from another country.
PL-001404,synthetic-demo,2026-05-14T18:10:28Z,2026-05-14,2026-W20,2026-05-11,2026-05,online,Harassment or pile-on,Other or unclear,X,,Kujawsko-pomorskie,PL,Ukrainian women as a group,Unknown,Description only,,needs more info,9.9,Pile-on in the comments after a Ukrainian woman spoke about her work in local media.
PL-001405,synthetic-demo,2026-05-14T18:51:24Z,2026-05-14,2026-W20,2026-05-11,2026-05,online,False claim to discredit,Abusing benefits / taking jobs,TikTok,,Mazowieckie,PL,Public figure,18-29,Screenshot only,,verified,36.3,Comment thread claims Ukrainian women take jobs from Polish women while living on benefits.
PL-001406,synthetic-demo,2026-05-14T19:34:50Z,2026-05-14,2026-W20,2026-05-11,2026-05,online,Fabricated story,Came to seduce / steal husbands,Telegram,,Zachodniopomorskie,RU,Ukrainian women as a group,Unknown,Description only,,verified,15.6,"Comments under a local news story say Ukrainian women ""take"" Polish men and break up families."
PL-001407,synthetic-demo,2026-05-14T23:58:33Z,2026-05-14,2026-W20,2026-05-11,2026-05,online,Manipulated image or video,Available women / brides,Instagram,,Mazowieckie,PL,Someone she knows,18-29,Description only,,verified,20.9,"Video ranks Ukrainian women by appearance and invites men to ""choose one""."
PL-001408,synthetic-demo,2026-05-15T08:31:56Z,2026-05-15,2026-W20,2026-05-11,2026-05,online,"Fake job, housing or relationship offer",Fake offers (lures),Telegram,,Wielkopolskie,RU,Herself,18-29,Screenshot only,,verified,20,"Message offers a free room to young Ukrainian women ""in exchange for help around the house""."
PL-001409,synthetic-demo,2026-05-15T09:32:47Z,2026-05-15,2026-W20,2026-05-11,2026-05,online,Fabricated story,Came to seduce / steal husbands,X,,Mazowieckie,PL,Public figure,18-29,Link and screenshot,LC-91621,rejected,22.1,Comment thread uses a sexualised stereotype of Ukrainian women to joke about Polish wives.
PL-001410,synthetic-demo,2026-05-15T13:48:04Z,2026-05-15,2026-W20,2026-05-11,2026-05,online,Manipulated image or video,Stolen photos / fake profiles,Facebook,,Świętokrzyskie,PL,Someone she knows,30-49,Link only,LC-40203,verified,37.9,Dating profile uses photos of a Ukrainian woman without her consent.
PL-001411,synthetic-demo,2026-05-15T14:12:37Z,2026-05-15,2026-W20,2026-05-11,2026-05,online,False claim to discredit,Sex work stereotypes,X,,Pomorskie,PL,Ukrainian women as a group,18-29,Link only,LC-81901,verified,8.8,"Video describes Ukrainian women as ""easy"" and links this to the war; widely shared."
PL-001412,synthetic-demo,2026-05-15T14:24:09Z,2026-05-15,2026-W20,2026-05-11,2026-05,in-person,Verbal harassment or insults,None (in person),,Accommodation or housing,Lubelskie,PL,Someone she knows,13-17,Description only,,pending,,Insulted by a customer at work after they heard her accent.
PL-001413,synthetic-demo,2026-05-15T15:01:13Z,2026-05-15,2026-W20,2026-05-11,2026-05,online,Fabricated story,Abusing benefits / taking jobs,Facebook,,Pomorskie,PL,Ukrainian women as a group,Unknown,Link and screenshot,LC-73213,verified,3,Short clip claims Ukrainian women take jobs from Polish women while living on benefits.
PL-001414,synthetic-demo,2026-05-15T15:55:03Z,2026-05-15,2026-W20,2026-05-11,2026-05,in-person,Verbal harassment or insults,None (in person),,Workplace,Małopolskie,PL,Herself,18-29,Description only,,rejected,37.5,Group of men called her names linked to her nationality in the street.
PL-001415,synthetic-demo,2026-05-15T16:28:36Z,2026-05-15,2026-W20,2026-05-11,2026-05,online,Fabricated story,Other or unclear,TikTok,,Lubelskie,EN,Herself,30-49,Link and screenshot,LC-82703,rejected,19.1,Pile-on in the comments after a Ukrainian woman spoke about her work in local media.
PL-001416,synthetic-demo,2026-05-16T10:21:02Z,2026-05-16,2026-W20,2026-05-11,2026-05,in-person,Rumours or lies spread about her,None (in person),,Street or public transport,Mazowieckie,RU,Herself,50+,Description only,,rejected,79.1,Neighbours spread a rumour that she came to Poland to find a husband.
PL-001417,synthetic-demo,2026-05-16T10:27:01Z,2026-05-16,2026-W20,2026-05-11,2026-05,in-person,Unwanted sexual comments or propositions,None (in person),,Other,Podlaskie,UA,Someone she knows,13-17,Description only,,verified,5.7,"Stranger asked whether she was ""one of those Ukrainian girls"" and made sexual remarks."
PL-001418,synthetic-demo,2026-05-16T12:20:07Z,2026-05-16,2026-W20,2026-05-11,2026-05,online,False claim to discredit,Abusing benefits / taking jobs,X,,Pomorskie,RU,Someone she knows,13-17,Description only,,rejected,21.4,Video says Ukrainian mothers abuse child benefits and take kindergarten places.
PL-001419,synthetic-demo,2026-05-16T18:56:36Z,2026-05-16,2026-W20,2026-05-11,2026-05,online,Sexualised content or stereotypes,Available women / brides,TikTok,,Lubelskie,PL,Someone she knows,30-49,Screenshot only,,verified,14.1,"Page advertises ""Ukrainian brides"" using photos that appear to be taken from a refugee support group."
PL-001420,synthetic-demo,2026-05-16T19:48:35Z,2026-05-16,2026-W20,2026-05-11,2026-05,online,"Fake job, housing or relationship offer",Fake offers (lures),Facebook,,Małopolskie,UA,Ukrainian women as a group,Unknown,Link and screenshot,LC-40275,verified,16.2,"Ad for hostess work abroad through Poland, no company name, contact by private chat only."
PL-001421,synthetic-demo,2026-05-16T23:58:33Z,2026-05-16,2026-W20,2026-05-11,2026-05,online,Fabricated story,Criminal or dangerous,Facebook,,Wielkopolskie,PL,Ukrainian women as a group,Unknown,Link only,LC-11329,verified,4.7,Old crime story from another country reshared as if it happened in Poznań with a Ukrainian woman.
PL-001422,synthetic-demo,2026-05-17T09:10:18Z,2026-05-17,2026-W20,2026-05-11,2026-05,in-person,Other (in person),None (in person),,Community or religious place,Dolnośląskie,PL,Herself,30-49,Description only,,verified,75.2,Treated in a degrading way at an office when asking for help.
PL-001423,synthetic-demo,2026-05-17T09:53:14Z,2026-05-17,2026-W20,2026-05-11,2026-05,online,Sexualised content or stereotypes,Available women / brides,TikTok,,Lubelskie,PL,Ukrainian women as a group,30-49,Link and screenshot,LC-57185,verified,32.5,"Page advertises ""Ukrainian brides"" using photos that appear to be taken from a refugee support group."
PL-001424,synthetic-demo,2026-05-17T12:25:15Z,2026-05-17,2026-W20,2026-05-11,2026-05,online,Sexualised content or stereotypes,Came to seduce / steal husbands,Facebook,,Wielkopolskie,PL,Public figure,18-29,Screenshot only,,verified,14.5,Meme mocks Ukrainian women as only interested in men with money; many replies agree.
PL-001425,synthetic-demo,2026-05-17T13:23:45Z,2026-05-17,2026-W20,2026-05-11,2026-05,online,Fabricated story,Abusing benefits / taking jobs,X,,Dolnośląskie,PL,Someone she knows,Unknown,Link and screenshot,LC-29403,verified,26.8,Short clip says Ukrainian mothers abuse child benefits and take kindergarten places.
PL-001426,synthetic-demo,2026-05-17T14:36:58Z,2026-05-17,2026-W20,2026-05-11,2026-05,in-person,Being followed or watched,None (in person),,Workplace,Podlaskie,PL,Someone she knows,Unknown,Description only,,verified,12.6,Man she did not know kept appearing near her building and watching the entrance.
PL-001427,synthetic-demo,2026-05-17T16:48:13Z,2026-05-17,2026-W20,2026-05-11,2026-05,online,False claim to discredit,Abusing benefits / taking jobs,X,,Mazowieckie,PL,Public figure,13-17,Screenshot only,,verified,2.7,Meme claims Ukrainian women take jobs from Polish women while living on benefits.
PL-001428,synthetic-demo,2026-05-17T16:53:56Z,2026-05-17,2026-W20,2026-05-11,2026-05,online,Harassment or pile-on,Came to seduce / steal husbands,X,,Podkarpackie,PL,Ukrainian women as a group,Unknown,Link only,LC-58390,pending,,Carousel post on X claims Ukrainian women come to Poland to find Polish husbands.
PL-001429,synthetic-demo,2026-05-17T18:06:50Z,2026-05-17,2026-W20,2026-05-11,2026-05,online,False claim to discredit,Abusing benefits / taking jobs,Facebook,,Pomorskie,PL,Herself,Unknown,Link and screenshot,LC-73206,verified,13.2,"Chart with false numbers about benefits paid to Ukrainian women, shared as if official."
PL-001430,synthetic-demo,2026-05-17T22:22:37Z,2026-05-17,2026-W20,2026-05-11,2026-05,online,"Fake job, housing or relationship offer",Fake offers (lures),Classifieds site,,Dolnośląskie,UA,Ukrainian women as a group,13-17,Link only,LC-69687,verified,6.7,"Post offers help finding a ""sponsor"" for women who have just arrived."
PL-001431,synthetic-demo,2026-05-18T05:28:36Z,2026-05-18,2026-W21,2026-05-18,2026-05,online,"Fake job, housing or relationship offer",Fake offers (lures),Classifieds site,,Wielkopolskie,UA,Ukrainian women as a group,Unknown,Link and screenshot,LC-28353,verified,15.1,"Post offers help finding a ""sponsor"" for women who have just arrived."
PL-001432,synthetic-demo,2026-05-18T06:51:54Z,2026-05-18,2026-W21,2026-05-18,2026-05,online,False claim to discredit,Abusing benefits / taking jobs,Telegram,,Małopolskie,RU,Public figure,18-29,Description only,,verified,60.7,Post claims Ukrainian women receive more benefits than Polish families; the figures are invented.
PL-001433,synthetic-demo,2026-05-18T13:45:14Z,2026-05-18,2026-W21,2026-05-18,2026-05,online,Sexualised content or stereotypes,Came to seduce / steal husbands,Instagram,,Małopolskie,PL,Someone she knows,Unknown,Description only,,verified,58.1,Comment thread on Instagram claims Ukrainian women come to Poland to find Polish husbands.
PL-001434,synthetic-demo,2026-05-18T13:46:04Z,2026-05-18,2026-W21,2026-05-18,2026-05,online,Manipulated image or video,Stolen photos / fake profiles,TikTok,,Pomorskie,PL,Herself,Unknown,Description only,,pending,,Fake account copies a woman's profile photos and messages men pretending to be her.
PL-001435,synthetic-demo,2026-05-18T19:14:28Z,2026-05-18,2026-W21,2026-05-18,2026-05,online,Manipulated image or video,Stolen photos / fake profiles,TikTok,,Lubelskie,PL,Someone she knows,13-17,Link only,LC-62542,verified,31.4,Dating profile uses photos of a Ukrainian woman without her consent.
PL-001436,synthetic-demo,2026-05-19T11:56:44Z,2026-05-19,2026-W21,2026-05-18,2026-05,online,Harassment or pile-on,Sex work stereotypes,Instagram,,Lubelskie,PL,Ukrainian women as a group,Unknown,Description only,,verified,9.1,Meme claims Ukrainian women arriving in Poland mostly work in the sex industry.
PL-001437,synthetic-demo,2026-05-19T13:53:10Z,2026-05-19,2026-W21,2026-05-18,2026-05,online,Sexualised content or stereotypes,Came to seduce / steal husbands,Instagram,,Pomorskie,PL,Ukrainian women as a group,Unknown,Link and screenshot,LC-94837,verified,37.8,Carousel post on Instagram claims Ukrainian women come to Poland to find Polish husbands.
PL-001438,synthetic-demo,2026-05-19T14:01:47Z,2026-05-19,2026-W21,2026-05-18,2026-05,online,Sexualised content or stereotypes,Came to seduce / steal husbands,Instagram,,Dolnośląskie,EN,Ukrainian women as a group,Unknown,Link and screenshot,LC-37367,pending,,Video on Instagram claims Ukrainian women come to Poland to find Polish husbands.
PL-001439,synthetic-demo,2026-05-19T14:10:39Z,2026-05-19,2026-W21,2026-05-18,2026-05,online,"Fake job, housing or relationship offer",Fake offers (lures),Classifieds site,,Mazowieckie,PL,Ukrainian women as a group,18-29,Screenshot only,,verified,24.1,"Ad for nanny work abroad through Poland, no company name, contact by private chat only."
PL-001440,synthetic-demo,2026-05-19T19:02:18Z,2026-05-19,2026-W21,2026-05-18,2026-05,in-person,Physical or sexual violence,None (in person),,Workplace,Pomorskie,PL,Herself,Unknown,Photo,,needs more info,5.3,Touched without consent by a co-worker; the manager did nothing.
PL-001441,synthetic-demo,2026-05-20T07:57:56Z,2026-05-20,2026-W21,2026-05-18,2026-05,online,Sexualised content or stereotypes,Sex work stereotypes,Telegram,,Wielkopolskie,UA,Ukrainian women as a group,Unknown,Link and screenshot,LC-25771,verified,5.7,Meme claims Ukrainian women arriving in Poland mostly work in the sex industry.
PL-001442,synthetic-demo,2026-05-20T10:12:26Z,2026-05-20,2026-W21,2026-05-18,2026-05,online,Sexualised content or stereotypes,Came to seduce / steal husbands,Telegram,,Mazowieckie,PL,Herself,30-49,Link and screenshot,LC-54980,verified,34.9,Meme uses a sexualised stereotype of Ukrainian women to joke about Polish wives.
PL-001443,synthetic-demo,2026-05-20T10:53:41Z,2026-05-20,2026-W21,2026-05-18,2026-05,online,Sexualised content or stereotypes,Available women / brides,Instagram,,Podkarpackie,PL,Ukrainian women as a group,30-49,Description only,,verified,57.6,"Page advertises ""Ukrainian brides"" using photos that appear to be taken from a refugee support group."
PL-001444,synthetic-demo,2026-05-20T12:11:44Z,2026-05-20,2026-W21,2026-05-18,2026-05,online,False claim to discredit,Abusing benefits / taking jobs,TikTok,,Mazowieckie,PL,Ukrainian women as a group,18-29,Link and screenshot,LC-93972,verified,12.2,"Chart with false numbers about benefits paid to Ukrainian women, shared as if official."
PL-001445,synthetic-demo,2026-05-20T13:00:59Z,2026-05-20,2026-W21,2026-05-18,2026-05,in-person,Being followed or watched,None (in person),,Workplace,Mazowieckie,UA,Herself,Unknown,Description only,,verified,6,Same car seen waiting outside her workplace several evenings.
PL-001446,synthetic-demo,2026-05-20T17:50:58Z,2026-05-20,2026-W21,2026-05-18,2026-05,in-person,Rumours or lies spread about her,None (in person),,Street or public transport,Lubuskie,PL,Herself,18-29,Description only,,verified,2.9,Colleagues told others she got her job through a relationship with the manager.
PL-001447,synthetic-demo,2026-05-20T19:17:24Z,2026-05-20,2026-W21,2026-05-18,2026-05,online,Doxxing or exposure,Other or unclear,X,,Lubuskie,EN,Ukrainian women as a group,Unknown,Link only,LC-46594,pending,,Hostile messages sent to several Ukrainian women in a local community group.
PL-001448,synthetic-demo,2026-05-20T19:40:07Z,2026-05-20,2026-W21,2026-05-18,2026-05,online,Doxxing or exposure,Other or unclear,Instagram,,Mazowieckie,PL,Herself,Unknown,Link and screenshot,LC-19930,verified,9.8,Comment thread targets a Ukrainian woman activist with insults and false claims about her past.
PL-001449,synthetic-demo,2026-05-21T08:54:12Z,2026-05-21,2026-W21,2026-05-18,2026-05,online,Manipulated image or video,Available women / brides,Instagram,,Małopolskie,EN,Ukrainian women as a group,18-29,Link only,LC-50942,verified,5.1,"Video ranks Ukrainian women by appearance and invites men to ""choose one""."
PL-001450,synthetic-demo,2026-05-21T11:36:55Z,2026-05-21,2026-W21,2026-05-18,2026-05,online,Manipulated image or video,Stolen photos / fake profiles,Instagram,,Mazowieckie,PL,Herself,18-29,Link only,LC-58728,verified,5.4,Edited photo puts a Ukrainian woman's face on a sexualised image; shared in a group.
PL-001451,synthetic-demo,2026-05-21T13:12:21Z,2026-05-21,2026-W21,2026-05-18,2026-05,online,Fabricated story,Criminal or dangerous,TikTok,,Mazowieckie,UA,Ukrainian women as a group,Unknown,Link only,LC-46720,verified,26.3,Post claims Ukrainian women run scams targeting elderly people; no source.
PL-001452,synthetic-demo,2026-05-21T13:35:19Z,2026-05-21,2026-W21,2026-05-18,2026-05,in-person,Rumours or lies spread about her,None (in person),,Accommodation or housing,Wielkopolskie,PL,Herself,18-29,Description only,,verified,18.1,Colleagues told others she got her job through a relationship with the manager.
PL-001453,synthetic-demo,2026-05-21T15:07:15Z,2026-05-21,2026-W21,2026-05-18,2026-05,online,Fabricated story,Abusing benefits / taking jobs,X,,Łódzkie,PL,Someone she knows,18-29,Link only,LC-28098,verified,21.4,Meme claims Ukrainian women take jobs from Polish women while living on benefits.
PL-001454,synthetic-demo,2026-05-21T15:43:33Z,2026-05-21,2026-W21,2026-05-18,2026-05,online,False claim to discredit,Abusing benefits / taking jobs,TikTok,,Lubelskie,PL,Ukrainian women as a group,50+,Description only,,verified,5.1,"Chart with false numbers about benefits paid to Ukrainian women, shared as if official."
PL-001455,synthetic-demo,2026-05-21T18:48:24Z,2026-05-21,2026-W21,2026-05-18,2026-05,online,Manipulated image or video,Stolen photos / fake profiles,TikTok,,Małopolskie,PL,Herself,18-29,Screenshot only,,verified,95.9,Fake account copies a woman's profile photos and messages men pretending to be her.
PL-001456,synthetic-demo,2026-05-22T13:00:45Z,2026-05-22,2026-W21,2026-05-18,2026-05,online,Sexualised content or stereotypes,Came to seduce / steal husbands,Instagram,,Śląskie,EN,Ukrainian women as a group,Unknown,Link and screenshot,LC-35040,verified,98.2,"Comments under a local news story say Ukrainian women ""take"" Polish men and break up families."
PL-001457,synthetic-demo,2026-05-22T14:24:00Z,2026-05-22,2026-W21,2026-05-18,2026-05,in-person,Verbal harassment or insults,None (in person),,School or university,Śląskie,PL,Someone she knows,18-29,Description only,,rejected,148.5,Shouted at on public transport in Katowice for speaking Ukrainian.
PL-001458,synthetic-demo,2026-05-22T23:53:50Z,2026-05-22,2026-W21,2026-05-18,2026-05,in-person,Verbal harassment or insults,None (in person),,Accommodation or housing,Śląskie,PL,Herself,30-49,Description only,,verified,37.9,Shouted at on public transport in Katowice for speaking Ukrainian.
PL-001459,synthetic-demo,2026-05-23T02:15:55Z,2026-05-23,2026-W21,2026-05-18,2026-05,online,Sexualised content or stereotypes,Came to seduce / steal husbands,Instagram,,Podkarpackie,UA,Public figure,30-49,Screenshot only,,verified,24.2,Carousel post mocks Ukrainian women as only interested in men with money; many replies agree.
PL-001460,synthetic-demo,2026-05-23T15:43:44Z,2026-05-23,2026-W21,2026-05-18,2026-05,online,Sexualised content or stereotypes,Available women / brides,X,,Mazowieckie,PL,Public figure,30-49,Link and screenshot,LC-10449,verified,5.4,"Post ranks Ukrainian women by appearance and invites men to ""choose one""."
PL-001461,synthetic-demo,2026-05-24T12:39:10Z,2026-05-24,2026-W21,2026-05-18,2026-05,online,Harassment or pile-on,Criminal or dangerous,X,,Mazowieckie,PL,Herself,18-29,Link and screenshot,LC-81578,verified,8.7,Old crime story from another country reshared as if it happened in Warsaw with a Ukrainian woman.
PL-001462,synthetic-demo,2026-05-24T13:32:36Z,2026-05-24,2026-W21,2026-05-18,2026-05,online,Manipulated image or video,Criminal or dangerous,TikTok,,Lubelskie,PL,Ukrainian women as a group,50+,Screenshot only,,verified,74.9,Short clip claims Ukrainian women run scams targeting elderly people; no source.
PL-001463,synthetic-demo,2026-05-24T20:00:21Z,2026-05-24,2026-W21,2026-05-18,2026-05,online,Harassment or pile-on,Came to seduce / steal husbands,X,,Pomorskie,PL,Herself,30-49,Description only,,needs more info,12,Comment thread uses a sexualised stereotype of Ukrainian women to joke about Polish wives.
PL-001464,synthetic-demo,2026-05-25T10:26:54Z,2026-05-25,2026-W22,2026-05-25,2026-05,online,Sexualised content or stereotypes,Came to seduce / steal husbands,TikTok,,Świętokrzyskie,PL,Ukrainian women as a group,30-49,Link and screenshot,LC-94398,verified,7.1,Short clip uses a sexualised stereotype of Ukrainian women to joke about Polish wives.
PL-001465,synthetic-demo,2026-05-25T13:18:27Z,2026-05-25,2026-W22,2026-05-25,2026-05,online,Harassment or pile-on,Came to seduce / steal husbands,X,,Wielkopolskie,PL,Ukrainian women as a group,Unknown,Link and screenshot,LC-86573,verified,25.9,Comment thread on X claims Ukrainian women come to Poland to find Polish husbands.
PL-001466,synthetic-demo,2026-05-25T14:00:53Z,2026-05-25,2026-W22,2026-05-25,2026-05,online,Sexualised content or stereotypes,Came to seduce / steal husbands,X,,Lubelskie,RU,Ukrainian women as a group,Unknown,Description only,,verified,33.7,"Comments under a local news story say Ukrainian women ""take"" Polish men and break up families."
PL-001467,synthetic-demo,2026-05-25T14:21:35Z,2026-05-25,2026-W22,2026-05-25,2026-05,online,Sexualised content or stereotypes,Came to seduce / steal husbands,TikTok,,Małopolskie,PL,Someone she knows,30-49,Link and screenshot,LC-18493,verified,29.9,"Comments under a local news story say Ukrainian women ""take"" Polish men and break up families."
PL-001468,synthetic-demo,2026-05-25T15:04:03Z,2026-05-25,2026-W22,2026-05-25,2026-05,online,Sexualised content or stereotypes,Sex work stereotypes,TikTok,,Podkarpackie,PL,Ukrainian women as a group,Unknown,Screenshot only,,verified,27.3,Comments call a Ukrainian woman a sex worker after she posted about her new job.
PL-001469,synthetic-demo,2026-05-25T17:48:14Z,2026-05-25,2026-W22,2026-05-25,2026-05,online,Harassment or pile-on,Criminal or dangerous,TikTok,,Zachodniopomorskie,PL,Ukrainian women as a group,Unknown,Description only,,verified,2.9,Carousel post claims Ukrainian women run scams targeting elderly people; no source.
PL-001470,synthetic-demo,2026-05-26T03:45:30Z,2026-05-26,2026-W22,2026-05-25,2026-05,online,Fabricated story,Criminal or dangerous,X,,Kujawsko-pomorskie,PL,Herself,18-29,Link and screenshot,LC-72214,rejected,12.5,Old crime story from another country reshared as if it happened in Bydgoszcz with a Ukrainian woman.
PL-001471,synthetic-demo,2026-05-26T07:08:59Z,2026-05-26,2026-W22,2026-05-25,2026-05,online,Harassment or pile-on,Other or unclear,Facebook,,Mazowieckie,PL,Public figure,Unknown,Link only,LC-29214,verified,31.4,Hostile messages sent to several Ukrainian women in a local community group.
PL-001472,synthetic-demo,2026-05-26T09:43:00Z,2026-05-26,2026-W22,2026-05-25,2026-05,online,"Fake job, housing or relationship offer",Fake offers (lures),WhatsApp,,Pomorskie,RU,Herself,18-29,Link only,LC-17633,verified,21.2,"Offer of a cleaning job near Gdańsk with pay far above normal, asks women to send full-length photos."
PL-001473,synthetic-demo,2026-05-26T10:23:20Z,2026-05-26,2026-W22,2026-05-25,2026-05,online,Fabricated story,Criminal or dangerous,X,,Lubelskie,PL,Someone she knows,18-29,Description only,,verified,12,Old crime story from another country reshared as if it happened in Lublin with a Ukrainian woman.
PL-001474,synthetic-demo,2026-05-26T13:14:43Z,2026-05-26,2026-W22,2026-05-25,2026-05,online,Sexualised content or stereotypes,Came to seduce / steal husbands,X,,Pomorskie,PL,Herself,13-17,Link only,LC-41454,verified,22.3,Comment thread on X claims Ukrainian women come to Poland to find Polish husbands.
PL-001475,synthetic-demo,2026-05-26T13:29:14Z,2026-05-26,2026-W22,2026-05-25,2026-05,online,Sexualised content or stereotypes,Available women / brides,X,,Wielkopolskie,PL,Ukrainian women as a group,18-29,Screenshot only,,verified,38.1,"Page advertises ""Ukrainian brides"" using photos that appear to be taken from a refugee support group."
PL-001476,synthetic-demo,2026-05-26T13:37:37Z,2026-05-26,2026-W22,2026-05-25,2026-05,online,Harassment or pile-on,Other or unclear,Other,,Małopolskie,UA,Ukrainian women as a group,30-49,Screenshot only,,verified,8,Pile-on in the comments after a Ukrainian woman spoke about her work in local media.
PL-001477,synthetic-demo,2026-05-26T13:57:09Z,2026-05-26,2026-W22,2026-05-25,2026-05,online,Fabricated story,Abusing benefits / taking jobs,X,,Lubelskie,PL,Public figure,13-17,Link only,LC-98070,verified,17.2,Meme says Ukrainian mothers abuse child benefits and take kindergarten places.
PL-001478,synthetic-demo,2026-05-26T15:44:06Z,2026-05-26,2026-W22,2026-05-25,2026-05,in-person,Physical or sexual violence,None (in person),,Street or public transport,Mazowieckie,PL,Herself,Unknown,Description only,,needs more info,42.7,Touched without consent by a co-worker; the manager did nothing.
PL-001479,synthetic-demo,2026-05-26T15:47:08Z,2026-05-26,2026-W22,2026-05-25,2026-05,online,"Fake job, housing or relationship offer",Fake offers (lures),Facebook,,Mazowieckie,RU,Someone she knows,13-17,Link only,LC-20839,verified,21.4,"Message offers a free room to young Ukrainian women ""in exchange for help around the house""."
PL-001480,synthetic-demo,2026-05-26T17:48:05Z,2026-05-26,2026-W22,2026-05-25,2026-05,in-person,Threats or intimidation,None (in person),,Accommodation or housing,Mazowieckie,PL,Herself,50+,Description only,,verified,33.8,Employer threatened to report her to the authorities if she complained about pay.
PL-001481,synthetic-demo,2026-05-26T21:23:38Z,2026-05-26,2026-W22,2026-05-25,2026-05,in-person,Unwanted sexual comments or propositions,None (in person),,Street or public transport,Zachodniopomorskie,PL,Someone she knows,30-49,Description only,,verified,8.9,"Stranger asked whether she was ""one of those Ukrainian girls"" and made sexual remarks."
PL-001482,synthetic-demo,2026-05-27T03:44:08Z,2026-05-27,2026-W22,2026-05-25,2026-05,online,Harassment or pile-on,Came to seduce / steal husbands,Instagram,,Wielkopolskie,EN,Herself,30-49,Link only,LC-78352,verified,48.1,Meme mocks Ukrainian women as only interested in men with money; many replies agree.
PL-001483,synthetic-demo,2026-05-27T05:17:29Z,2026-05-27,2026-W22,2026-05-25,2026-05,online,Fabricated story,Criminal or dangerous,Telegram,,Podkarpackie,UA,Ukrainian women as a group,Unknown,Screenshot only,,verified,3.4,Video claims Ukrainian women bring disease and crime; uses an unrelated photo.
PL-001484,synthetic-demo,2026-05-27T06:06:28Z,2026-05-27,2026-W22,2026-05-25,2026-05,online,Fabricated story,Abusing benefits / taking jobs,X,,Podlaskie,UA,Someone she knows,30-49,Screenshot only,,pending,,Post claims Ukrainian women take jobs from Polish women while living on benefits.
PL-001485,synthetic-demo,2026-05-27T08:08:10Z,2026-05-27,2026-W22,2026-05-25,2026-05,online,"Fake job, housing or relationship offer",Fake offers (lures),Classifieds site,,Małopolskie,UA,Someone she knows,18-29,Description only,,verified,8,"Ad for hostess work abroad through Poland, no company name, contact by private chat only."
PL-001486,synthetic-demo,2026-05-27T10:04:09Z,2026-05-27,2026-W22,2026-05-25,2026-05,online,Fabricated story,Other or unclear,X,,Wielkopolskie,PL,Ukrainian women as a group,Unknown,Screenshot only,,verified,7.4,Pile-on in the comments after a Ukrainian woman spoke about her work in local media.
PL-001487,synthetic-demo,2026-05-27T11:33:28Z,2026-05-27,2026-W22,2026-05-25,2026-05,online,Harassment or pile-on,Available women / brides,Facebook,,Mazowieckie,UA,Ukrainian women as a group,Unknown,Link and screenshot,LC-96700,verified,9.6,"Page advertises ""Ukrainian brides"" using photos that appear to be taken from a refugee support group."
PL-001488,synthetic-demo,2026-05-27T11:57:23Z,2026-05-27,2026-W22,2026-05-25,2026-05,online,Fabricated story,Abusing benefits / taking jobs,Telegram,,Wielkopolskie,PL,Herself,18-29,Link and screenshot,LC-71864,verified,4.7,Carousel post claims Ukrainian women take jobs from Polish women while living on benefits.
PL-001489,synthetic-demo,2026-05-27T13:01:18Z,2026-05-27,2026-W22,2026-05-25,2026-05,online,Fabricated story,Criminal or dangerous,TikTok,,Lubelskie,PL,Someone she knows,50+,Link and screenshot,LC-89066,verified,17.1,Short clip claims Ukrainian women bring disease and crime; uses an unrelated photo.
PL-001490,synthetic-demo,2026-05-27T13:18:02Z,2026-05-27,2026-W22,2026-05-25,2026-05,online,Harassment or pile-on,Sex work stereotypes,Instagram,,Pomorskie,PL,Someone she knows,50+,Description only,,rejected,19.4,Meme claims Ukrainian women arriving in Poland mostly work in the sex industry.
PL-001491,synthetic-demo,2026-05-27T13:21:44Z,2026-05-27,2026-W22,2026-05-25,2026-05,online,Sexualised content or stereotypes,Available women / brides,Facebook,,Podkarpackie,PL,Herself,30-49,Link and screenshot,LC-67710,verified,26,"Page advertises ""Ukrainian brides"" using photos that appear to be taken from a refugee support group."
PL-001492,synthetic-demo,2026-05-27T15:24:13Z,2026-05-27,2026-W22,2026-05-25,2026-05,online,Fabricated story,Criminal or dangerous,Telegram,,Lubelskie,PL,Ukrainian women as a group,30-49,Link and screenshot,LC-83353,verified,24.5,Old crime story from another country reshared as if it happened in Lublin with a Ukrainian woman.
PL-001493,synthetic-demo,2026-05-28T16:55:07Z,2026-05-28,2026-W22,2026-05-25,2026-05,online,Fabricated story,Came to seduce / steal husbands,Facebook,,Lubuskie,EN,Ukrainian women as a group,Unknown,Link and screenshot,LC-62646,verified,2.6,Carousel post on Facebook claims Ukrainian women come to Poland to find Polish husbands.
PL-001494,synthetic-demo,2026-05-28T19:01:15Z,2026-05-28,2026-W22,2026-05-25,2026-05,online,Manipulated image or video,Available women / brides,TikTok,,Mazowieckie,PL,Someone she knows,30-49,Link only,LC-44483,verified,26.8,"Page advertises ""Ukrainian brides"" using photos that appear to be taken from a refugee support group."
PL-001495,synthetic-demo,2026-05-28T21:24:15Z,2026-05-28,2026-W22,2026-05-25,2026-05,online,Harassment or pile-on,Criminal or dangerous,Facebook,,Śląskie,PL,Public figure,50+,Link and screenshot,LC-16156,verified,48.8,Fabricated story says a Ukrainian woman stole from her employer; the photo is from another country.
PL-001496,synthetic-demo,2026-05-29T01:18:06Z,2026-05-29,2026-W22,2026-05-25,2026-05,online,Fabricated story,Came to seduce / steal husbands,Facebook,,Śląskie,PL,Herself,18-29,Link only,LC-75200,verified,34.3,Carousel post mocks Ukrainian women as only interested in men with money; many replies agree.
PL-001497,synthetic-demo,2026-05-29T16:01:24Z,2026-05-29,2026-W22,2026-05-25,2026-05,in-person,Unwanted sexual comments or propositions,None (in person),,Street or public transport,Podkarpackie,PL,Herself,13-17,Description only,,verified,9.5,"Landlord made sexual comments and hinted rent could be ""paid another way""."
PL-001498,synthetic-demo,2026-05-29T19:21:01Z,2026-05-29,2026-W22,2026-05-25,2026-05,online,Fabricated story,Criminal or dangerous,Facebook,,Pomorskie,PL,Herself,18-29,Link and screenshot,LC-23206,verified,35.6,Short clip claims Ukrainian women run scams targeting elderly people; no source.
PL-001499,synthetic-demo,2026-05-29T19:40:36Z,2026-05-29,2026-W22,2026-05-25,2026-05,in-person,Being followed or watched,None (in person),,Shop or service,Łódzkie,PL,Herself,Unknown,Description only,,verified,14,Followed from the bus stop to her accommodation twice in one week.
PL-001500,synthetic-demo,2026-05-29T19:41:40Z,2026-05-29,2026-W22,2026-05-25,2026-05,online,Fabricated story,Criminal or dangerous,Telegram,,Dolnośląskie,RU,Herself,18-29,Description only,,verified,23.6,Fabricated story says a Ukrainian woman stole from her employer; the photo is from another country.
PL-001501,synthetic-demo,2026-05-29T23:34:23Z,2026-05-29,2026-W22,2026-05-25,2026-05,online,Harassment or pile-on,Came to seduce / steal husbands,Instagram,,Mazowieckie,PL,Public figure,18-29,Screenshot only,,verified,11.3,Carousel post on Instagram claims Ukrainian women come to Poland to find Polish husbands.
PL-001502,synthetic-demo,2026-05-30T07:42:16Z,2026-05-30,2026-W22,2026-05-25,2026-05,online,Fabricated story,Abusing benefits / taking jobs,Other,,Mazowieckie,PL,Ukrainian women as a group,Unknown,Screenshot only,,verified,17.5,Meme claims Ukrainian women take jobs from Polish women while living on benefits.
PL-001503,synthetic-demo,2026-05-30T15:53:48Z,2026-05-30,2026-W22,2026-05-25,2026-05,online,Sexualised content or stereotypes,Came to seduce / steal husbands,Instagram,,Lubelskie,PL,Ukrainian women as a group,Unknown,Description only,,needs more info,16.5,"Comments under a local news story say Ukrainian women ""take"" Polish men and break up families."
PL-001504,synthetic-demo,2026-05-30T15:57:33Z,2026-05-30,2026-W22,2026-05-25,2026-05,in-person,Threats or intimidation,None (in person),,Other,Małopolskie,PL,Herself,18-29,Description only,,verified,29.9,Employer threatened to report her to the authorities if she complained about pay.
PL-001505,synthetic-demo,2026-05-31T11:00:23Z,2026-05-31,2026-W22,2026-05-25,2026-05,online,Sexualised content or stereotypes,Available women / brides,Telegram,,Podkarpackie,PL,Public figure,30-49,Screenshot only,,verified,16.9,"Meme ranks Ukrainian women by appearance and invites men to ""choose one""."
PL-001506,synthetic-demo,2026-05-31T18:47:08Z,2026-05-31,2026-W22,2026-05-25,2026-05,online,Fabricated story,Criminal or dangerous,TikTok,,Podkarpackie,PL,Ukrainian women as a group,50+,Link and screenshot,LC-62113,verified,24.3,Meme claims Ukrainian women run scams targeting elderly people; no source.
PL-001507,synthetic-demo,2026-06-01T05:58:25Z,2026-06-01,2026-W23,2026-06-01,2026-06,in-person,Unwanted sexual comments or propositions,None (in person),,School or university,Małopolskie,PL,Someone she knows,30-49,Description only,,verified,12.7,"Stranger asked whether she was ""one of those Ukrainian girls"" and made sexual remarks."
PL-001508,synthetic-demo,2026-06-01T06:37:25Z,2026-06-01,2026-W23,2026-06-01,2026-06,in-person,Unwanted sexual comments or propositions,None (in person),,Street or public transport,Śląskie,PL,Herself,18-29,Photo,,rejected,27,"Stranger asked whether she was ""one of those Ukrainian girls"" and made sexual remarks."
PL-001509,synthetic-demo,2026-06-01T07:06:27Z,2026-06-01,2026-W23,2026-06-01,2026-06,online,Harassment or pile-on,Came to seduce / steal husbands,Instagram,,Lubelskie,PL,Ukrainian women as a group,Unknown,Link and screenshot,LC-22038,verified,50.2,Comment thread on Instagram claims Ukrainian women come to Poland to find Polish husbands.
PL-001510,synthetic-demo,2026-06-01T07:55:16Z,2026-06-01,2026-W23,2026-06-01,2026-06,online,Sexualised content or stereotypes,Available women / brides,Instagram,,Lubuskie,PL,Public figure,30-49,Link and screenshot,LC-84961,verified,47,Carousel post presents Ukrainian women as available for dating in exchange for help with housing.
PL-001511,synthetic-demo,2026-06-01T09:36:26Z,2026-06-01,2026-W23,2026-06-01,2026-06,online,Manipulated image or video,Stolen photos / fake profiles,Telegram,,Lubelskie,PL,Public figure,18-29,Screenshot only,,verified,27.5,Edited photo puts a Ukrainian woman's face on a sexualised image; shared in a group.
PL-001512,synthetic-demo,2026-06-01T10:45:31Z,2026-06-01,2026-W23,2026-06-01,2026-06,online,Harassment or pile-on,Sex work stereotypes,TikTok,,Podkarpackie,PL,Ukrainian women as a group,18-29,Description only,,rejected,9.2,Video claims Ukrainian women arriving in Poland mostly work in the sex industry.
PL-001513,synthetic-demo,2026-06-01T10:47:46Z,2026-06-01,2026-W23,2026-06-01,2026-06,online,"Fake job, housing or relationship offer",Fake offers (lures),Classifieds site,,Podkarpackie,PL,Herself,18-29,Screenshot only,,verified,24.5,"Message offers a free room to young Ukrainian women ""in exchange for help around the house""."
PL-001514,synthetic-demo,2026-06-01T12:07:25Z,2026-06-01,2026-W23,2026-06-01,2026-06,online,False claim to discredit,Sex work stereotypes,X,,Kujawsko-pomorskie,PL,Ukrainian women as a group,18-29,Description only,,needs more info,12.1,Post suggests a reception point in Bydgoszcz is used for sex work; no evidence given.
PL-001515,synthetic-demo,2026-06-01T15:22:55Z,2026-06-01,2026-W23,2026-06-01,2026-06,online,False claim to discredit,Abusing benefits / taking jobs,Facebook,,Łódzkie,PL,Public figure,Unknown,Link and screenshot,LC-63276,verified,44.7,Post claims Ukrainian women receive more benefits than Polish families; the figures are invented.
PL-001516,synthetic-demo,2026-06-01T16:27:18Z,2026-06-01,2026-W23,2026-06-01,2026-06,online,"Fake job, housing or relationship offer",Fake offers (lures),Telegram,,Podkarpackie,UA,Herself,18-29,Link and screenshot,LC-70195,verified,12.9,"Post offers help finding a ""sponsor"" for women who have just arrived."
PL-001517,synthetic-demo,2026-06-01T17:59:52Z,2026-06-01,2026-W23,2026-06-01,2026-06,online,Harassment or pile-on,Criminal or dangerous,TikTok,,Lubelskie,EN,Someone she knows,18-29,Screenshot only,,verified,15.4,Fabricated story says a Ukrainian woman stole from her employer; the photo is from another country.
PL-001518,synthetic-demo,2026-06-01T19:44:08Z,2026-06-01,2026-W23,2026-06-01,2026-06,online,"Fake job, housing or relationship offer",Fake offers (lures),Telegram,,Podkarpackie,RU,Someone she knows,18-29,Link and screenshot,LC-97086,verified,22.2,"Offer of a hotel job near Rzeszów with pay far above normal, asks women to send full-length photos."
PL-001519,synthetic-demo,2026-06-01T20:25:38Z,2026-06-01,2026-W23,2026-06-01,2026-06,in-person,Threats or intimidation,None (in person),,Other,Małopolskie,PL,Someone she knows,Unknown,Description only,,verified,39.2,"Man told her to leave the neighbourhood or ""something would happen""."
PL-001520,synthetic-demo,2026-06-02T04:17:34Z,2026-06-02,2026-W23,2026-06-01,2026-06,in-person,Other (in person),None (in person),,Community or religious place,Podlaskie,PL,Herself,30-49,Description only,,pending,,Treated in a degrading way at an office when asking for help.
PL-001521,synthetic-demo,2026-06-02T08:11:55Z,2026-06-02,2026-W23,2026-06-01,2026-06,online,"Fake job, housing or relationship offer",Fake offers (lures),Classifieds site,,Lubelskie,UA,Ukrainian women as a group,Unknown,Description only,,verified,13.7,"Message offers a free room to young Ukrainian women ""in exchange for help around the house""."
PL-001522,synthetic-demo,2026-06-02T08:22:17Z,2026-06-02,2026-W23,2026-06-01,2026-06,online,"Fake job, housing or relationship offer",Fake offers (lures),WhatsApp,,Małopolskie,RU,Ukrainian women as a group,18-29,Description only,,verified,4.5,"Message offers a free room to young Ukrainian women ""in exchange for help around the house""."
PL-001523,synthetic-demo,2026-06-02T10:30:19Z,2026-06-02,2026-W23,2026-06-01,2026-06,online,Sexualised content or stereotypes,Sex work stereotypes,Other,,Zachodniopomorskie,PL,Ukrainian women as a group,Unknown,Description only,,verified,8,"Video describes Ukrainian women as ""easy"" and links this to the war; widely shared."
PL-001524,synthetic-demo,2026-06-02T12:58:45Z,2026-06-02,2026-W23,2026-06-01,2026-06,online,Sexualised content or stereotypes,Came to seduce / steal husbands,Instagram,,Opolskie,UA,Ukrainian women as a group,18-29,Link and screenshot,LC-43116,verified,8.8,Short clip uses a sexualised stereotype of Ukrainian women to joke about Polish wives.
PL-001525,synthetic-demo,2026-06-02T16:17:32Z,2026-06-02,2026-W23,2026-06-01,2026-06,online,Harassment or pile-on,Available women / brides,TikTok,,Dolnośląskie,PL,Public figure,30-49,Screenshot only,,verified,4.9,"Post ranks Ukrainian women by appearance and invites men to ""choose one""."
PL-001526,synthetic-demo,2026-06-02T18:06:30Z,2026-06-02,2026-W23,2026-06-01,2026-06,online,Harassment or pile-on,Criminal or dangerous,Facebook,,Małopolskie,PL,Someone she knows,18-29,Link and screenshot,LC-66543,verified,19.4,Comment thread claims Ukrainian women bring disease and crime; uses an unrelated photo.
PL-001527,synthetic-demo,2026-06-02T18:57:11Z,2026-06-02,2026-W23,2026-06-01,2026-06,online,Fabricated story,Criminal or dangerous,X,,Podkarpackie,PL,Public figure,18-29,Link only,LC-47010,verified,19.2,Fabricated story says a Ukrainian woman stole from her employer; the photo is from another country.
PL-001528,synthetic-demo,2026-06-02T19:07:32Z,2026-06-02,2026-W23,2026-06-01,2026-06,online,"Fake job, housing or relationship offer",Fake offers (lures),Telegram,,Podkarpackie,UA,Herself,18-29,Link only,LC-85713,verified,13.4,"Ad offers a well-paid hostess job with free housing and travel, and asks for a passport photo first."
PL-001529,synthetic-demo,2026-06-03T09:51:57Z,2026-06-03,2026-W23,2026-06-01,2026-06,in-person,Unwanted sexual comments or propositions,None (in person),,Accommodation or housing,Małopolskie,PL,Someone she knows,18-29,Description only,,verified,15.2,"Landlord made sexual comments and hinted rent could be ""paid another way""."
PL-001530,synthetic-demo,2026-06-03T10:20:56Z,2026-06-03,2026-W23,2026-06-01,2026-06,in-person,Unwanted sexual comments or propositions,None (in person),,Accommodation or housing,Podkarpackie,UA,Herself,13-17,Description only,,rejected,54.9,"Landlord made sexual comments and hinted rent could be ""paid another way""."
PL-001531,synthetic-demo,2026-06-03T11:00:39Z,2026-06-03,2026-W23,2026-06-01,2026-06,online,Manipulated image or video,Stolen photos / fake profiles,Instagram,,Mazowieckie,PL,Someone she knows,Unknown,Link and screenshot,LC-37156,verified,77.1,Dating profile uses photos of a Ukrainian woman without her consent.
PL-001532,synthetic-demo,2026-06-03T11:01:48Z,2026-06-03,2026-W23,2026-06-01,2026-06,online,Harassment or pile-on,Available women / brides,X,,Dolnośląskie,PL,Ukrainian women as a group,Unknown,Screenshot only,,verified,26.4,"Comment thread ranks Ukrainian women by appearance and invites men to ""choose one""."
PL-001533,synthetic-demo,2026-06-03T12:01:10Z,2026-06-03,2026-W23,2026-06-01,2026-06,online,Fabricated story,Came to seduce / steal husbands,Facebook,,Mazowieckie,PL,Herself,18-29,Link only,LC-90825,verified,15.9,"Comments under a local news story say Ukrainian women ""take"" Polish men and break up families."
PL-001534,synthetic-demo,2026-06-03T12:51:50Z,2026-06-03,2026-W23,2026-06-01,2026-06,online,Manipulated image or video,Criminal or dangerous,X,,Wielkopolskie,PL,Herself,30-49,Screenshot only,,verified,37.1,Carousel post claims Ukrainian women run scams targeting elderly people; no source.
PL-001535,synthetic-demo,2026-06-03T13:25:42Z,2026-06-03,2026-W23,2026-06-01,2026-06,online,Sexualised content or stereotypes,Sex work stereotypes,TikTok,,Mazowieckie,PL,Ukrainian women as a group,Unknown,Description only,,verified,46.3,Post suggests a reception point in Warsaw is used for sex work; no evidence given.
PL-001536,synthetic-demo,2026-06-03T14:28:29Z,2026-06-03,2026-W23,2026-06-01,2026-06,online,"Fake job, housing or relationship offer",Fake offers (lures),Classifieds site,,Lubelskie,RU,Someone she knows,18-29,Link and screenshot,LC-23204,verified,12.1,"Offer of a nanny job near Lublin with pay far above normal, asks women to send full-length photos."
PL-001537,synthetic-demo,2026-06-03T14:55:15Z,2026-06-03,2026-W23,2026-06-01,2026-06,online,Fabricated story,Criminal or dangerous,Facebook,,Mazowieckie,PL,Herself,50+,Link and screenshot,LC-19800,verified,95.2,Old crime story from another country reshared as if it happened in Warsaw with a Ukrainian woman.
PL-001538,synthetic-demo,2026-06-03T18:11:11Z,2026-06-03,2026-W23,2026-06-01,2026-06,online,"Fake job, housing or relationship offer",Fake offers (lures),Telegram,,Podkarpackie,RU,Ukrainian women as a group,Unknown,Link and screenshot,LC-31583,verified,18.1,"Ad offers a well-paid seasonal farm job with free housing and travel, and asks for a passport photo first."
PL-001539,synthetic-demo,2026-06-04T02:50:53Z,2026-06-04,2026-W23,2026-06-01,2026-06,online,Harassment or pile-on,Sex work stereotypes,Instagram,,Małopolskie,PL,Herself,18-29,Link only,LC-83707,verified,44.9,Post suggests a reception point in Kraków is used for sex work; no evidence given.
PL-001540,synthetic-demo,2026-06-04T10:54:39Z,2026-06-04,2026-W23,2026-06-01,2026-06,online,"Fake job, housing or relationship offer",Fake offers (lures),Telegram,,Podkarpackie,UA,Herself,18-29,Link only,LC-30539,verified,23.2,"Post offers help finding a ""sponsor"" for women who have just arrived."
PL-001541,synthetic-demo,2026-06-04T10:57:05Z,2026-06-04,2026-W23,2026-06-01,2026-06,online,"Fake job, housing or relationship offer",Fake offers (lures),Classifieds site,,Podkarpackie,UA,Ukrainian women as a group,18-29,Link only,LC-54562,needs more info,64.7,"Offer of a cleaning job near Rzeszów with pay far above normal, asks women to send full-length photos."
PL-001542,synthetic-demo,2026-06-04T12:58:57Z,2026-06-04,2026-W23,2026-06-01,2026-06,in-person,Rumours or lies spread about her,None (in person),,School or university,Mazowieckie,PL,Someone she knows,18-29,Description only,,verified,20.9,Neighbours spread a rumour that she came to Poland to find a husband.
PL-001543,synthetic-demo,2026-06-04T15:49:49Z,2026-06-04,2026-W23,2026-06-01,2026-06,online,"Fake job, housing or relationship offer",Fake offers (lures),Classifieds site,,Lubelskie,RU,Ukrainian women as a group,Unknown,Link only,LC-26851,verified,42.9,"Ad offers a well-paid cleaning job with free housing and travel, and asks for a passport photo first."
PL-001544,synthetic-demo,2026-06-04T17:56:49Z,2026-06-04,2026-W23,2026-06-01,2026-06,online,Harassment or pile-on,Other or unclear,X,,Podkarpackie,PL,Ukrainian women as a group,Unknown,Link and screenshot,LC-80200,verified,3.7,Video targets a Ukrainian woman activist with insults and false claims about her past.
PL-001545,synthetic-demo,2026-06-04T17:59:10Z,2026-06-04,2026-W23,2026-06-01,2026-06,online,"Fake job, housing or relationship offer",Fake offers (lures),Classifieds site,,Lubelskie,UA,Ukrainian women as a group,18-29,Link and screenshot,LC-15909,verified,9.4,"Ad for seasonal farm work abroad through Poland, no company name, contact by private chat only."
PL-001546,synthetic-demo,2026-06-04T19:33:46Z,2026-06-04,2026-W23,2026-06-01,2026-06,online,Fabricated story,Criminal or dangerous,X,,Małopolskie,PL,Ukrainian women as a group,Unknown,Link and screenshot,LC-43328,pending,,Fabricated story says a Ukrainian woman stole from her employer; the photo is from another country.
PL-001547,synthetic-demo,2026-06-04T23:58:33Z,2026-06-04,2026-W23,2026-06-01,2026-06,online,False claim to discredit,Abusing benefits / taking jobs,X,,Mazowieckie,PL,Someone she knows,13-17,Description only,,rejected,12.8,Comment thread says Ukrainian mothers abuse child benefits and take kindergarten places.
PL-001548,synthetic-demo,2026-06-05T06:42:43Z,2026-06-05,2026-W23,2026-06-01,2026-06,online,Harassment or pile-on,Came to seduce / steal husbands,Instagram,,Lubelskie,PL,Public figure,30-49,Screenshot only,,needs more info,21.8,Carousel post uses a sexualised stereotype of Ukrainian women to joke about Polish wives.
PL-001549,synthetic-demo,2026-06-05T12:32:43Z,2026-06-05,2026-W23,2026-06-01,2026-06,online,"Fake job, housing or relationship offer",Fake offers (lures),Classifieds site,,Lubelskie,UA,Ukrainian women as a group,Unknown,Link and screenshot,LC-66024,verified,25.4,"Ad for hostess work abroad through Poland, no company name, contact by private chat only."
PL-001550,synthetic-demo,2026-06-05T15:27:41Z,2026-06-05,2026-W23,2026-06-01,2026-06,online,"Fake job, housing or relationship offer",Fake offers (lures),Classifieds site,,Podkarpackie,RU,Ukrainian women as a group,Unknown,Screenshot only,,verified,15.5,"Post offers help finding a ""sponsor"" for women who have just arrived."
PL-001551,synthetic-demo,2026-06-05T15:49:46Z,2026-06-05,2026-W23,2026-06-01,2026-06,online,Sexualised content or stereotypes,Sex work stereotypes,TikTok,,Śląskie,PL,Ukrainian women as a group,Unknown,Link only,LC-80062,verified,4.5,Comments call a Ukrainian woman a sex worker after she posted about her new job.
PL-001552,synthetic-demo,2026-06-05T15:49:49Z,2026-06-05,2026-W23,2026-06-01,2026-06,in-person,Being followed or watched,None (in person),,Other,Podkarpackie,RU,Herself,18-29,Photo,,verified,10.3,Man she did not know kept appearing near her building and watching the entrance.
PL-001553,synthetic-demo,2026-06-05T15:51:04Z,2026-06-05,2026-W23,2026-06-01,2026-06,online,Sexualised content or stereotypes,Sex work stereotypes,Instagram,,Lubuskie,PL,Ukrainian women as a group,18-29,Link and screenshot,LC-65498,verified,13.1,Post claims Ukrainian women arriving in Poland mostly work in the sex industry.
PL-001554,synthetic-demo,2026-06-05T16:28:45Z,2026-06-05,2026-W23,2026-06-01,2026-06,online,Sexualised content or stereotypes,Sex work stereotypes,TikTok,,Małopolskie,RU,Ukrainian women as a group,18-29,Link and screenshot,LC-79004,verified,3.8,Comments call a Ukrainian woman a sex worker after she posted about her new job.
PL-001555,synthetic-demo,2026-06-06T10:36:17Z,2026-06-06,2026-W23,2026-06-01,2026-06,online,Harassment or pile-on,Abusing benefits / taking jobs,Facebook,,Pomorskie,PL,Ukrainian women as a group,18-29,Screenshot only,,verified,69.7,Meme claims Ukrainian women take jobs from Polish women while living on benefits.
PL-001556,synthetic-demo,2026-06-06T11:20:06Z,2026-06-06,2026-W23,2026-06-01,2026-06,online,False claim to discredit,Abusing benefits / taking jobs,X,,Kujawsko-pomorskie,PL,Ukrainian women as a group,Unknown,Link and screenshot,LC-34784,verified,3.7,Comment thread says Ukrainian mothers abuse child benefits and take kindergarten places.
PL-001557,synthetic-demo,2026-06-06T12:55:46Z,2026-06-06,2026-W23,2026-06-01,2026-06,in-person,Unwanted sexual comments or propositions,None (in person),,Accommodation or housing,Lubelskie,PL,Herself,50+,Description only,,needs more info,16.1,"Landlord made sexual comments and hinted rent could be ""paid another way""."
PL-001558,synthetic-demo,2026-06-06T13:16:30Z,2026-06-06,2026-W23,2026-06-01,2026-06,online,Sexualised content or stereotypes,Came to seduce / steal husbands,TikTok,,Lubelskie,PL,Herself,30-49,Screenshot only,,verified,8.6,Comment thread mocks Ukrainian women as only interested in men with money; many replies agree.
PL-001559,synthetic-demo,2026-06-06T14:35:24Z,2026-06-06,2026-W23,2026-06-01,2026-06,online,Sexualised content or stereotypes,Sex work stereotypes,TikTok,,Pomorskie,PL,Ukrainian women as a group,Unknown,Screenshot only,,verified,17.1,Video claims Ukrainian women arriving in Poland mostly work in the sex industry.
PL-001560,synthetic-demo,2026-06-06T15:42:14Z,2026-06-06,2026-W23,2026-06-01,2026-06,online,"Fake job, housing or relationship offer",Fake offers (lures),Classifieds site,,Pomorskie,RU,Herself,13-17,Screenshot only,,verified,112.5,"Message offers a free room to young Ukrainian women ""in exchange for help around the house""."
PL-001561,synthetic-demo,2026-06-06T15:43:25Z,2026-06-06,2026-W23,2026-06-01,2026-06,online,"Fake job, housing or relationship offer",Fake offers (lures),Telegram,,Podkarpackie,UA,Ukrainian women as a group,Unknown,Screenshot only,,verified,27.2,"Ad offers a well-paid massage salon job with free housing and travel, and asks for a passport photo first."
PL-001562,synthetic-demo,2026-06-06T23:58:33Z,2026-06-06,2026-W23,2026-06-01,2026-06,online,Manipulated image or video,Stolen photos / fake profiles,TikTok,,Śląskie,RU,Herself,13-17,Screenshot only,,pending,,Edited photo puts a Ukrainian woman's face on a sexualised image; shared in a group.
PL-001563,synthetic-demo,2026-06-07T08:43:58Z,2026-06-07,2026-W23,2026-06-01,2026-06,online,Sexualised content or stereotypes,Available women / brides,Telegram,,Lubelskie,PL,Herself,30-49,Description only,,verified,14.9,"Page advertises ""Ukrainian brides"" using photos that appear to be taken from a refugee support group."
PL-001564,synthetic-demo,2026-06-07T09:15:09Z,2026-06-07,2026-W23,2026-06-01,2026-06,online,Sexualised content or stereotypes,Came to seduce / steal husbands,TikTok,,Łódzkie,PL,Herself,18-29,Link and screenshot,LC-64774,needs more info,26.8,Comment thread uses a sexualised stereotype of Ukrainian women to joke about Polish wives.
PL-001565,synthetic-demo,2026-06-07T11:41:53Z,2026-06-07,2026-W23,2026-06-01,2026-06,in-person,Rumours or lies spread about her,None (in person),,Street or public transport,Lubelskie,PL,Someone she knows,18-29,Photo,,rejected,58.3,"Parents at school said she had a ""bad reputation"" because she is Ukrainian."
PL-001566,synthetic-demo,2026-06-07T12:16:35Z,2026-06-07,2026-W23,2026-06-01,2026-06,online,Manipulated image or video,Available women / brides,X,,Podkarpackie,PL,Ukrainian women as a group,Unknown,Screenshot only,,verified,16.4,"Video ranks Ukrainian women by appearance and invites men to ""choose one""."
PL-001567,synthetic-demo,2026-06-07T14:53:53Z,2026-06-07,2026-W23,2026-06-01,2026-06,online,Manipulated image or video,Stolen photos / fake profiles,Instagram,,Podkarpackie,PL,Herself,18-29,Link and screenshot,LC-28754,verified,9.5,Photos from a Ukrainian woman's private account reposted on a page with sexual captions.
PL-001568,synthetic-demo,2026-06-07T17:06:58Z,2026-06-07,2026-W23,2026-06-01,2026-06,online,Doxxing or exposure,Sex work stereotypes,Instagram,,Mazowieckie,PL,Ukrainian women as a group,Unknown,Link only,LC-46915,verified,23.5,Comments call a Ukrainian woman a sex worker after she posted about her new job.
PL-001569,synthetic-demo,2026-06-07T17:07:38Z,2026-06-07,2026-W23,2026-06-01,2026-06,in-person,Verbal harassment or insults,None (in person),,Workplace,Lubelskie,PL,Herself,18-29,Description only,,verified,31.2,Group of men called her names linked to her nationality in the street.
PL-001570,synthetic-demo,2026-06-08T09:27:08Z,2026-06-08,2026-W24,2026-06-08,2026-06,online,Fabricated story,Criminal or dangerous,X,,Lubelskie,EN,Someone she knows,18-29,Screenshot only,,rejected,8.9,Short clip claims Ukrainian women run scams targeting elderly people; no source.
PL-001571,synthetic-demo,2026-06-08T14:22:34Z,2026-06-08,2026-W24,2026-06-08,2026-06,online,Fabricated story,Abusing benefits / taking jobs,X,,Podkarpackie,PL,Ukrainian women as a group,18-29,Link only,LC-19604,verified,12.5,"Chart with false numbers about benefits paid to Ukrainian women, shared as if official."
PL-001572,synthetic-demo,2026-06-08T18:09:32Z,2026-06-08,2026-W24,2026-06-08,2026-06,in-person,Other (in person),None (in person),,Shop or service,Małopolskie,PL,Herself,30-49,Description only,,verified,16.6,Treated in a degrading way at an office when asking for help.
PL-001573,synthetic-demo,2026-06-08T18:35:51Z,2026-06-08,2026-W24,2026-06-08,2026-06,online,Doxxing or exposure,Other or unclear,Telegram,,Warmińsko-mazurskie,UA,Ukrainian women as a group,30-49,Link and screenshot,LC-64812,verified,10.6,Pile-on in the comments after a Ukrainian woman spoke about her work in local media.
PL-001574,synthetic-demo,2026-06-09T14:28:30Z,2026-06-09,2026-W24,2026-06-08,2026-06,online,False claim to discredit,Abusing benefits / taking jobs,Facebook,,Lubelskie,RU,Ukrainian women as a group,13-17,Description only,,verified,26.8,Short clip says Ukrainian mothers abuse child benefits and take kindergarten places.
PL-001575,synthetic-demo,2026-06-09T18:43:05Z,2026-06-09,2026-W24,2026-06-08,2026-06,online,"Fake job, housing or relationship offer",Fake offers (lures),Telegram,,Mazowieckie,PL,Ukrainian women as a group,18-29,Link only,LC-79379,verified,62.8,"Offer of a hostess job near Warsaw with pay far above normal, asks women to send full-length photos."
PL-001576,synthetic-demo,2026-06-09T19:35:43Z,2026-06-09,2026-W24,2026-06-08,2026-06,online,Manipulated image or video,Available women / brides,TikTok,,Kujawsko-pomorskie,PL,Ukrainian women as a group,Unknown,Link only,LC-69610,verified,11.8,Meme presents Ukrainian women as available for dating in exchange for help with housing.
PL-001577,synthetic-demo,2026-06-09T23:30:08Z,2026-06-09,2026-W24,2026-06-08,2026-06,online,Sexualised content or stereotypes,Available women / brides,Other,,Łódzkie,PL,Ukrainian women as a group,Unknown,Link only,LC-73357,verified,13.9,Meme presents Ukrainian women as available for dating in exchange for help with housing.
PL-001578,synthetic-demo,2026-06-10T06:47:55Z,2026-06-10,2026-W24,2026-06-08,2026-06,online,Manipulated image or video,Stolen photos / fake profiles,Instagram,,Mazowieckie,PL,Herself,50+,Screenshot only,,needs more info,8.4,Fake account copies a woman's profile photos and messages men pretending to be her.
PL-001579,synthetic-demo,2026-06-10T09:45:07Z,2026-06-10,2026-W24,2026-06-08,2026-06,online,Manipulated image or video,Criminal or dangerous,Instagram,,Zachodniopomorskie,PL,Someone she knows,18-29,Link only,LC-24025,verified,19,Video claims Ukrainian women run scams targeting elderly people; no source.
PL-001580,synthetic-demo,2026-06-10T11:25:54Z,2026-06-10,2026-W24,2026-06-08,2026-06,in-person,Physical or sexual violence,None (in person),,Accommodation or housing,Podkarpackie,UA,Someone she knows,18-29,Description only,,verified,4.2,Touched without consent by a co-worker; the manager did nothing.
PL-001581,synthetic-demo,2026-06-10T12:32:12Z,2026-06-10,2026-W24,2026-06-08,2026-06,online,Manipulated image or video,Available women / brides,X,,Wielkopolskie,UA,Ukrainian women as a group,Unknown,Link only,LC-92145,verified,9.9,Post presents Ukrainian women as available for dating in exchange for help with housing.
PL-001582,synthetic-demo,2026-06-10T12:51:18Z,2026-06-10,2026-W24,2026-06-08,2026-06,online,"Fake job, housing or relationship offer",Fake offers (lures),Telegram,,Mazowieckie,RU,Herself,18-29,Link and screenshot,LC-79711,verified,12.2,"Post offers help finding a ""sponsor"" for women who have just arrived."
PL-001583,synthetic-demo,2026-06-10T14:40:19Z,2026-06-10,2026-W24,2026-06-08,2026-06,in-person,Verbal harassment or insults,None (in person),,Workplace,Łódzkie,PL,Herself,Unknown,Description only,,verified,114.3,Insulted by a customer at work after they heard her accent.
PL-001584,synthetic-demo,2026-06-10T16:19:18Z,2026-06-10,2026-W24,2026-06-08,2026-06,online,Sexualised content or stereotypes,Available women / brides,Instagram,,Dolnośląskie,PL,Public figure,30-49,Link and screenshot,LC-15759,verified,71.6,"Comment thread ranks Ukrainian women by appearance and invites men to ""choose one""."
PL-001585,synthetic-demo,2026-06-10T16:22:10Z,2026-06-10,2026-W24,2026-06-08,2026-06,in-person,Verbal harassment or insults,None (in person),,Street or public transport,Lubelskie,PL,Herself,18-29,Description only,,verified,37.9,Group of men called her names linked to her nationality in the street.
PL-001586,synthetic-demo,2026-06-10T17:25:30Z,2026-06-10,2026-W24,2026-06-08,2026-06,online,"Fake job, housing or relationship offer",Fake offers (lures),Classifieds site,,Opolskie,RU,Ukrainian women as a group,18-29,Link only,LC-92682,verified,13.9,"Post offers help finding a ""sponsor"" for women who have just arrived."
PL-001587,synthetic-demo,2026-06-10T18:44:44Z,2026-06-10,2026-W24,2026-06-08,2026-06,in-person,Physical or sexual violence,None (in person),,Street or public transport,Zachodniopomorskie,PL,Herself,Unknown,Description only,,verified,17.9,Touched without consent by a co-worker; the manager did nothing.
PL-001588,synthetic-demo,2026-06-10T23:58:33Z,2026-06-10,2026-W24,2026-06-08,2026-06,online,Harassment or pile-on,Criminal or dangerous,Facebook,,Mazowieckie,PL,Herself,13-17,Link only,LC-53560,verified,13.6,Comment thread claims Ukrainian women bring disease and crime; uses an unrelated photo.
PL-001589,synthetic-demo,2026-06-11T11:01:09Z,2026-06-11,2026-W24,2026-06-08,2026-06,online,False claim to discredit,Sex work stereotypes,X,,Kujawsko-pomorskie,PL,Ukrainian women as a group,Unknown,Link and screenshot,LC-60535,verified,15.4,"Carousel post describes Ukrainian women as ""easy"" and links this to the war; widely shared."
PL-001590,synthetic-demo,2026-06-11T11:20:26Z,2026-06-11,2026-W24,2026-06-08,2026-06,online,False claim to discredit,Sex work stereotypes,Facebook,,Zachodniopomorskie,PL,Public figure,30-49,Link and screenshot,LC-23566,rejected,4.8,"Comment thread describes Ukrainian women as ""easy"" and links this to the war; widely shared."
PL-001591,synthetic-demo,2026-06-11T11:56:17Z,2026-06-11,2026-W24,2026-06-08,2026-06,online,"Fake job, housing or relationship offer",Fake offers (lures),WhatsApp,,Kujawsko-pomorskie,RU,Ukrainian women as a group,Unknown,Screenshot only,,verified,28.9,"Offer of a seasonal farm job near Bydgoszcz with pay far above normal, asks women to send full-length photos."
PL-001592,synthetic-demo,2026-06-11T12:23:35Z,2026-06-11,2026-W24,2026-06-08,2026-06,online,"Fake job, housing or relationship offer",Fake offers (lures),Classifieds site,,Lubelskie,RU,Ukrainian women as a group,Unknown,Screenshot only,,verified,12.8,"Message offers a free room to young Ukrainian women ""in exchange for help around the house""."
PL-001593,synthetic-demo,2026-06-11T13:26:58Z,2026-06-11,2026-W24,2026-06-08,2026-06,online,Sexualised content or stereotypes,Came to seduce / steal husbands,Other,,Świętokrzyskie,PL,Ukrainian women as a group,18-29,Description only,,rejected,105.4,"Comments under a local news story say Ukrainian women ""take"" Polish men and break up families."
PL-001594,synthetic-demo,2026-06-11T14:21:32Z,2026-06-11,2026-W24,2026-06-08,2026-06,online,"Fake job, housing or relationship offer",Fake offers (lures),Telegram,,Małopolskie,UA,Herself,18-29,Screenshot only,,verified,15,"Message offers a free room to young Ukrainian women ""in exchange for help around the house""."
PL-001595,synthetic-demo,2026-06-11T14:54:40Z,2026-06-11,2026-W24,2026-06-08,2026-06,online,Sexualised content or stereotypes,Came to seduce / steal husbands,TikTok,,Podlaskie,PL,Ukrainian women as a group,30-49,Description only,,rejected,9.2,Post mocks Ukrainian women as only interested in men with money; many replies agree.
PL-001596,synthetic-demo,2026-06-11T15:37:27Z,2026-06-11,2026-W24,2026-06-08,2026-06,online,"Fake job, housing or relationship offer",Fake offers (lures),Facebook,,Mazowieckie,UA,Ukrainian women as a group,18-29,Description only,,verified,20,"Post offers help finding a ""sponsor"" for women who have just arrived."
PL-001597,synthetic-demo,2026-06-11T15:56:01Z,2026-06-11,2026-W24,2026-06-08,2026-06,online,Sexualised content or stereotypes,Available women / brides,X,,Lubelskie,PL,Ukrainian women as a group,30-49,Link only,LC-42127,verified,25.5,"Account shares sexualised images captioned as Ukrainian women ""looking for a husband""."
PL-001598,synthetic-demo,2026-06-11T15:56:44Z,2026-06-11,2026-W24,2026-06-08,2026-06,online,Fabricated story,Criminal or dangerous,Facebook,,Warmińsko-mazurskie,PL,Someone she knows,Unknown,Screenshot only,,verified,32.7,Post claims Ukrainian women run scams targeting elderly people; no source.
PL-001599,synthetic-demo,2026-06-11T16:03:07Z,2026-06-11,2026-W24,2026-06-08,2026-06,online,"Fake job, housing or relationship offer",Fake offers (lures),Classifieds site,,Dolnośląskie,PL,Herself,18-29,Link only,LC-76304,rejected,32.5,"Offer of a model job near Wrocław with pay far above normal, asks women to send full-length photos."
PL-001600,synthetic-demo,2026-06-11T16:33:20Z,2026-06-11,2026-W24,2026-06-08,2026-06,online,"Fake job, housing or relationship offer",Fake offers (lures),Classifieds site,,Podkarpackie,UA,Herself,18-29,Link and screenshot,LC-91090,verified,11.3,"Ad for model work abroad through Poland, no company name, contact by private chat only."
PL-001601,synthetic-demo,2026-06-11T17:26:30Z,2026-06-11,2026-W24,2026-06-08,2026-06,in-person,Rumours or lies spread about her,None (in person),,Workplace,Śląskie,PL,Herself,30-49,Description only,,verified,16.2,"Parents at school said she had a ""bad reputation"" because she is Ukrainian."
PL-001602,synthetic-demo,2026-06-11T18:20:38Z,2026-06-11,2026-W24,2026-06-08,2026-06,online,Manipulated image or video,Available women / brides,Instagram,,Świętokrzyskie,RU,Herself,13-17,Screenshot only,,verified,15.7,"Page advertises ""Ukrainian brides"" using photos that appear to be taken from a refugee support group."
PL-001603,synthetic-demo,2026-06-12T07:17:21Z,2026-06-12,2026-W24,2026-06-08,2026-06,online,Harassment or pile-on,Criminal or dangerous,Facebook,,Opolskie,PL,Ukrainian women as a group,Unknown,Link and screenshot,LC-61599,verified,25.9,Comment thread claims Ukrainian women bring disease and crime; uses an unrelated photo.
PL-001604,synthetic-demo,2026-06-12T08:52:49Z,2026-06-12,2026-W24,2026-06-08,2026-06,online,"Fake job, housing or relationship offer",Fake offers (lures),Telegram,,Podkarpackie,UA,Someone she knows,18-29,Screenshot only,,verified,30.7,"Post offers help finding a ""sponsor"" for women who have just arrived."
PL-001605,synthetic-demo,2026-06-12T11:51:39Z,2026-06-12,2026-W24,2026-06-08,2026-06,online,"Fake job, housing or relationship offer",Fake offers (lures),Classifieds site,,Pomorskie,UA,Ukrainian women as a group,Unknown,Link and screenshot,LC-60918,verified,16.7,"Offer of a hotel job near Gdańsk with pay far above normal, asks women to send full-length photos."
PL-001606,synthetic-demo,2026-06-12T13:29:11Z,2026-06-12,2026-W24,2026-06-08,2026-06,online,False claim to discredit,Sex work stereotypes,X,,Świętokrzyskie,UA,Herself,13-17,Link and screenshot,LC-85570,needs more info,17.1,"Meme describes Ukrainian women as ""easy"" and links this to the war; widely shared."
PL-001607,synthetic-demo,2026-06-12T16:05:24Z,2026-06-12,2026-W24,2026-06-08,2026-06,online,"Fake job, housing or relationship offer",Fake offers (lures),Telegram,,Podkarpackie,RU,Ukrainian women as a group,Unknown,Screenshot only,,verified,15.7,"Post offers help finding a ""sponsor"" for women who have just arrived."
PL-001608,synthetic-demo,2026-06-12T16:27:59Z,2026-06-12,2026-W24,2026-06-08,2026-06,online,False claim to discredit,Abusing benefits / taking jobs,X,,Małopolskie,PL,Herself,Unknown,Screenshot only,,verified,6.4,Post claims Ukrainian women receive more benefits than Polish families; the figures are invented.
PL-001609,synthetic-demo,2026-06-12T17:00:11Z,2026-06-12,2026-W24,2026-06-08,2026-06,in-person,Unwanted sexual comments or propositions,None (in person),,Workplace,Śląskie,PL,Herself,Unknown,Description only,,rejected,2.8,"Man at her workplace made sexual comments and suggested she was ""available"" because she is Ukrainian."
PL-001610,synthetic-demo,2026-06-12T17:10:50Z,2026-06-12,2026-W24,2026-06-08,2026-06,online,Harassment or pile-on,Criminal or dangerous,Facebook,,Wielkopolskie,EN,Ukrainian women as a group,Unknown,Link and screenshot,LC-96955,verified,26.2,Fabricated story says a Ukrainian woman stole from her employer; the photo is from another country.
PL-001611,synthetic-demo,2026-06-12T18:25:28Z,2026-06-12,2026-W24,2026-06-08,2026-06,online,Fabricated story,Abusing benefits / taking jobs,Other,,Kujawsko-pomorskie,PL,Ukrainian women as a group,30-49,Screenshot only,,verified,26.5,Meme says Ukrainian mothers abuse child benefits and take kindergarten places.
PL-001612,synthetic-demo,2026-06-12T19:59:31Z,2026-06-12,2026-W24,2026-06-08,2026-06,online,Sexualised content or stereotypes,Sex work stereotypes,TikTok,,Lubelskie,PL,Herself,Unknown,Link only,LC-37084,needs more info,11.2,"Video describes Ukrainian women as ""easy"" and links this to the war; widely shared."
PL-001613,synthetic-demo,2026-06-12T23:58:33Z,2026-06-12,2026-W24,2026-06-08,2026-06,online,"Fake job, housing or relationship offer",Fake offers (lures),Telegram,,Lubelskie,UA,Herself,30-49,Screenshot only,,verified,68.5,"Ad offers a well-paid hostess job with free housing and travel, and asks for a passport photo first."
PL-001614,synthetic-demo,2026-06-13T09:53:08Z,2026-06-13,2026-W24,2026-06-08,2026-06,online,Sexualised content or stereotypes,Came to seduce / steal husbands,TikTok,,Małopolskie,PL,Ukrainian women as a group,Unknown,Description only,,rejected,45.5,Comment thread on TikTok claims Ukrainian women come to Poland to find Polish husbands.
PL-001615,synthetic-demo,2026-06-13T10:51:02Z,2026-06-13,2026-W24,2026-06-08,2026-06,in-person,Rumours or lies spread about her,None (in person),,School or university,Mazowieckie,PL,Someone she knows,18-29,Description only,,verified,10.2,"Parents at school said she had a ""bad reputation"" because she is Ukrainian."
PL-001616,synthetic-demo,2026-06-13T10:58:15Z,2026-06-13,2026-W24,2026-06-08,2026-06,online,Manipulated image or video,Available women / brides,X,,Podkarpackie,PL,Someone she knows,18-29,Screenshot only,,verified,39.3,"Comment thread ranks Ukrainian women by appearance and invites men to ""choose one""."
PL-001617,synthetic-demo,2026-06-13T14:05:07Z,2026-06-13,2026-W24,2026-06-08,2026-06,online,Fabricated story,Came to seduce / steal husbands,Telegram,,Mazowieckie,UA,Public figure,18-29,Link and screenshot,LC-89952,needs more info,8,Video mocks Ukrainian women as only interested in men with money; many replies agree.
PL-001618,synthetic-demo,2026-06-13T15:41:09Z,2026-06-13,2026-W24,2026-06-08,2026-06,online,Sexualised content or stereotypes,Came to seduce / steal husbands,X,,Pomorskie,PL,Ukrainian women as a group,Unknown,Link and screenshot,LC-47181,verified,12.1,"Comments under a local news story say Ukrainian women ""take"" Polish men and break up families."
PL-001619,synthetic-demo,2026-06-13T15:45:46Z,2026-06-13,2026-W24,2026-06-08,2026-06,online,"Fake job, housing or relationship offer",Fake offers (lures),Classifieds site,,Podkarpackie,RU,Herself,18-29,Link and screenshot,LC-14756,verified,15.7,"Ad offers a well-paid hotel job with free housing and travel, and asks for a passport photo first."
PL-001620,synthetic-demo,2026-06-13T18:57:42Z,2026-06-13,2026-W24,2026-06-08,2026-06,online,Sexualised content or stereotypes,Came to seduce / steal husbands,X,,Mazowieckie,PL,Public figure,18-29,Link and screenshot,LC-27427,verified,37.4,"Comments under a local news story say Ukrainian women ""take"" Polish men and break up families."
PL-001621,synthetic-demo,2026-06-14T07:24:20Z,2026-06-14,2026-W24,2026-06-08,2026-06,online,Other (online),Other or unclear,TikTok,,Dolnośląskie,PL,Ukrainian women as a group,Unknown,Link and screenshot,LC-43574,verified,8,Post targets a Ukrainian woman activist with insults and false claims about her past.
PL-001622,synthetic-demo,2026-06-14T14:17:39Z,2026-06-14,2026-W24,2026-06-08,2026-06,in-person,Being followed or watched,None (in person),,Shop or service,Podkarpackie,PL,Herself,Unknown,Description only,,verified,4.6,Man she did not know kept appearing near her building and watching the entrance.
PL-001623,synthetic-demo,2026-06-14T14:46:18Z,2026-06-14,2026-W24,2026-06-08,2026-06,online,Sexualised content or stereotypes,Sex work stereotypes,Telegram,,Podlaskie,PL,Someone she knows,30-49,Link only,LC-80785,verified,21.4,"Meme describes Ukrainian women as ""easy"" and links this to the war; widely shared."
PL-001624,synthetic-demo,2026-06-14T17:11:11Z,2026-06-14,2026-W24,2026-06-08,2026-06,in-person,Verbal harassment or insults,None (in person),,Accommodation or housing,Świętokrzyskie,PL,Herself,Unknown,Description only,,verified,8.9,Group of men called her names linked to her nationality in the street.
PL-001625,synthetic-demo,2026-06-14T19:40:49Z,2026-06-14,2026-W24,2026-06-08,2026-06,online,"Fake job, housing or relationship offer",Fake offers (lures),Telegram,,Podkarpackie,UA,Herself,Unknown,Link and screenshot,LC-17925,verified,5.7,"Message offers a free room to young Ukrainian women ""in exchange for help around the house""."
PL-001626,synthetic-demo,2026-06-14T21:21:33Z,2026-06-14,2026-W24,2026-06-08,2026-06,online,False claim to discredit,Abusing benefits / taking jobs,Telegram,,Mazowieckie,PL,Herself,18-29,Link and screenshot,LC-85134,verified,72.4,Carousel post says Ukrainian mothers abuse child benefits and take kindergarten places.
PL-001627,synthetic-demo,2026-06-15T09:10:23Z,2026-06-15,2026-W25,2026-06-15,2026-06,online,"Fake job, housing or relationship offer",Fake offers (lures),Classifieds site,,Lubelskie,UA,Ukrainian women as a group,18-29,Link and screenshot,LC-84939,verified,10.4,"Ad for model work abroad through Poland, no company name, contact by private chat only."
PL-001628,synthetic-demo,2026-06-15T10:58:19Z,2026-06-15,2026-W25,2026-06-15,2026-06,online,"Fake job, housing or relationship offer",Fake offers (lures),Telegram,,Lubelskie,RU,Someone she knows,18-29,Link and screenshot,LC-22590,verified,10.3,"Ad for seasonal farm work abroad through Poland, no company name, contact by private chat only."
PL-001629,synthetic-demo,2026-06-15T11:16:17Z,2026-06-15,2026-W25,2026-06-15,2026-06,in-person,Verbal harassment or insults,None (in person),,Shop or service,Podkarpackie,PL,Herself,18-29,Description only,,rejected,46.1,Insulted by a customer at work after they heard her accent.
PL-001630,synthetic-demo,2026-06-15T14:57:17Z,2026-06-15,2026-W25,2026-06-15,2026-06,online,"Fake job, housing or relationship offer",Fake offers (lures),Facebook,,Wielkopolskie,UA,Ukrainian women as a group,Unknown,Description only,,rejected,12.1,"Ad for nanny work abroad through Poland, no company name, contact by private chat only."
PL-001631,synthetic-demo,2026-06-15T15:29:28Z,2026-06-15,2026-W25,2026-06-15,2026-06,online,False claim to discredit,Abusing benefits / taking jobs,Telegram,,Dolnośląskie,PL,Ukrainian women as a group,18-29,Screenshot only,,verified,6.2,"Chart with false numbers about benefits paid to Ukrainian women, shared as if official."
PL-001632,synthetic-demo,2026-06-15T18:08:54Z,2026-06-15,2026-W25,2026-06-15,2026-06,online,Manipulated image or video,Stolen photos / fake profiles,TikTok,,Mazowieckie,PL,Someone she knows,18-29,Link and screenshot,LC-30574,verified,19.6,Edited photo puts a Ukrainian woman's face on a sexualised image; shared in a group.
PL-001633,synthetic-demo,2026-06-15T19:54:28Z,2026-06-15,2026-W25,2026-06-15,2026-06,online,False claim to discredit,Sex work stereotypes,Facebook,,Dolnośląskie,RU,Ukrainian women as a group,Unknown,Screenshot only,,verified,10.7,Meme claims Ukrainian women arriving in Poland mostly work in the sex industry.
PL-001634,synthetic-demo,2026-06-15T22:56:26Z,2026-06-15,2026-W25,2026-06-15,2026-06,in-person,Unwanted sexual comments or propositions,None (in person),,Street or public transport,Mazowieckie,PL,Herself,30-49,Description only,,needs more info,86.5,"Man at her workplace made sexual comments and suggested she was ""available"" because she is Ukrainian."
PL-001635,synthetic-demo,2026-06-16T11:13:08Z,2026-06-16,2026-W25,2026-06-15,2026-06,online,"Fake job, housing or relationship offer",Fake offers (lures),Telegram,,Lubelskie,UA,Ukrainian women as a group,18-29,Link only,LC-41935,verified,5.1,"Post offers help finding a ""sponsor"" for women who have just arrived."
PL-001636,synthetic-demo,2026-06-16T12:38:43Z,2026-06-16,2026-W25,2026-06-15,2026-06,online,False claim to discredit,Abusing benefits / taking jobs,X,,Mazowieckie,PL,Ukrainian women as a group,18-29,Description only,,needs more info,9,Post claims Ukrainian women receive more benefits than Polish families; the figures are invented.
PL-001637,synthetic-demo,2026-06-16T14:50:37Z,2026-06-16,2026-W25,2026-06-15,2026-06,online,Manipulated image or video,Stolen photos / fake profiles,Instagram,,Małopolskie,PL,Herself,30-49,Link and screenshot,LC-21144,verified,15.6,Fake account copies a woman's profile photos and messages men pretending to be her.
PL-001638,synthetic-demo,2026-06-16T16:55:03Z,2026-06-16,2026-W25,2026-06-15,2026-06,in-person,Being followed or watched,None (in person),,Accommodation or housing,Podkarpackie,PL,Someone she knows,18-29,Description only,,rejected,18.2,Man she did not know kept appearing near her building and watching the entrance.
PL-001639,synthetic-demo,2026-06-16T17:58:59Z,2026-06-16,2026-W25,2026-06-15,2026-06,online,Harassment or pile-on,Available women / brides,Instagram,,Kujawsko-pomorskie,PL,Ukrainian women as a group,Unknown,Link only,LC-67897,verified,18.1,"Account shares sexualised images captioned as Ukrainian women ""looking for a husband""."
PL-001640,synthetic-demo,2026-06-16T19:08:49Z,2026-06-16,2026-W25,2026-06-15,2026-06,online,Sexualised content or stereotypes,Came to seduce / steal husbands,Instagram,,Wielkopolskie,PL,Public figure,18-29,Screenshot only,,verified,12.9,Comment thread on Instagram claims Ukrainian women come to Poland to find Polish husbands.
PL-001641,synthetic-demo,2026-06-16T21:46:28Z,2026-06-16,2026-W25,2026-06-15,2026-06,online,Harassment or pile-on,Criminal or dangerous,Instagram,,Wielkopolskie,PL,Herself,50+,Description only,,pending,,Post claims Ukrainian women bring disease and crime; uses an unrelated photo.
PL-001642,synthetic-demo,2026-06-17T03:34:26Z,2026-06-17,2026-W25,2026-06-15,2026-06,online,Fabricated story,Criminal or dangerous,Other,,Podkarpackie,PL,Herself,30-49,Link and screenshot,LC-77381,rejected,9.2,Meme claims Ukrainian women bring disease and crime; uses an unrelated photo.
PL-001643,synthetic-demo,2026-06-17T10:02:41Z,2026-06-17,2026-W25,2026-06-15,2026-06,online,"Fake job, housing or relationship offer",Fake offers (lures),Telegram,,Mazowieckie,UA,Herself,18-29,Link and screenshot,LC-86180,verified,33,"Ad offers a well-paid seasonal farm job with free housing and travel, and asks for a passport photo first."
PL-001644,synthetic-demo,2026-06-17T14:57:11Z,2026-06-17,2026-W25,2026-06-15,2026-06,online,Harassment or pile-on,Other or unclear,Instagram,,Dolnośląskie,UA,Herself,13-17,Screenshot only,,verified,19.8,Hostile messages sent to several Ukrainian women in a local community group.
PL-001645,synthetic-demo,2026-06-17T15:05:52Z,2026-06-17,2026-W25,2026-06-15,2026-06,in-person,Threats or intimidation,None (in person),,Accommodation or housing,Pomorskie,PL,Someone she knows,13-17,Description only,,verified,10.3,"Man told her to leave the neighbourhood or ""something would happen""."
PL-001646,synthetic-demo,2026-06-17T15:42:52Z,2026-06-17,2026-W25,2026-06-15,2026-06,in-person,Threats or intimidation,None (in person),,Other,Pomorskie,PL,Herself,13-17,Description only,,verified,27.2,Former partner threatened to share private photos.
PL-001647,synthetic-demo,2026-06-17T16:13:51Z,2026-06-17,2026-W25,2026-06-15,2026-06,online,"Fake job, housing or relationship offer",Fake offers (lures),Classifieds site,,Lubelskie,UA,Ukrainian women as a group,Unknown,Link and screenshot,LC-22564,verified,6,"Ad offers a well-paid hotel job with free housing and travel, and asks for a passport photo first."
PL-001648,synthetic-demo,2026-06-17T16:26:02Z,2026-06-17,2026-W25,2026-06-15,2026-06,online,Harassment or pile-on,Sex work stereotypes,X,,Podlaskie,PL,Herself,18-29,Link only,LC-93137,needs more info,8.5,Comments call a Ukrainian woman a sex worker after she posted about her new job.
PL-001649,synthetic-demo,2026-06-17T16:53:31Z,2026-06-17,2026-W25,2026-06-15,2026-06,online,"Fake job, housing or relationship offer",Fake offers (lures),Telegram,,Lubelskie,UA,Herself,Unknown,Link and screenshot,LC-73453,rejected,9.6,"Ad offers a well-paid hotel job with free housing and travel, and asks for a passport photo first."
PL-001650,synthetic-demo,2026-06-18T05:46:56Z,2026-06-18,2026-W25,2026-06-15,2026-06,online,"Fake job, housing or relationship offer",Fake offers (lures),Classifieds site,,Śląskie,PL,Herself,18-29,Link and screenshot,LC-60533,verified,18.4,"Ad offers a well-paid hostess job with free housing and travel, and asks for a passport photo first."
PL-001651,synthetic-demo,2026-06-18T12:00:59Z,2026-06-18,2026-W25,2026-06-15,2026-06,online,Fabricated story,Criminal or dangerous,Facebook,,Zachodniopomorskie,PL,Ukrainian women as a group,18-29,Description only,,rejected,13.8,Old crime story from another country reshared as if it happened in Szczecin with a Ukrainian woman.
PL-001652,synthetic-demo,2026-06-18T12:18:18Z,2026-06-18,2026-W25,2026-06-15,2026-06,in-person,Being followed or watched,None (in person),,Street or public transport,Lubelskie,PL,Herself,18-29,Description only,,needs more info,36.5,Same car seen waiting outside her workplace several evenings.
PL-001653,synthetic-demo,2026-06-18T13:25:46Z,2026-06-18,2026-W25,2026-06-15,2026-06,online,Sexualised content or stereotypes,Came to seduce / steal husbands,Facebook,,Podkarpackie,UA,Someone she knows,18-29,Link only,LC-34457,rejected,77.6,Post uses a sexualised stereotype of Ukrainian women to joke about Polish wives.
PL-001654,synthetic-demo,2026-06-18T13:47:21Z,2026-06-18,2026-W25,2026-06-15,2026-06,online,Fabricated story,Abusing benefits / taking jobs,X,,Śląskie,PL,Ukrainian women as a group,18-29,Link and screenshot,LC-29105,verified,19.9,Comment thread claims Ukrainian women take jobs from Polish women while living on benefits.
PL-001655,synthetic-demo,2026-06-18T15:07:54Z,2026-06-18,2026-W25,2026-06-15,2026-06,online,"Fake job, housing or relationship offer",Fake offers (lures),Classifieds site,,Podkarpackie,UA,Ukrainian women as a group,50+,Description only,,needs more info,7.2,"Offer of a model job near Rzeszów with pay far above normal, asks women to send full-length photos."
PL-001656,synthetic-demo,2026-06-18T16:43:03Z,2026-06-18,2026-W25,2026-06-15,2026-06,online,Sexualised content or stereotypes,Available women / brides,Facebook,,Wielkopolskie,PL,Ukrainian women as a group,Unknown,Screenshot only,,verified,36.9,"Account shares sexualised images captioned as Ukrainian women ""looking for a husband""."
PL-001657,synthetic-demo,2026-06-18T19:03:02Z,2026-06-18,2026-W25,2026-06-15,2026-06,online,False claim to discredit,Abusing benefits / taking jobs,X,,Mazowieckie,PL,Ukrainian women as a group,Unknown,Link only,LC-28749,verified,20.1,Carousel post says Ukrainian mothers abuse child benefits and take kindergarten places.
PL-001658,synthetic-demo,2026-06-19T12:27:05Z,2026-06-19,2026-W25,2026-06-15,2026-06,in-person,Unwanted sexual comments or propositions,None (in person),,Street or public transport,Kujawsko-pomorskie,RU,Herself,13-17,Description only,,verified,10.2,"Stranger asked whether she was ""one of those Ukrainian girls"" and made sexual remarks."
PL-001659,synthetic-demo,2026-06-19T13:44:19Z,2026-06-19,2026-W25,2026-06-15,2026-06,online,"Fake job, housing or relationship offer",Fake offers (lures),Telegram,,Podkarpackie,UA,Ukrainian women as a group,18-29,Screenshot only,,verified,8,"Offer of a massage salon job near Rzeszów with pay far above normal, asks women to send full-length photos."
PL-001660,synthetic-demo,2026-06-19T14:12:49Z,2026-06-19,2026-W25,2026-06-15,2026-06,online,Sexualised content or stereotypes,Sex work stereotypes,Instagram,,Dolnośląskie,PL,Public figure,30-49,Link and screenshot,LC-37516,verified,30.9,"Carousel post describes Ukrainian women as ""easy"" and links this to the war; widely shared."
PL-001661,synthetic-demo,2026-06-19T15:45:20Z,2026-06-19,2026-W25,2026-06-15,2026-06,online,"Fake job, housing or relationship offer",Fake offers (lures),Classifieds site,,Podkarpackie,UA,Ukrainian women as a group,30-49,Link only,LC-24791,verified,42.2,"Post offers help finding a ""sponsor"" for women who have just arrived."
PL-001662,synthetic-demo,2026-06-19T16:54:00Z,2026-06-19,2026-W25,2026-06-15,2026-06,online,False claim to discredit,Abusing benefits / taking jobs,Facebook,,Podkarpackie,PL,Public figure,18-29,Link only,LC-78101,verified,15.1,Comment thread says Ukrainian mothers abuse child benefits and take kindergarten places.
PL-001663,synthetic-demo,2026-06-19T18:36:02Z,2026-06-19,2026-W25,2026-06-15,2026-06,online,"Fake job, housing or relationship offer",Fake offers (lures),Telegram,,Lubelskie,UA,Ukrainian women as a group,Unknown,Link and screenshot,LC-53227,verified,45.2,"Offer of a massage salon job near Lublin with pay far above normal, asks women to send full-length photos."
PL-001664,synthetic-demo,2026-06-19T23:45:31Z,2026-06-19,2026-W25,2026-06-15,2026-06,online,Fabricated story,Came to seduce / steal husbands,Telegram,,Wielkopolskie,PL,Ukrainian women as a group,Unknown,Screenshot only,,verified,4.7,Comment thread mocks Ukrainian women as only interested in men with money; many replies agree.
PL-001665,synthetic-demo,2026-06-20T15:32:30Z,2026-06-20,2026-W25,2026-06-15,2026-06,online,"Fake job, housing or relationship offer",Fake offers (lures),Classifieds site,,Podkarpackie,UA,Herself,18-29,Link only,LC-73796,verified,33.4,"Ad for nanny work abroad through Poland, no company name, contact by private chat only."
PL-001666,synthetic-demo,2026-06-20T15:45:08Z,2026-06-20,2026-W25,2026-06-15,2026-06,online,Manipulated image or video,Stolen photos / fake profiles,Instagram,,Mazowieckie,PL,Herself,18-29,Link only,LC-86831,verified,2.2,Dating profile uses photos of a Ukrainian woman without her consent.
PL-001667,synthetic-demo,2026-06-20T15:45:52Z,2026-06-20,2026-W25,2026-06-15,2026-06,online,"Fake job, housing or relationship offer",Fake offers (lures),Telegram,,Lubelskie,RU,Ukrainian women as a group,Unknown,Link and screenshot,LC-52304,verified,32.9,"Ad for model work abroad through Poland, no company name, contact by private chat only."
PL-001668,synthetic-demo,2026-06-20T16:55:27Z,2026-06-20,2026-W25,2026-06-15,2026-06,online,Sexualised content or stereotypes,Available women / brides,Telegram,,Małopolskie,RU,Ukrainian women as a group,Unknown,Screenshot only,,verified,15.3,"Account shares sexualised images captioned as Ukrainian women ""looking for a husband""."
PL-001669,synthetic-demo,2026-06-20T18:41:33Z,2026-06-20,2026-W25,2026-06-15,2026-06,in-person,Unwanted sexual comments or propositions,None (in person),,Accommodation or housing,Śląskie,PL,Herself,30-49,Description only,,verified,29.2,"Stranger asked whether she was ""one of those Ukrainian girls"" and made sexual remarks."
PL-001670,synthetic-demo,2026-06-20T21:30:44Z,2026-06-20,2026-W25,2026-06-15,2026-06,in-person,Verbal harassment or insults,None (in person),,Workplace,Mazowieckie,PL,Herself,18-29,Photo,,needs more info,27,Group of men called her names linked to her nationality in the street.
PL-001671,synthetic-demo,2026-06-21T08:54:34Z,2026-06-21,2026-W25,2026-06-15,2026-06,in-person,Being followed or watched,None (in person),,Other,Mazowieckie,PL,Herself,18-29,Description only,,verified,20.6,Same car seen waiting outside her workplace several evenings.
PL-001672,synthetic-demo,2026-06-21T10:22:44Z,2026-06-21,2026-W25,2026-06-15,2026-06,online,Sexualised content or stereotypes,Came to seduce / steal husbands,Telegram,,Zachodniopomorskie,PL,Public figure,30-49,Description only,,verified,37.7,Meme mocks Ukrainian women as only interested in men with money; many replies agree.
PL-001673,synthetic-demo,2026-06-21T10:31:01Z,2026-06-21,2026-W25,2026-06-15,2026-06,in-person,Threats or intimidation,None (in person),,Accommodation or housing,Mazowieckie,PL,Herself,Unknown,Description only,,verified,28.1,"Man told her to leave the neighbourhood or ""something would happen""."
PL-001674,synthetic-demo,2026-06-21T13:16:28Z,2026-06-21,2026-W25,2026-06-15,2026-06,online,"Fake job, housing or relationship offer",Fake offers (lures),Telegram,,Podkarpackie,UA,Someone she knows,18-29,Link and screenshot,LC-33270,verified,6.6,"Ad for hotel work abroad through Poland, no company name, contact by private chat only."
PL-001675,synthetic-demo,2026-06-21T14:16:48Z,2026-06-21,2026-W25,2026-06-15,2026-06,online,Harassment or pile-on,Criminal or dangerous,Telegram,,Mazowieckie,RU,Ukrainian women as a group,30-49,Screenshot only,,verified,37.2,Comment thread claims Ukrainian women bring disease and crime; uses an unrelated photo.
PL-001676,synthetic-demo,2026-06-21T17:42:22Z,2026-06-21,2026-W25,2026-06-15,2026-06,online,"Fake job, housing or relationship offer",Fake offers (lures),Telegram,,Podkarpackie,UA,Ukrainian women as a group,Unknown,Link only,LC-40910,verified,81.4,"Ad offers a well-paid model job with free housing and travel, and asks for a passport photo first."
PL-001677,synthetic-demo,2026-06-21T17:45:43Z,2026-06-21,2026-W25,2026-06-15,2026-06,in-person,Verbal harassment or insults,None (in person),,Street or public transport,Zachodniopomorskie,PL,Someone she knows,Unknown,Description only,,needs more info,30.2,Group of men called her names linked to her nationality in the street.
PL-001678,synthetic-demo,2026-06-21T18:26:35Z,2026-06-21,2026-W25,2026-06-15,2026-06,online,"Fake job, housing or relationship offer",Fake offers (lures),Classifieds site,,Lubelskie,RU,Herself,18-29,Link and screenshot,LC-42482,verified,13,"Ad for nanny work abroad through Poland, no company name, contact by private chat only."
PL-001679,synthetic-demo,2026-06-21T19:34:18Z,2026-06-21,2026-W25,2026-06-15,2026-06,online,Fabricated story,Came to seduce / steal husbands,Telegram,,Podkarpackie,RU,Herself,18-29,Link and screenshot,LC-45045,verified,50.4,"Comments under a local news story say Ukrainian women ""take"" Polish men and break up families."
PL-001680,synthetic-demo,2026-06-21T22:17:44Z,2026-06-21,2026-W25,2026-06-15,2026-06,online,Fabricated story,Abusing benefits / taking jobs,Facebook,,Podkarpackie,PL,Ukrainian women as a group,Unknown,Link and screenshot,LC-64904,verified,19.4,"Chart with false numbers about benefits paid to Ukrainian women, shared as if official."
PL-001681,synthetic-demo,2026-06-22T07:22:44Z,2026-06-22,2026-W26,2026-06-22,2026-06,online,Fabricated story,Abusing benefits / taking jobs,Facebook,,Śląskie,PL,Herself,30-49,Link only,LC-60382,pending,,"Chart with false numbers about benefits paid to Ukrainian women, shared as if official."
PL-001682,synthetic-demo,2026-06-22T07:30:29Z,2026-06-22,2026-W26,2026-06-22,2026-06,online,"Fake job, housing or relationship offer",Fake offers (lures),Classifieds site,,Lubelskie,UA,Ukrainian women as a group,Unknown,Link only,LC-75249,verified,18.9,"Ad offers a well-paid cleaning job with free housing and travel, and asks for a passport photo first."
PL-001683,synthetic-demo,2026-06-22T10:12:07Z,2026-06-22,2026-W26,2026-06-22,2026-06,online,Manipulated image or video,Available women / brides,TikTok,,Lubelskie,PL,Ukrainian women as a group,30-49,Link and screenshot,LC-11191,verified,7.3,"Account shares sexualised images captioned as Ukrainian women ""looking for a husband""."
PL-001684,synthetic-demo,2026-06-22T10:22:26Z,2026-06-22,2026-W26,2026-06-22,2026-06,online,"Fake job, housing or relationship offer",Fake offers (lures),Telegram,,Podkarpackie,UA,Ukrainian women as a group,Unknown,Link only,LC-82511,verified,35.8,"Ad offers a well-paid care worker job with free housing and travel, and asks for a passport photo first."
PL-001685,synthetic-demo,2026-06-22T12:25:33Z,2026-06-22,2026-W26,2026-06-22,2026-06,online,"Fake job, housing or relationship offer",Fake offers (lures),Telegram,,Lubelskie,UA,Herself,18-29,Screenshot only,,needs more info,25.3,"Ad offers a well-paid seasonal farm job with free housing and travel, and asks for a passport photo first."
PL-001686,synthetic-demo,2026-06-22T12:55:14Z,2026-06-22,2026-W26,2026-06-22,2026-06,online,Fabricated story,Other or unclear,Facebook,,Małopolskie,PL,Someone she knows,18-29,Link and screenshot,LC-86468,verified,28.1,Hostile messages sent to several Ukrainian women in a local community group.
PL-001687,synthetic-demo,2026-06-22T13:43:05Z,2026-06-22,2026-W26,2026-06-22,2026-06,online,Fabricated story,Abusing benefits / taking jobs,Facebook,,Łódzkie,PL,Herself,18-29,Screenshot only,,verified,16.8,"Chart with false numbers about benefits paid to Ukrainian women, shared as if official."
PL-001688,synthetic-demo,2026-06-22T23:58:33Z,2026-06-22,2026-W26,2026-06-22,2026-06,online,Sexualised content or stereotypes,Came to seduce / steal husbands,Instagram,,Małopolskie,PL,Ukrainian women as a group,Unknown,Link only,LC-43039,verified,105.6,Video uses a sexualised stereotype of Ukrainian women to joke about Polish wives.
PL-001689,synthetic-demo,2026-06-23T08:55:01Z,2026-06-23,2026-W26,2026-06-22,2026-06,in-person,Verbal harassment or insults,None (in person),,School or university,Łódzkie,UA,Herself,18-29,Description only,,verified,6.6,Insulted by a customer at work after they heard her accent.
PL-001690,synthetic-demo,2026-06-23T13:05:26Z,2026-06-23,2026-W26,2026-06-22,2026-06,in-person,Threats or intimidation,None (in person),,Street or public transport,Lubelskie,PL,Herself,Unknown,Description only,,verified,31.7,"Man told her to leave the neighbourhood or ""something would happen""."
PL-001691,synthetic-demo,2026-06-23T13:11:33Z,2026-06-23,2026-W26,2026-06-22,2026-06,online,"Fake job, housing or relationship offer",Fake offers (lures),Telegram,,Lubelskie,UA,Herself,18-29,Link only,LC-51357,verified,32.7,"Post offers help finding a ""sponsor"" for women who have just arrived."
PL-001692,synthetic-demo,2026-06-23T13:25:21Z,2026-06-23,2026-W26,2026-06-22,2026-06,in-person,Verbal harassment or insults,None (in person),,Accommodation or housing,Lubelskie,PL,Someone she knows,Unknown,Description only,,verified,3.7,Shouted at on public transport in Lublin for speaking Ukrainian.
PL-001693,synthetic-demo,2026-06-23T13:54:49Z,2026-06-23,2026-W26,2026-06-22,2026-06,online,Sexualised content or stereotypes,Available women / brides,Instagram,,Lubelskie,PL,Herself,Unknown,Screenshot only,,verified,40.2,Video presents Ukrainian women as available for dating in exchange for help with housing.
PL-001694,synthetic-demo,2026-06-23T16:36:47Z,2026-06-23,2026-W26,2026-06-22,2026-06,online,"Fake job, housing or relationship offer",Fake offers (lures),Classifieds site,,Mazowieckie,UA,Ukrainian women as a group,Unknown,Link only,LC-49943,verified,12.7,"Ad for seasonal farm work abroad through Poland, no company name, contact by private chat only."
PL-001695,synthetic-demo,2026-06-23T17:00:51Z,2026-06-23,2026-W26,2026-06-22,2026-06,online,Fabricated story,Abusing benefits / taking jobs,X,,Dolnośląskie,PL,Someone she knows,30-49,Screenshot only,,verified,11.3,Short clip claims Ukrainian women take jobs from Polish women while living on benefits.
PL-001696,synthetic-demo,2026-06-23T17:29:20Z,2026-06-23,2026-W26,2026-06-22,2026-06,in-person,Rumours or lies spread about her,None (in person),,Workplace,Kujawsko-pomorskie,PL,Herself,Unknown,Description only,,verified,55.6,Neighbours spread a rumour that she came to Poland to find a husband.
PL-001697,synthetic-demo,2026-06-23T18:09:16Z,2026-06-23,2026-W26,2026-06-22,2026-06,online,Sexualised content or stereotypes,Came to seduce / steal husbands,TikTok,,Kujawsko-pomorskie,RU,Public figure,30-49,Description only,,verified,91.5,Meme uses a sexualised stereotype of Ukrainian women to joke about Polish wives.
PL-001698,synthetic-demo,2026-06-23T21:07:35Z,2026-06-23,2026-W26,2026-06-22,2026-06,in-person,Being followed or watched,None (in person),,Workplace,Podkarpackie,PL,Herself,Unknown,Description only,,needs more info,15.9,"The ""employer"" from an online ad kept her documents and threatened her when she asked for them back."
PL-001699,synthetic-demo,2026-06-23T23:58:33Z,2026-06-23,2026-W26,2026-06-22,2026-06,online,Harassment or pile-on,Criminal or dangerous,X,,Wielkopolskie,PL,Ukrainian women as a group,18-29,Screenshot only,,verified,84.5,Old crime story from another country reshared as if it happened in Poznań with a Ukrainian woman.
PL-001700,synthetic-demo,2026-06-24T05:03:31Z,2026-06-24,2026-W26,2026-06-22,2026-06,in-person,Verbal harassment or insults,None (in person),,School or university,Małopolskie,PL,Herself,30-49,Description only,,verified,38,Group of men called her names linked to her nationality in the street.
PL-001701,synthetic-demo,2026-06-24T10:18:23Z,2026-06-24,2026-W26,2026-06-22,2026-06,online,Other (online),Other or unclear,TikTok,,Opolskie,PL,Someone she knows,18-29,Link and screenshot,LC-17516,needs more info,55.4,Meme targets a Ukrainian woman activist with insults and false claims about her past.
PL-001702,synthetic-demo,2026-06-24T13:48:27Z,2026-06-24,2026-W26,2026-06-22,2026-06,online,"Fake job, housing or relationship offer",Fake offers (lures),Telegram,,Podkarpackie,UA,Herself,18-29,Link and screenshot,LC-97982,verified,25.2,"Offer of a model job near Rzeszów with pay far above normal, asks women to send full-length photos."
PL-001703,synthetic-demo,2026-06-24T15:46:38Z,2026-06-24,2026-W26,2026-06-22,2026-06,online,Fabricated story,Abusing benefits / taking jobs,Facebook,,Kujawsko-pomorskie,PL,Herself,18-29,Description only,,rejected,25.3,Post claims Ukrainian women receive more benefits than Polish families; the figures are invented.
PL-001704,synthetic-demo,2026-06-24T16:09:51Z,2026-06-24,2026-W26,2026-06-22,2026-06,online,Fabricated story,Criminal or dangerous,Facebook,,Zachodniopomorskie,PL,Ukrainian women as a group,Unknown,Link and screenshot,LC-97813,needs more info,52.1,Meme claims Ukrainian women bring disease and crime; uses an unrelated photo.
PL-001705,synthetic-demo,2026-06-24T16:35:00Z,2026-06-24,2026-W26,2026-06-22,2026-06,in-person,Verbal harassment or insults,None (in person),,Street or public transport,Kujawsko-pomorskie,PL,Herself,18-29,Description only,,needs more info,125.1,Group of men called her names linked to her nationality in the street.
PL-001706,synthetic-demo,2026-06-24T16:59:45Z,2026-06-24,2026-W26,2026-06-22,2026-06,online,"Fake job, housing or relationship offer",Fake offers (lures),Classifieds site,,Dolnośląskie,UA,Ukrainian women as a group,Unknown,Screenshot only,,verified,9.6,"Ad offers a well-paid care worker job with free housing and travel, and asks for a passport photo first."
PL-001707,synthetic-demo,2026-06-24T17:31:41Z,2026-06-24,2026-W26,2026-06-22,2026-06,online,Sexualised content or stereotypes,Sex work stereotypes,TikTok,,Pomorskie,PL,Ukrainian women as a group,18-29,Description only,,rejected,32,"Post describes Ukrainian women as ""easy"" and links this to the war; widely shared."
PL-001708,synthetic-demo,2026-06-24T18:21:10Z,2026-06-24,2026-W26,2026-06-22,2026-06,online,Harassment or pile-on,Available women / brides,X,,Dolnośląskie,PL,Ukrainian women as a group,Unknown,Link only,LC-77130,needs more info,25.2,Meme presents Ukrainian women as available for dating in exchange for help with housing.
PL-001709,synthetic-demo,2026-06-24T19:33:23Z,2026-06-24,2026-W26,2026-06-22,2026-06,online,Harassment or pile-on,Other or unclear,Instagram,,Podkarpackie,PL,Public figure,30-49,Link and screenshot,LC-79291,rejected,127.6,Pile-on in the comments after a Ukrainian woman spoke about her work in local media.
PL-001710,synthetic-demo,2026-06-24T22:38:19Z,2026-06-24,2026-W26,2026-06-22,2026-06,online,Fabricated story,Abusing benefits / taking jobs,Facebook,,Mazowieckie,PL,Someone she knows,30-49,Link and screenshot,LC-66540,verified,48.8,Video claims Ukrainian women take jobs from Polish women while living on benefits.
PL-001711,synthetic-demo,2026-06-24T23:58:33Z,2026-06-24,2026-W26,2026-06-22,2026-06,in-person,Verbal harassment or insults,None (in person),,Shop or service,Dolnośląskie,PL,Herself,30-49,Description only,,verified,3.4,Group of men called her names linked to her nationality in the street.
PL-001712,synthetic-demo,2026-06-25T07:40:25Z,2026-06-25,2026-W26,2026-06-22,2026-06,online,Harassment or pile-on,Sex work stereotypes,Instagram,,Zachodniopomorskie,PL,Ukrainian women as a group,Unknown,Link only,LC-11497,verified,24.2,Post claims Ukrainian women arriving in Poland mostly work in the sex industry.
PL-001713,synthetic-demo,2026-06-25T09:03:21Z,2026-06-25,2026-W26,2026-06-22,2026-06,online,Manipulated image or video,Stolen photos / fake profiles,TikTok,,Małopolskie,PL,Herself,Unknown,Screenshot only,,verified,12.7,Edited photo puts a Ukrainian woman's face on a sexualised image; shared in a group.
PL-001714,synthetic-demo,2026-06-25T12:31:05Z,2026-06-25,2026-W26,2026-06-22,2026-06,online,Doxxing or exposure,Stolen photos / fake profiles,X,,Małopolskie,RU,Someone she knows,13-17,Screenshot only,,rejected,4.2,Edited photo puts a Ukrainian woman's face on a sexualised image; shared in a group.
PL-001715,synthetic-demo,2026-06-25T13:41:03Z,2026-06-25,2026-W26,2026-06-22,2026-06,online,"Fake job, housing or relationship offer",Fake offers (lures),Classifieds site,,Śląskie,PL,Ukrainian women as a group,50+,Link only,LC-26355,verified,22.8,"Ad offers a well-paid model job with free housing and travel, and asks for a passport photo first."
PL-001716,synthetic-demo,2026-06-25T17:08:59Z,2026-06-25,2026-W26,2026-06-22,2026-06,online,Sexualised content or stereotypes,Came to seduce / steal husbands,X,,Małopolskie,PL,Herself,18-29,Link and screenshot,LC-53722,needs more info,20.6,Meme on X claims Ukrainian women come to Poland to find Polish husbands.
PL-001717,synthetic-demo,2026-06-25T18:18:18Z,2026-06-25,2026-W26,2026-06-22,2026-06,online,Manipulated image or video,Stolen photos / fake profiles,TikTok,,Śląskie,PL,Someone she knows,30-49,Link and screenshot,LC-79047,verified,9,Fake account copies a woman's profile photos and messages men pretending to be her.
PL-001718,synthetic-demo,2026-06-25T23:58:33Z,2026-06-25,2026-W26,2026-06-22,2026-06,in-person,Threats or intimidation,None (in person),,Workplace,Podkarpackie,PL,Herself,Unknown,Description only,,needs more info,30.1,Followed after meeting someone who offered work through a chat channel.
PL-001719,synthetic-demo,2026-06-26T06:39:36Z,2026-06-26,2026-W26,2026-06-22,2026-06,in-person,Verbal harassment or insults,None (in person),,School or university,Mazowieckie,PL,Someone she knows,30-49,Description only,,verified,4.5,Shouted at on public transport in Warsaw for speaking Ukrainian.
PL-001720,synthetic-demo,2026-06-26T07:53:45Z,2026-06-26,2026-W26,2026-06-22,2026-06,in-person,Verbal harassment or insults,None (in person),,School or university,Śląskie,PL,Someone she knows,50+,Description only,,verified,12.1,Insulted by a customer at work after they heard her accent.
PL-001721,synthetic-demo,2026-06-26T12:49:18Z,2026-06-26,2026-W26,2026-06-22,2026-06,online,Manipulated image or video,Stolen photos / fake profiles,Instagram,,Podkarpackie,PL,Herself,Unknown,Link and screenshot,LC-44878,verified,46.1,Photos from a Ukrainian woman's private account reposted on a page with sexual captions.
PL-001722,synthetic-demo,2026-06-26T14:05:22Z,2026-06-26,2026-W26,2026-06-22,2026-06,online,Fabricated story,Abusing benefits / taking jobs,Facebook,,Mazowieckie,UA,Ukrainian women as a group,Unknown,Link and screenshot,LC-65977,verified,11,Post claims Ukrainian women receive more benefits than Polish families; the figures are invented.
PL-001723,synthetic-demo,2026-06-26T16:27:05Z,2026-06-26,2026-W26,2026-06-22,2026-06,in-person,Verbal harassment or insults,None (in person),,Street or public transport,Mazowieckie,PL,Someone she knows,30-49,Description only,,verified,8.7,Insulted by a customer at work after they heard her accent.
PL-001724,synthetic-demo,2026-06-26T18:07:30Z,2026-06-26,2026-W26,2026-06-22,2026-06,in-person,Verbal harassment or insults,None (in person),,Street or public transport,Mazowieckie,PL,Herself,18-29,Description only,,verified,8.6,Insulted by a customer at work after they heard her accent.
PL-001725,synthetic-demo,2026-06-26T20:04:11Z,2026-06-26,2026-W26,2026-06-22,2026-06,online,"Fake job, housing or relationship offer",Fake offers (lures),Classifieds site,,Podkarpackie,RU,Herself,13-17,Link and screenshot,LC-75674,verified,46.1,"Offer of a cleaning job near Rzeszów with pay far above normal, asks women to send full-length photos."
PL-001726,synthetic-demo,2026-06-27T04:28:03Z,2026-06-27,2026-W26,2026-06-22,2026-06,in-person,Other (in person),None (in person),,Other,Małopolskie,PL,Someone she knows,18-29,Description only,,verified,14.2,Refused service and humiliated in a shop because she is Ukrainian.
PL-001727,synthetic-demo,2026-06-27T07:50:48Z,2026-06-27,2026-W26,2026-06-22,2026-06,online,"Fake job, housing or relationship offer",Fake offers (lures),Telegram,,Podkarpackie,UA,Herself,30-49,Link only,LC-36951,rejected,23.4,"Post offers help finding a ""sponsor"" for women who have just arrived."
PL-001728,synthetic-demo,2026-06-27T11:21:28Z,2026-06-27,2026-W26,2026-06-22,2026-06,online,Manipulated image or video,Stolen photos / fake profiles,TikTok,,Lubuskie,PL,Herself,50+,Link and screenshot,LC-47249,rejected,52.2,Fake account copies a woman's profile photos and messages men pretending to be her.
PL-001729,synthetic-demo,2026-06-27T12:41:42Z,2026-06-27,2026-W26,2026-06-22,2026-06,in-person,Threats or intimidation,None (in person),,Workplace,Podkarpackie,PL,Someone she knows,18-29,Description only,,verified,8.7,Followed after meeting someone who offered work through a chat channel.
PL-001730,synthetic-demo,2026-06-27T13:07:27Z,2026-06-27,2026-W26,2026-06-22,2026-06,online,Manipulated image or video,Stolen photos / fake profiles,Telegram,,Dolnośląskie,RU,Herself,18-29,Link only,LC-96702,pending,,Photos from a Ukrainian woman's private account reposted on a page with sexual captions.
PL-001731,synthetic-demo,2026-06-27T13:19:01Z,2026-06-27,2026-W26,2026-06-22,2026-06,in-person,Being followed or watched,None (in person),,Accommodation or housing,Mazowieckie,PL,Herself,18-29,Photo,,pending,,Same car seen waiting outside her workplace several evenings.
PL-001732,synthetic-demo,2026-06-27T14:22:50Z,2026-06-27,2026-W26,2026-06-22,2026-06,online,False claim to discredit,Abusing benefits / taking jobs,Facebook,,Wielkopolskie,EN,Ukrainian women as a group,Unknown,Link and screenshot,LC-56285,verified,24.3,"Chart with false numbers about benefits paid to Ukrainian women, shared as if official."
PL-001733,synthetic-demo,2026-06-27T14:31:39Z,2026-06-27,2026-W26,2026-06-22,2026-06,online,Harassment or pile-on,Came to seduce / steal husbands,Instagram,,Kujawsko-pomorskie,PL,Ukrainian women as a group,Unknown,Screenshot only,,verified,8.3,Video mocks Ukrainian women as only interested in men with money; many replies agree.
PL-001734,synthetic-demo,2026-06-27T14:58:31Z,2026-06-27,2026-W26,2026-06-22,2026-06,online,Fabricated story,Criminal or dangerous,Facebook,,Podkarpackie,UA,Herself,18-29,Description only,,verified,25.7,Old crime story from another country reshared as if it happened in Rzeszów with a Ukrainian woman.
PL-001735,synthetic-demo,2026-06-27T16:31:58Z,2026-06-27,2026-W26,2026-06-22,2026-06,online,"Fake job, housing or relationship offer",Fake offers (lures),Telegram,,Podkarpackie,UA,Ukrainian women as a group,Unknown,Screenshot only,,verified,17.2,"Message offers a free room to young Ukrainian women ""in exchange for help around the house""."
PL-001736,synthetic-demo,2026-06-27T16:40:41Z,2026-06-27,2026-W26,2026-06-22,2026-06,online,Harassment or pile-on,Criminal or dangerous,X,,Pomorskie,PL,Herself,18-29,Screenshot only,,verified,8.5,Video claims Ukrainian women bring disease and crime; uses an unrelated photo.
PL-001737,synthetic-demo,2026-06-27T19:21:15Z,2026-06-27,2026-W26,2026-06-22,2026-06,online,"Fake job, housing or relationship offer",Fake offers (lures),Classifieds site,,Lubelskie,UA,Herself,18-29,Description only,,needs more info,12.6,"Offer of a model job near Lublin with pay far above normal, asks women to send full-length photos."
PL-001738,synthetic-demo,2026-06-28T08:12:06Z,2026-06-28,2026-W26,2026-06-22,2026-06,online,Manipulated image or video,Stolen photos / fake profiles,TikTok,,Kujawsko-pomorskie,PL,Someone she knows,30-49,Screenshot only,,verified,10.6,Edited photo puts a Ukrainian woman's face on a sexualised image; shared in a group.
PL-001739,synthetic-demo,2026-06-28T11:32:05Z,2026-06-28,2026-W26,2026-06-22,2026-06,online,Sexualised content or stereotypes,Available women / brides,Instagram,,Dolnośląskie,PL,Someone she knows,18-29,Link only,LC-73783,verified,23.4,"Short clip ranks Ukrainian women by appearance and invites men to ""choose one""."
PL-001740,synthetic-demo,2026-06-28T11:36:32Z,2026-06-28,2026-W26,2026-06-22,2026-06,online,Fabricated story,Criminal or dangerous,Telegram,,Śląskie,PL,Ukrainian women as a group,Unknown,Screenshot only,,rejected,6.3,Video claims Ukrainian women run scams targeting elderly people; no source.
PL-001741,synthetic-demo,2026-06-28T13:23:03Z,2026-06-28,2026-W26,2026-06-22,2026-06,in-person,Physical or sexual violence,None (in person),,Shop or service,Śląskie,PL,Herself,18-29,Photo,,verified,12,Touched without consent by a co-worker; the manager did nothing.
PL-001742,synthetic-demo,2026-06-28T15:03:48Z,2026-06-28,2026-W26,2026-06-22,2026-06,online,"Fake job, housing or relationship offer",Fake offers (lures),Classifieds site,,Małopolskie,RU,Ukrainian women as a group,Unknown,Screenshot only,,pending,,"Offer of a hotel job near Kraków with pay far above normal, asks women to send full-length photos."
PL-001743,synthetic-demo,2026-06-28T15:24:21Z,2026-06-28,2026-W26,2026-06-22,2026-06,online,Sexualised content or stereotypes,Sex work stereotypes,Facebook,,Śląskie,EN,Public figure,18-29,Description only,,needs more info,104.4,Post suggests a reception point in Katowice is used for sex work; no evidence given.
PL-001744,synthetic-demo,2026-06-28T17:17:29Z,2026-06-28,2026-W26,2026-06-22,2026-06,online,"Fake job, housing or relationship offer",Fake offers (lures),WhatsApp,,Pomorskie,UA,Ukrainian women as a group,Unknown,Link only,LC-51654,verified,37.3,"Message offers a free room to young Ukrainian women ""in exchange for help around the house""."
PL-001745,synthetic-demo,2026-06-28T21:54:28Z,2026-06-28,2026-W26,2026-06-22,2026-06,online,False claim to discredit,Abusing benefits / taking jobs,Facebook,,Dolnośląskie,PL,Ukrainian women as a group,Unknown,Description only,,verified,18.5,"Chart with false numbers about benefits paid to Ukrainian women, shared as if official."
PL-001746,synthetic-demo,2026-06-28T23:58:33Z,2026-06-28,2026-W26,2026-06-22,2026-06,online,Sexualised content or stereotypes,Available women / brides,TikTok,,Dolnośląskie,PL,Ukrainian women as a group,30-49,Description only,,verified,26.6,Short clip presents Ukrainian women as available for dating in exchange for help with housing.
PL-001747,synthetic-demo,2026-06-29T08:31:18Z,2026-06-29,2026-W27,2026-06-29,2026-06,online,"Fake job, housing or relationship offer",Fake offers (lures),Classifieds site,,Lubelskie,RU,Ukrainian women as a group,Unknown,Link and screenshot,LC-80258,verified,24.9,"Ad offers a well-paid hostess job with free housing and travel, and asks for a passport photo first."
PL-001748,synthetic-demo,2026-06-29T11:31:34Z,2026-06-29,2026-W27,2026-06-29,2026-06,online,Sexualised content or stereotypes,Available women / brides,Facebook,,Wielkopolskie,PL,Ukrainian women as a group,Unknown,Screenshot only,,verified,17.2,"Account shares sexualised images captioned as Ukrainian women ""looking for a husband""."
PL-001749,synthetic-demo,2026-06-29T11:33:34Z,2026-06-29,2026-W27,2026-06-29,2026-06,online,False claim to discredit,Sex work stereotypes,Facebook,,Pomorskie,RU,Ukrainian women as a group,Unknown,Link and screenshot,LC-75729,verified,15.3,Carousel post claims Ukrainian women arriving in Poland mostly work in the sex industry.
PL-001750,synthetic-demo,2026-06-29T12:53:44Z,2026-06-29,2026-W27,2026-06-29,2026-06,online,"Fake job, housing or relationship offer",Fake offers (lures),WhatsApp,,Małopolskie,UA,Ukrainian women as a group,Unknown,Link and screenshot,LC-13658,verified,23.4,"Post offers help finding a ""sponsor"" for women who have just arrived."
PL-001751,synthetic-demo,2026-06-29T13:00:45Z,2026-06-29,2026-W27,2026-06-29,2026-06,online,Harassment or pile-on,Abusing benefits / taking jobs,X,,Lubelskie,PL,Ukrainian women as a group,Unknown,Screenshot only,,verified,57.6,Meme says Ukrainian mothers abuse child benefits and take kindergarten places.
PL-001752,synthetic-demo,2026-06-29T13:15:08Z,2026-06-29,2026-W27,2026-06-29,2026-06,online,"Fake job, housing or relationship offer",Fake offers (lures),Telegram,,Podkarpackie,RU,Ukrainian women as a group,30-49,Link and screenshot,LC-18149,verified,7.7,"Message offers a free room to young Ukrainian women ""in exchange for help around the house""."
PL-001753,synthetic-demo,2026-06-29T14:14:10Z,2026-06-29,2026-W27,2026-06-29,2026-06,online,"Fake job, housing or relationship offer",Fake offers (lures),Classifieds site,,Podkarpackie,UA,Ukrainian women as a group,Unknown,Link only,LC-79549,verified,23.5,"Ad for care worker work abroad through Poland, no company name, contact by private chat only."
PL-001754,synthetic-demo,2026-06-29T15:03:20Z,2026-06-29,2026-W27,2026-06-29,2026-06,online,Harassment or pile-on,Available women / brides,TikTok,,Wielkopolskie,PL,Ukrainian women as a group,18-29,Screenshot only,,verified,14,"Page advertises ""Ukrainian brides"" using photos that appear to be taken from a refugee support group."
PL-001755,synthetic-demo,2026-06-29T16:26:07Z,2026-06-29,2026-W27,2026-06-29,2026-06,in-person,Unwanted sexual comments or propositions,None (in person),,Accommodation or housing,Dolnośląskie,PL,Someone she knows,Unknown,Description only,,pending,,"Landlord made sexual comments and hinted rent could be ""paid another way""."
PL-001756,synthetic-demo,2026-06-29T18:00:32Z,2026-06-29,2026-W27,2026-06-29,2026-06,online,Sexualised content or stereotypes,Came to seduce / steal husbands,Instagram,,Dolnośląskie,PL,Ukrainian women as a group,Unknown,Screenshot only,,verified,21.8,Meme on Instagram claims Ukrainian women come to Poland to find Polish husbands.
PL-001757,synthetic-demo,2026-06-29T18:25:58Z,2026-06-29,2026-W27,2026-06-29,2026-06,online,Harassment or pile-on,Criminal or dangerous,Instagram,,Lubelskie,PL,Herself,Unknown,Link only,LC-35929,verified,21,Carousel post claims Ukrainian women run scams targeting elderly people; no source.
PL-001758,synthetic-demo,2026-06-29T23:58:33Z,2026-06-29,2026-W27,2026-06-29,2026-06,online,Sexualised content or stereotypes,Sex work stereotypes,Instagram,,Dolnośląskie,PL,Someone she knows,18-29,Link and screenshot,LC-84430,verified,60,Post suggests a reception point in Wrocław is used for sex work; no evidence given.
PL-001759,synthetic-demo,2026-06-29T23:58:33Z,2026-06-29,2026-W27,2026-06-29,2026-06,online,"Fake job, housing or relationship offer",Fake offers (lures),Classifieds site,,Warmińsko-mazurskie,PL,Someone she knows,18-29,Link and screenshot,LC-84674,verified,7.3,"Post offers help finding a ""sponsor"" for women who have just arrived."
PL-001760,synthetic-demo,2026-06-30T06:43:57Z,2026-06-30,2026-W27,2026-06-29,2026-06,in-person,Threats or intimidation,None (in person),,Workplace,Lubelskie,PL,Herself,Unknown,Description only,,needs more info,2.3,"The ""employer"" from an online ad kept her documents and threatened her when she asked for them back."
PL-001761,synthetic-demo,2026-06-30T08:45:53Z,2026-06-30,2026-W27,2026-06-29,2026-06,online,Harassment or pile-on,Available women / brides,X,,Podlaskie,UA,Someone she knows,13-17,Description only,,needs more info,66.1,Meme presents Ukrainian women as available for dating in exchange for help with housing.
PL-001762,synthetic-demo,2026-06-30T09:22:36Z,2026-06-30,2026-W27,2026-06-29,2026-06,online,Manipulated image or video,Stolen photos / fake profiles,Instagram,,Małopolskie,PL,Herself,18-29,Description only,,needs more info,25.7,Edited photo puts a Ukrainian woman's face on a sexualised image; shared in a group.
PL-001763,synthetic-demo,2026-06-30T12:32:52Z,2026-06-30,2026-W27,2026-06-29,2026-06,in-person,Being followed or watched,None (in person),,Accommodation or housing,Lubelskie,PL,Herself,Unknown,Description only,,verified,34.7,Man who posted a housing offer online waited outside her accommodation after she refused.
PL-001764,synthetic-demo,2026-06-30T14:36:26Z,2026-06-30,2026-W27,2026-06-29,2026-06,online,Harassment or pile-on,Other or unclear,TikTok,,Wielkopolskie,PL,Ukrainian women as a group,30-49,Screenshot only,,verified,18.1,Her home area and phone number were posted in a hostile group.
PL-001765,synthetic-demo,2026-06-30T15:32:12Z,2026-06-30,2026-W27,2026-06-29,2026-06,online,"Fake job, housing or relationship offer",Fake offers (lures),Telegram,,Dolnośląskie,UA,Herself,18-29,Description only,,needs more info,20,"Ad for cleaning work abroad through Poland, no company name, contact by private chat only."
PL-001766,synthetic-demo,2026-06-30T15:46:12Z,2026-06-30,2026-W27,2026-06-29,2026-06,online,False claim to discredit,Sex work stereotypes,Facebook,,Dolnośląskie,RU,Public figure,30-49,Link only,LC-11357,verified,10.8,Post claims Ukrainian women arriving in Poland mostly work in the sex industry.
PL-001767,synthetic-demo,2026-06-30T15:55:39Z,2026-06-30,2026-W27,2026-06-29,2026-06,online,Sexualised content or stereotypes,Available women / brides,TikTok,,Mazowieckie,PL,Herself,50+,Screenshot only,,verified,15.8,"Account shares sexualised images captioned as Ukrainian women ""looking for a husband""."
PL-001768,synthetic-demo,2026-06-30T16:09:53Z,2026-06-30,2026-W27,2026-06-29,2026-06,online,Fabricated story,Abusing benefits / taking jobs,Telegram,,Lubelskie,UA,Someone she knows,18-29,Description only,,verified,34.5,"Chart with false numbers about benefits paid to Ukrainian women, shared as if official."
PL-001769,synthetic-demo,2026-06-30T19:11:30Z,2026-06-30,2026-W27,2026-06-29,2026-06,online,Fabricated story,Abusing benefits / taking jobs,Telegram,,Łódzkie,RU,Ukrainian women as a group,Unknown,Link and screenshot,LC-56868,rejected,15.2,Meme says Ukrainian mothers abuse child benefits and take kindergarten places.
PL-001770,synthetic-demo,2026-06-30T19:30:01Z,2026-06-30,2026-W27,2026-06-29,2026-06,online,Manipulated image or video,Stolen photos / fake profiles,X,,Mazowieckie,EN,Someone she knows,13-17,Screenshot only,,verified,75.7,Dating profile uses photos of a Ukrainian woman without her consent.
PL-001771,synthetic-demo,2026-06-30T19:51:17Z,2026-06-30,2026-W27,2026-06-29,2026-06,online,Sexualised content or stereotypes,Came to seduce / steal husbands,Instagram,,Mazowieckie,PL,Public figure,18-29,Screenshot only,,verified,38.6,"Comments under a local news story say Ukrainian women ""take"" Polish men and break up families."
PL-001772,synthetic-demo,2026-06-30T19:56:49Z,2026-06-30,2026-W27,2026-06-29,2026-06,online,Harassment or pile-on,Came to seduce / steal husbands,Telegram,,Dolnośląskie,RU,Herself,18-29,Screenshot only,,verified,3.4,Carousel post uses a sexualised stereotype of Ukrainian women to joke about Polish wives.
PL-001773,synthetic-demo,2026-07-01T15:26:15Z,2026-07-01,2026-W27,2026-06-29,2026-07,in-person,Being followed or watched,None (in person),,Workplace,Podkarpackie,PL,Herself,30-49,Description only,,pending,,"The ""employer"" from an online ad kept her documents and threatened her when she asked for them back."
PL-001774,synthetic-demo,2026-07-01T16:28:12Z,2026-07-01,2026-W27,2026-06-29,2026-07,online,Harassment or pile-on,Came to seduce / steal husbands,TikTok,,Wielkopolskie,EN,Herself,18-29,Link and screenshot,LC-88438,verified,13.9,Post uses a sexualised stereotype of Ukrainian women to joke about Polish wives.
PL-001775,synthetic-demo,2026-07-01T16:56:45Z,2026-07-01,2026-W27,2026-06-29,2026-07,in-person,Threats or intimidation,None (in person),,Street or public transport,Podkarpackie,PL,Someone she knows,30-49,Description only,,verified,25.4,"The ""employer"" from an online ad kept her documents and threatened her when she asked for them back."
PL-001776,synthetic-demo,2026-07-01T18:30:12Z,2026-07-01,2026-W27,2026-06-29,2026-07,online,Harassment or pile-on,Abusing benefits / taking jobs,Instagram,,Podkarpackie,PL,Public figure,18-29,Link only,LC-72435,verified,8.4,Comment thread says Ukrainian mothers abuse child benefits and take kindergarten places.
PL-001777,synthetic-demo,2026-07-01T18:42:27Z,2026-07-01,2026-W27,2026-06-29,2026-07,online,Harassment or pile-on,Came to seduce / steal husbands,TikTok,,Podkarpackie,PL,Someone she knows,30-49,Link and screenshot,LC-85935,verified,20.7,Comment thread on TikTok claims Ukrainian women come to Poland to find Polish husbands.
PL-001778,synthetic-demo,2026-07-01T23:58:33Z,2026-07-01,2026-W27,2026-06-29,2026-07,online,False claim to discredit,Abusing benefits / taking jobs,Facebook,,Małopolskie,EN,Someone she knows,18-29,Link only,LC-82701,verified,12.5,"Chart with false numbers about benefits paid to Ukrainian women, shared as if official."
PL-001779,synthetic-demo,2026-07-02T08:23:37Z,2026-07-02,2026-W27,2026-06-29,2026-07,online,Fabricated story,Criminal or dangerous,X,,Zachodniopomorskie,PL,Ukrainian women as a group,18-29,Link only,LC-31142,verified,31.8,Comment thread claims Ukrainian women bring disease and crime; uses an unrelated photo.
PL-001780,synthetic-demo,2026-07-02T09:05:30Z,2026-07-02,2026-W27,2026-06-29,2026-07,online,"Fake job, housing or relationship offer",Fake offers (lures),Classifieds site,,Mazowieckie,UA,Ukrainian women as a group,Unknown,Link and screenshot,LC-13738,verified,13.7,"Message offers a free room to young Ukrainian women ""in exchange for help around the house""."
PL-001781,synthetic-demo,2026-07-02T15:53:01Z,2026-07-02,2026-W27,2026-06-29,2026-07,online,"Fake job, housing or relationship offer",Fake offers (lures),Classifieds site,,Lubelskie,RU,Ukrainian women as a group,18-29,Screenshot only,,verified,9.7,"Offer of a nanny job near Lublin with pay far above normal, asks women to send full-length photos."
PL-001782,synthetic-demo,2026-07-02T16:07:04Z,2026-07-02,2026-W27,2026-06-29,2026-07,online,Fabricated story,Came to seduce / steal husbands,X,,Dolnośląskie,UA,Herself,Unknown,Link only,LC-60875,verified,56.7,Short clip on X claims Ukrainian women come to Poland to find Polish husbands.
PL-001783,synthetic-demo,2026-07-02T16:11:05Z,2026-07-02,2026-W27,2026-06-29,2026-07,in-person,Being followed or watched,None (in person),,Street or public transport,Pomorskie,PL,Herself,30-49,Description only,,verified,28.4,Followed from the bus stop to her accommodation twice in one week.
PL-001784,synthetic-demo,2026-07-02T16:22:58Z,2026-07-02,2026-W27,2026-06-29,2026-07,online,Fabricated story,Criminal or dangerous,TikTok,,Śląskie,PL,Ukrainian women as a group,13-17,Link and screenshot,LC-56371,needs more info,14.9,Fabricated story says a Ukrainian woman stole from her employer; the photo is from another country.
PL-001785,synthetic-demo,2026-07-02T16:53:59Z,2026-07-02,2026-W27,2026-06-29,2026-07,in-person,Being followed or watched,None (in person),,Street or public transport,Kujawsko-pomorskie,PL,Herself,18-29,Description only,,rejected,5,Man she did not know kept appearing near her building and watching the entrance.
PL-001786,synthetic-demo,2026-07-02T18:09:57Z,2026-07-02,2026-W27,2026-06-29,2026-07,in-person,Verbal harassment or insults,None (in person),,Accommodation or housing,Dolnośląskie,PL,Herself,18-29,Description only,,needs more info,27.8,Shouted at on public transport in Wrocław for speaking Ukrainian.
PL-001787,synthetic-demo,2026-07-02T22:08:10Z,2026-07-02,2026-W27,2026-06-29,2026-07,in-person,Threats or intimidation,None (in person),,Shop or service,Mazowieckie,PL,Herself,30-49,Description only,,rejected,23.1,Employer threatened to report her to the authorities if she complained about pay.
PL-001788,synthetic-demo,2026-07-02T23:58:33Z,2026-07-02,2026-W27,2026-06-29,2026-07,online,Harassment or pile-on,Sex work stereotypes,Telegram,,Małopolskie,UA,Herself,18-29,Link only,LC-52830,pending,,Comments call a Ukrainian woman a sex worker after she posted about her new job.
PL-001789,synthetic-demo,2026-07-03T07:52:01Z,2026-07-03,2026-W27,2026-06-29,2026-07,online,False claim to discredit,Sex work stereotypes,Facebook,,Kujawsko-pomorskie,PL,Public figure,13-17,Link and screenshot,LC-86300,verified,7.7,Meme claims Ukrainian women arriving in Poland mostly work in the sex industry.
PL-001790,synthetic-demo,2026-07-03T09:21:32Z,2026-07-03,2026-W27,2026-06-29,2026-07,online,Sexualised content or stereotypes,Available women / brides,Instagram,,Dolnośląskie,PL,Ukrainian women as a group,Unknown,Description only,,needs more info,10.4,"Account shares sexualised images captioned as Ukrainian women ""looking for a husband""."
PL-001791,synthetic-demo,2026-07-03T09:30:28Z,2026-07-03,2026-W27,2026-06-29,2026-07,online,Doxxing or exposure,Other or unclear,Telegram,,Małopolskie,RU,Ukrainian women as a group,Unknown,Link only,LC-94687,verified,13.4,Her home area and phone number were posted in a hostile group.
PL-001792,synthetic-demo,2026-07-03T16:14:43Z,2026-07-03,2026-W27,2026-06-29,2026-07,online,Sexualised content or stereotypes,Available women / brides,X,,Wielkopolskie,PL,Ukrainian women as a group,Unknown,Link and screenshot,LC-43260,verified,11.5,"Page advertises ""Ukrainian brides"" using photos that appear to be taken from a refugee support group."
PL-001793,synthetic-demo,2026-07-03T17:15:00Z,2026-07-03,2026-W27,2026-06-29,2026-07,online,Doxxing or exposure,Stolen photos / fake profiles,Facebook,,Podkarpackie,PL,Someone she knows,18-29,Screenshot only,,verified,12.8,Fake account copies a woman's profile photos and messages men pretending to be her.
PL-001794,synthetic-demo,2026-07-03T17:29:13Z,2026-07-03,2026-W27,2026-06-29,2026-07,online,False claim to discredit,Abusing benefits / taking jobs,X,,Podkarpackie,EN,Public figure,Unknown,Link only,LC-57066,verified,54.5,Video says Ukrainian mothers abuse child benefits and take kindergarten places.
PL-001795,synthetic-demo,2026-07-03T20:32:44Z,2026-07-03,2026-W27,2026-06-29,2026-07,in-person,Verbal harassment or insults,None (in person),,Accommodation or housing,Podkarpackie,UA,Herself,18-29,Description only,,verified,9.2,Group of men called her names linked to her nationality in the street.
PL-001796,synthetic-demo,2026-07-04T09:32:56Z,2026-07-04,2026-W27,2026-06-29,2026-07,in-person,Threats or intimidation,None (in person),,Street or public transport,Lubelskie,PL,Herself,Unknown,Description only,,verified,5.5,"The ""employer"" from an online ad kept her documents and threatened her when she asked for them back."
PL-001797,synthetic-demo,2026-07-04T10:21:11Z,2026-07-04,2026-W27,2026-06-29,2026-07,in-person,Verbal harassment or insults,None (in person),,Shop or service,Podlaskie,PL,Herself,18-29,Description only,,verified,17.6,Insulted by a customer at work after they heard her accent.
PL-001798,synthetic-demo,2026-07-04T11:35:47Z,2026-07-04,2026-W27,2026-06-29,2026-07,online,"Fake job, housing or relationship offer",Fake offers (lures),Classifieds site,,Lubelskie,RU,Ukrainian women as a group,Unknown,Link and screenshot,LC-41318,verified,17.8,"Post offers help finding a ""sponsor"" for women who have just arrived."
PL-001799,synthetic-demo,2026-07-04T14:21:39Z,2026-07-04,2026-W27,2026-06-29,2026-07,online,"Fake job, housing or relationship offer",Fake offers (lures),Facebook,,Pomorskie,UA,Ukrainian women as a group,Unknown,Description only,,verified,20.9,"Offer of a hostess job near Gdańsk with pay far above normal, asks women to send full-length photos."
PL-001800,synthetic-demo,2026-07-04T14:47:39Z,2026-07-04,2026-W27,2026-06-29,2026-07,online,"Fake job, housing or relationship offer",Fake offers (lures),Classifieds site,,Podkarpackie,UA,Someone she knows,18-29,Screenshot only,,verified,25.8,"Post offers help finding a ""sponsor"" for women who have just arrived."
PL-001801,synthetic-demo,2026-07-04T16:03:11Z,2026-07-04,2026-W27,2026-06-29,2026-07,in-person,Verbal harassment or insults,None (in person),,Street or public transport,Łódzkie,PL,Someone she knows,18-29,Description only,,verified,32.6,Shouted at on public transport in Łódź for speaking Ukrainian.
PL-001802,synthetic-demo,2026-07-04T20:38:04Z,2026-07-04,2026-W27,2026-06-29,2026-07,in-person,Verbal harassment or insults,None (in person),,Accommodation or housing,Wielkopolskie,PL,Someone she knows,30-49,Photo,,verified,39.3,Shouted at on public transport in Poznań for speaking Ukrainian.
PL-001803,synthetic-demo,2026-07-04T23:58:33Z,2026-07-04,2026-W27,2026-06-29,2026-07,online,False claim to discredit,Abusing benefits / taking jobs,Facebook,,Lubelskie,UA,Herself,30-49,Description only,,needs more info,18.1,Post claims Ukrainian women receive more benefits than Polish families; the figures are invented.
PL-001804,synthetic-demo,2026-07-04T23:58:33Z,2026-07-04,2026-W27,2026-06-29,2026-07,in-person,Unwanted sexual comments or propositions,None (in person),,Workplace,Podlaskie,PL,Someone she knows,18-29,Description only,,rejected,11.9,"Landlord made sexual comments and hinted rent could be ""paid another way""."
PL-001805,synthetic-demo,2026-07-05T06:48:14Z,2026-07-05,2026-W27,2026-06-29,2026-07,in-person,Verbal harassment or insults,None (in person),,Street or public transport,Podlaskie,PL,Someone she knows,18-29,Description only,,verified,10,Insulted by a customer at work after they heard her accent.
PL-001806,synthetic-demo,2026-07-05T09:18:30Z,2026-07-05,2026-W27,2026-06-29,2026-07,online,"Fake job, housing or relationship offer",Fake offers (lures),Telegram,,Podkarpackie,RU,Ukrainian women as a group,18-29,Screenshot only,,verified,19.5,"Post offers help finding a ""sponsor"" for women who have just arrived."
PL-001807,synthetic-demo,2026-07-05T12:33:46Z,2026-07-05,2026-W27,2026-06-29,2026-07,online,Harassment or pile-on,Available women / brides,TikTok,,Mazowieckie,PL,Ukrainian women as a group,Unknown,Link and screenshot,LC-52609,verified,3.2,"Account shares sexualised images captioned as Ukrainian women ""looking for a husband""."
PL-001808,synthetic-demo,2026-07-05T14:49:30Z,2026-07-05,2026-W27,2026-06-29,2026-07,online,"Fake job, housing or relationship offer",Fake offers (lures),Telegram,,Lubelskie,UA,Someone she knows,18-29,Link and screenshot,LC-36189,verified,20,"Offer of a cleaning job near Lublin with pay far above normal, asks women to send full-length photos."
PL-001809,synthetic-demo,2026-07-05T19:21:13Z,2026-07-05,2026-W27,2026-06-29,2026-07,online,Manipulated image or video,Stolen photos / fake profiles,Instagram,,Dolnośląskie,PL,Herself,18-29,Link and screenshot,LC-76711,verified,27.7,Photos from a Ukrainian woman's private account reposted on a page with sexual captions.
PL-001810,synthetic-demo,2026-07-05T20:28:20Z,2026-07-05,2026-W27,2026-06-29,2026-07,online,False claim to discredit,Abusing benefits / taking jobs,Facebook,,Wielkopolskie,PL,Ukrainian women as a group,13-17,Link and screenshot,LC-39511,verified,10.4,"Chart with false numbers about benefits paid to Ukrainian women, shared as if official."
PL-001811,synthetic-demo,2026-07-05T22:31:46Z,2026-07-05,2026-W27,2026-06-29,2026-07,online,"Fake job, housing or relationship offer",Fake offers (lures),Telegram,,Podkarpackie,UA,Someone she knows,18-29,Link only,LC-64992,rejected,10.8,"Offer of a massage salon job near Rzeszów with pay far above normal, asks women to send full-length photos."
PL-001812,synthetic-demo,2026-07-05T23:47:53Z,2026-07-05,2026-W27,2026-06-29,2026-07,in-person,Verbal harassment or insults,None (in person),,Workplace,Pomorskie,PL,Herself,Unknown,Description only,,verified,30.8,Insulted by a customer at work after they heard her accent.
PL-001813,synthetic-demo,2026-07-06T06:33:31Z,2026-07-06,2026-W28,2026-07-06,2026-07,online,Sexualised content or stereotypes,Sex work stereotypes,Telegram,,Śląskie,UA,Public figure,18-29,Screenshot only,,verified,58.9,"Comment thread describes Ukrainian women as ""easy"" and links this to the war; widely shared."
PL-001814,synthetic-demo,2026-07-06T12:12:21Z,2026-07-06,2026-W28,2026-07-06,2026-07,online,"Fake job, housing or relationship offer",Fake offers (lures),Classifieds site,,Podlaskie,RU,Ukrainian women as a group,Unknown,Description only,,verified,17.8,"Ad for nanny work abroad through Poland, no company name, contact by private chat only."
PL-001815,synthetic-demo,2026-07-06T12:50:39Z,2026-07-06,2026-W28,2026-07-06,2026-07,online,"Fake job, housing or relationship offer",Fake offers (lures),Telegram,,Lubelskie,UA,Ukrainian women as a group,Unknown,Link and screenshot,LC-95797,verified,32.4,"Ad for care worker work abroad through Poland, no company name, contact by private chat only."
PL-001816,synthetic-demo,2026-07-06T12:57:00Z,2026-07-06,2026-W28,2026-07-06,2026-07,online,Fabricated story,Other or unclear,Telegram,,Dolnośląskie,UA,Someone she knows,30-49,Link and screenshot,LC-36589,verified,33.7,Pile-on in the comments after a Ukrainian woman spoke about her work in local media.
PL-001817,synthetic-demo,2026-07-06T15:34:30Z,2026-07-06,2026-W28,2026-07-06,2026-07,online,False claim to discredit,Abusing benefits / taking jobs,X,,Wielkopolskie,PL,Herself,50+,Description only,,verified,13.8,"Chart with false numbers about benefits paid to Ukrainian women, shared as if official."
PL-001818,synthetic-demo,2026-07-06T16:15:02Z,2026-07-06,2026-W28,2026-07-06,2026-07,online,"Fake job, housing or relationship offer",Fake offers (lures),Classifieds site,,Lubelskie,RU,Herself,30-49,Link and screenshot,LC-48413,verified,5.8,"Ad offers a well-paid hostess job with free housing and travel, and asks for a passport photo first."
PL-001819,synthetic-demo,2026-07-06T17:38:33Z,2026-07-06,2026-W28,2026-07-06,2026-07,online,"Fake job, housing or relationship offer",Fake offers (lures),Classifieds site,,Podkarpackie,UA,Ukrainian women as a group,18-29,Screenshot only,,verified,12.9,"Ad offers a well-paid care worker job with free housing and travel, and asks for a passport photo first."
PL-001820,synthetic-demo,2026-07-06T20:55:39Z,2026-07-06,2026-W28,2026-07-06,2026-07,online,Sexualised content or stereotypes,Available women / brides,Facebook,,Dolnośląskie,PL,Public figure,Unknown,Screenshot only,,verified,22.9,"Short clip ranks Ukrainian women by appearance and invites men to ""choose one""."
PL-001821,synthetic-demo,2026-07-06T22:01:57Z,2026-07-06,2026-W28,2026-07-06,2026-07,in-person,Being followed or watched,None (in person),,Accommodation or housing,Podkarpackie,PL,Someone she knows,30-49,Description only,,verified,31.3,Followed after meeting someone who offered work through a chat channel.
PL-001822,synthetic-demo,2026-07-07T14:23:18Z,2026-07-07,2026-W28,2026-07-06,2026-07,in-person,Being followed or watched,None (in person),,Street or public transport,Lubelskie,UA,Herself,13-17,Description only,,verified,38.4,Threatened by a man from an online job offer when she would not go with him.
PL-001823,synthetic-demo,2026-07-07T14:36:53Z,2026-07-07,2026-W28,2026-07-06,2026-07,online,Manipulated image or video,Criminal or dangerous,Instagram,,Świętokrzyskie,PL,Herself,18-29,Link only,LC-84877,verified,6.1,Fabricated story says a Ukrainian woman stole from her employer; the photo is from another country.
PL-001824,synthetic-demo,2026-07-07T15:07:35Z,2026-07-07,2026-W28,2026-07-06,2026-07,online,"Fake job, housing or relationship offer",Fake offers (lures),Telegram,,Lubelskie,UA,Ukrainian women as a group,Unknown,Description only,,needs more info,18.4,"Ad offers a well-paid hotel job with free housing and travel, and asks for a passport photo first."
PL-001825,synthetic-demo,2026-07-07T19:31:42Z,2026-07-07,2026-W28,2026-07-06,2026-07,online,Doxxing or exposure,Other or unclear,Instagram,,Pomorskie,PL,Herself,30-49,Screenshot only,,verified,9,Pile-on in the comments after a Ukrainian woman spoke about her work in local media.
PL-001826,synthetic-demo,2026-07-08T09:16:43Z,2026-07-08,2026-W28,2026-07-06,2026-07,online,Sexualised content or stereotypes,Available women / brides,X,,Małopolskie,PL,Public figure,30-49,Link and screenshot,LC-17034,verified,28.2,Post presents Ukrainian women as available for dating in exchange for help with housing.
PL-001827,synthetic-demo,2026-07-08T09:48:33Z,2026-07-08,2026-W28,2026-07-06,2026-07,online,Sexualised content or stereotypes,Came to seduce / steal husbands,Telegram,,Wielkopolskie,PL,Ukrainian women as a group,18-29,Link only,LC-65767,verified,29.4,Post mocks Ukrainian women as only interested in men with money; many replies agree.
PL-001828,synthetic-demo,2026-07-08T10:40:08Z,2026-07-08,2026-W28,2026-07-06,2026-07,in-person,Verbal harassment or insults,None (in person),,Street or public transport,Śląskie,PL,Herself,Unknown,Description only,,verified,4.7,Shouted at on public transport in Katowice for speaking Ukrainian.
PL-001829,synthetic-demo,2026-07-08T10:51:18Z,2026-07-08,2026-W28,2026-07-06,2026-07,online,Harassment or pile-on,Sex work stereotypes,X,,Łódzkie,PL,Herself,18-29,Link only,LC-77273,verified,10.7,Comments call a Ukrainian woman a sex worker after she posted about her new job.
PL-001830,synthetic-demo,2026-07-08T13:28:51Z,2026-07-08,2026-W28,2026-07-06,2026-07,online,Doxxing or exposure,Stolen photos / fake profiles,Instagram,,Małopolskie,PL,Herself,30-49,Link and screenshot,LC-63716,verified,101.2,Dating profile uses photos of a Ukrainian woman without her consent.
PL-001831,synthetic-demo,2026-07-08T17:44:36Z,2026-07-08,2026-W28,2026-07-06,2026-07,online,Sexualised content or stereotypes,Came to seduce / steal husbands,Instagram,,Opolskie,PL,Herself,18-29,Link only,LC-93014,verified,24.4,Post on Instagram claims Ukrainian women come to Poland to find Polish husbands.
PL-001832,synthetic-demo,2026-07-08T18:26:30Z,2026-07-08,2026-W28,2026-07-06,2026-07,online,"Fake job, housing or relationship offer",Fake offers (lures),Classifieds site,,Podkarpackie,RU,Ukrainian women as a group,Unknown,Screenshot only,,verified,50.7,"Ad offers a well-paid nanny job with free housing and travel, and asks for a passport photo first."
PL-001833,synthetic-demo,2026-07-08T18:49:56Z,2026-07-08,2026-W28,2026-07-06,2026-07,in-person,Threats or intimidation,None (in person),,Street or public transport,Lubelskie,RU,Someone she knows,18-29,Description only,,rejected,24.9,Person behind a job ad she answered kept calling and turned up at her workplace.
PL-001834,synthetic-demo,2026-07-08T19:24:58Z,2026-07-08,2026-W28,2026-07-06,2026-07,in-person,Unwanted sexual comments or propositions,None (in person),,Accommodation or housing,Podkarpackie,PL,Herself,30-49,Description only,,needs more info,24.6,Threatened by a man from an online job offer when she would not go with him.
PL-001835,synthetic-demo,2026-07-08T20:23:54Z,2026-07-08,2026-W28,2026-07-06,2026-07,in-person,Verbal harassment or insults,None (in person),,Accommodation or housing,Dolnośląskie,PL,Someone she knows,18-29,Description only,,rejected,2.7,Shouted at on public transport in Wrocław for speaking Ukrainian.
PL-001836,synthetic-demo,2026-07-08T22:30:26Z,2026-07-08,2026-W28,2026-07-06,2026-07,online,"Fake job, housing or relationship offer",Fake offers (lures),WhatsApp,,Świętokrzyskie,UA,Ukrainian women as a group,Unknown,Link only,LC-34433,verified,27.3,"Ad offers a well-paid model job with free housing and travel, and asks for a passport photo first."
PL-001837,synthetic-demo,2026-07-09T04:42:40Z,2026-07-09,2026-W28,2026-07-06,2026-07,in-person,Being followed or watched,None (in person),,Accommodation or housing,Lubelskie,UA,Herself,18-29,Photo,,verified,6.9,Followed after meeting someone who offered work through a chat channel.
PL-001838,synthetic-demo,2026-07-09T07:17:34Z,2026-07-09,2026-W28,2026-07-06,2026-07,online,False claim to discredit,Abusing benefits / taking jobs,Facebook,,Małopolskie,PL,Ukrainian women as a group,50+,Link only,LC-50044,verified,104.3,Video says Ukrainian mothers abuse child benefits and take kindergarten places.
PL-001839,synthetic-demo,2026-07-09T08:11:42Z,2026-07-09,2026-W28,2026-07-06,2026-07,in-person,Being followed or watched,None (in person),,Street or public transport,Pomorskie,PL,Someone she knows,30-49,Description only,,verified,48.8,Same car seen waiting outside her workplace several evenings.
PL-001840,synthetic-demo,2026-07-09T10:12:15Z,2026-07-09,2026-W28,2026-07-06,2026-07,in-person,Unwanted sexual comments or propositions,None (in person),,Street or public transport,Dolnośląskie,PL,Herself,18-29,Description only,,verified,18.5,"Landlord made sexual comments and hinted rent could be ""paid another way""."
PL-001841,synthetic-demo,2026-07-09T10:19:47Z,2026-07-09,2026-W28,2026-07-06,2026-07,in-person,Unwanted sexual comments or propositions,None (in person),,School or university,Zachodniopomorskie,PL,Someone she knows,30-49,Description only,,rejected,10.8,"Man at her workplace made sexual comments and suggested she was ""available"" because she is Ukrainian."
PL-001842,synthetic-demo,2026-07-09T13:17:27Z,2026-07-09,2026-W28,2026-07-06,2026-07,in-person,Threats or intimidation,None (in person),,Workplace,Podkarpackie,PL,Someone she knows,18-29,Description only,,needs more info,69.1,Man who posted a housing offer online waited outside her accommodation after she refused.
PL-001843,synthetic-demo,2026-07-09T14:09:16Z,2026-07-09,2026-W28,2026-07-06,2026-07,online,Harassment or pile-on,Available women / brides,Instagram,,Lubelskie,PL,Someone she knows,30-49,Screenshot only,,verified,22,"Account shares sexualised images captioned as Ukrainian women ""looking for a husband""."
PL-001844,synthetic-demo,2026-07-09T14:30:25Z,2026-07-09,2026-W28,2026-07-06,2026-07,online,Sexualised content or stereotypes,Sex work stereotypes,TikTok,,Łódzkie,PL,Herself,Unknown,Link and screenshot,LC-94504,verified,16.5,"Comment thread describes Ukrainian women as ""easy"" and links this to the war; widely shared."
PL-001845,synthetic-demo,2026-07-09T15:16:59Z,2026-07-09,2026-W28,2026-07-06,2026-07,in-person,Unwanted sexual comments or propositions,None (in person),,Accommodation or housing,Dolnośląskie,PL,Herself,18-29,Description only,,needs more info,37.2,"Landlord made sexual comments and hinted rent could be ""paid another way""."
PL-001846,synthetic-demo,2026-07-09T15:31:25Z,2026-07-09,2026-W28,2026-07-06,2026-07,online,Fabricated story,Abusing benefits / taking jobs,Telegram,,Dolnośląskie,UA,Public figure,Unknown,Link and screenshot,LC-97281,verified,14.8,Short clip claims Ukrainian women take jobs from Polish women while living on benefits.
PL-001847,synthetic-demo,2026-07-09T16:10:18Z,2026-07-09,2026-W28,2026-07-06,2026-07,online,Other (online),Other or unclear,Instagram,,Małopolskie,PL,Public figure,Unknown,Link only,LC-35949,rejected,5.1,Video targets a Ukrainian woman activist with insults and false claims about her past.
PL-001848,synthetic-demo,2026-07-09T17:14:55Z,2026-07-09,2026-W28,2026-07-06,2026-07,online,"Fake job, housing or relationship offer",Fake offers (lures),Telegram,,Podkarpackie,RU,Herself,Unknown,Link and screenshot,LC-61068,verified,9.6,"Ad for model work abroad through Poland, no company name, contact by private chat only."
PL-001849,synthetic-demo,2026-07-09T18:26:41Z,2026-07-09,2026-W28,2026-07-06,2026-07,online,False claim to discredit,Abusing benefits / taking jobs,X,,Łódzkie,PL,Herself,50+,Link only,LC-34808,verified,156.4,Post says Ukrainian mothers abuse child benefits and take kindergarten places.
PL-001850,synthetic-demo,2026-07-09T20:34:32Z,2026-07-09,2026-W28,2026-07-06,2026-07,in-person,Threats or intimidation,None (in person),,Street or public transport,Podkarpackie,PL,Herself,30-49,Description only,,verified,28.6,Man who posted a housing offer online waited outside her accommodation after she refused.
PL-001851,synthetic-demo,2026-07-10T09:54:33Z,2026-07-10,2026-W28,2026-07-06,2026-07,online,"Fake job, housing or relationship offer",Fake offers (lures),Classifieds site,,Pomorskie,UA,Ukrainian women as a group,Unknown,Link only,LC-49258,verified,7,"Ad for hotel work abroad through Poland, no company name, contact by private chat only."
PL-001852,synthetic-demo,2026-07-10T12:52:11Z,2026-07-10,2026-W28,2026-07-06,2026-07,online,Fabricated story,Other or unclear,TikTok,,Dolnośląskie,PL,Ukrainian women as a group,18-29,Link only,LC-46070,verified,8.8,Hostile messages sent to several Ukrainian women in a local community group.
PL-001853,synthetic-demo,2026-07-10T13:23:34Z,2026-07-10,2026-W28,2026-07-06,2026-07,online,"Fake job, housing or relationship offer",Fake offers (lures),WhatsApp,,Podkarpackie,UA,Ukrainian women as a group,Unknown,Link only,LC-94784,verified,5.7,"Offer of a cleaning job near Rzeszów with pay far above normal, asks women to send full-length photos."
PL-001854,synthetic-demo,2026-07-10T13:56:51Z,2026-07-10,2026-W28,2026-07-06,2026-07,in-person,Threats or intimidation,None (in person),,Accommodation or housing,Podkarpackie,PL,Someone she knows,30-49,Description only,,verified,30.8,"The ""employer"" from an online ad kept her documents and threatened her when she asked for them back."
PL-001855,synthetic-demo,2026-07-10T14:03:24Z,2026-07-10,2026-W28,2026-07-06,2026-07,online,False claim to discredit,Abusing benefits / taking jobs,TikTok,,Kujawsko-pomorskie,PL,Ukrainian women as a group,Unknown,Description only,,rejected,26.6,Short clip says Ukrainian mothers abuse child benefits and take kindergarten places.
PL-001856,synthetic-demo,2026-07-10T14:37:44Z,2026-07-10,2026-W28,2026-07-06,2026-07,online,"Fake job, housing or relationship offer",Fake offers (lures),Telegram,,Podkarpackie,UA,Ukrainian women as a group,Unknown,Description only,,rejected,12.7,"Ad offers a well-paid model job with free housing and travel, and asks for a passport photo first."
PL-001857,synthetic-demo,2026-07-10T15:56:54Z,2026-07-10,2026-W28,2026-07-06,2026-07,online,Harassment or pile-on,Abusing benefits / taking jobs,X,,Lubelskie,PL,Ukrainian women as a group,Unknown,Screenshot only,,verified,70.8,"Chart with false numbers about benefits paid to Ukrainian women, shared as if official."
PL-001858,synthetic-demo,2026-07-10T16:51:12Z,2026-07-10,2026-W28,2026-07-06,2026-07,online,"Fake job, housing or relationship offer",Fake offers (lures),Telegram,,Podkarpackie,RU,Ukrainian women as a group,Unknown,Link only,LC-69016,verified,6,"Ad offers a well-paid model job with free housing and travel, and asks for a passport photo first."
PL-001859,synthetic-demo,2026-07-10T18:01:37Z,2026-07-10,2026-W28,2026-07-06,2026-07,online,"Fake job, housing or relationship offer",Fake offers (lures),Classifieds site,,Lubelskie,UA,Ukrainian women as a group,Unknown,Link and screenshot,LC-66333,verified,18,"Message offers a free room to young Ukrainian women ""in exchange for help around the house""."
PL-001860,synthetic-demo,2026-07-10T22:14:09Z,2026-07-10,2026-W28,2026-07-06,2026-07,online,Fabricated story,Criminal or dangerous,Telegram,,Opolskie,PL,Someone she knows,30-49,Screenshot only,,verified,24.7,Old crime story from another country reshared as if it happened in Opole with a Ukrainian woman.
PL-001861,synthetic-demo,2026-07-10T23:58:33Z,2026-07-10,2026-W28,2026-07-06,2026-07,online,False claim to discredit,Sex work stereotypes,TikTok,,Dolnośląskie,PL,Herself,18-29,Screenshot only,,verified,25.5,Post suggests a reception point in Wrocław is used for sex work; no evidence given.
PL-001862,synthetic-demo,2026-07-11T12:16:11Z,2026-07-11,2026-W28,2026-07-06,2026-07,in-person,Being followed or watched,None (in person),,Workplace,Podkarpackie,PL,Herself,18-29,Description only,,needs more info,55.2,Followed after meeting someone who offered work through a chat channel.
PL-001863,synthetic-demo,2026-07-11T13:40:31Z,2026-07-11,2026-W28,2026-07-06,2026-07,online,"Fake job, housing or relationship offer",Fake offers (lures),Telegram,,Lubelskie,RU,Ukrainian women as a group,Unknown,Link and screenshot,LC-97610,verified,13.9,"Ad offers a well-paid nanny job with free housing and travel, and asks for a passport photo first."
PL-001864,synthetic-demo,2026-07-11T14:46:00Z,2026-07-11,2026-W28,2026-07-06,2026-07,online,Harassment or pile-on,Available women / brides,X,,Dolnośląskie,PL,Ukrainian women as a group,Unknown,Link only,LC-11356,verified,16.4,"Post ranks Ukrainian women by appearance and invites men to ""choose one""."
PL-001865,synthetic-demo,2026-07-11T15:14:04Z,2026-07-11,2026-W28,2026-07-06,2026-07,in-person,Threats or intimidation,None (in person),,Accommodation or housing,Podkarpackie,PL,Herself,13-17,Description only,,verified,6.5,Threatened by a man from an online job offer when she would not go with him.
PL-001866,synthetic-demo,2026-07-11T19:51:11Z,2026-07-11,2026-W28,2026-07-06,2026-07,online,"Fake job, housing or relationship offer",Fake offers (lures),Telegram,,Podkarpackie,RU,Herself,13-17,Link and screenshot,LC-14076,verified,30.3,"Offer of a hostess job near Rzeszów with pay far above normal, asks women to send full-length photos."
PL-001867,synthetic-demo,2026-07-12T12:29:21Z,2026-07-12,2026-W28,2026-07-06,2026-07,online,Sexualised content or stereotypes,Sex work stereotypes,Instagram,,Dolnośląskie,PL,Ukrainian women as a group,Unknown,Link only,LC-86558,verified,24,Post suggests a reception point in Wrocław is used for sex work; no evidence given.
PL-001868,synthetic-demo,2026-07-12T14:37:57Z,2026-07-12,2026-W28,2026-07-06,2026-07,online,"Fake job, housing or relationship offer",Fake offers (lures),Telegram,,Podkarpackie,RU,Herself,18-29,Screenshot only,,verified,12.4,"Ad offers a well-paid model job with free housing and travel, and asks for a passport photo first."
PL-001869,synthetic-demo,2026-07-12T15:03:12Z,2026-07-12,2026-W28,2026-07-06,2026-07,online,"Fake job, housing or relationship offer",Fake offers (lures),Classifieds site,,Podkarpackie,RU,Herself,30-49,Description only,,verified,56,"Ad offers a well-paid care worker job with free housing and travel, and asks for a passport photo first."
PL-001870,synthetic-demo,2026-07-12T15:44:14Z,2026-07-12,2026-W28,2026-07-06,2026-07,online,Manipulated image or video,Stolen photos / fake profiles,Instagram,,Warmińsko-mazurskie,PL,Herself,13-17,Link only,LC-35215,verified,8.5,Fake account copies a woman's profile photos and messages men pretending to be her.
PL-001871,synthetic-demo,2026-07-12T16:43:43Z,2026-07-12,2026-W28,2026-07-06,2026-07,online,"Fake job, housing or relationship offer",Fake offers (lures),Classifieds site,,Podlaskie,RU,Herself,18-29,Link and screenshot,LC-61758,verified,16.5,"Message offers a free room to young Ukrainian women ""in exchange for help around the house""."
PL-001872,synthetic-demo,2026-07-12T19:03:52Z,2026-07-12,2026-W28,2026-07-06,2026-07,in-person,Threats or intimidation,None (in person),,Street or public transport,Lubelskie,PL,Herself,30-49,Description only,,rejected,2.4,Threatened by a man from an online job offer when she would not go with him.
PL-001873,synthetic-demo,2026-07-12T21:40:50Z,2026-07-12,2026-W28,2026-07-06,2026-07,in-person,Unwanted sexual comments or propositions,None (in person),,Workplace,Małopolskie,PL,Herself,30-49,Description only,,rejected,19.2,"Landlord made sexual comments and hinted rent could be ""paid another way""."
PL-001874,synthetic-demo,2026-07-12T23:31:12Z,2026-07-12,2026-W28,2026-07-06,2026-07,in-person,Threats or intimidation,None (in person),,Street or public transport,Lubelskie,PL,Herself,Unknown,Photo,,verified,52.9,Threatened by a man from an online job offer when she would not go with him.
PL-001875,synthetic-demo,2026-07-13T10:43:36Z,2026-07-13,2026-W29,2026-07-13,2026-07,online,"Fake job, housing or relationship offer",Fake offers (lures),Classifieds site,,Lubelskie,UA,Ukrainian women as a group,Unknown,Link only,LC-61701,verified,6.5,"Message offers a free room to young Ukrainian women ""in exchange for help around the house""."
PL-001876,synthetic-demo,2026-07-13T13:02:13Z,2026-07-13,2026-W29,2026-07-13,2026-07,online,"Fake job, housing or relationship offer",Fake offers (lures),Telegram,,Podkarpackie,RU,Herself,18-29,Screenshot only,,verified,1.9,"Post offers help finding a ""sponsor"" for women who have just arrived."
PL-001877,synthetic-demo,2026-07-13T14:11:11Z,2026-07-13,2026-W29,2026-07-13,2026-07,in-person,Unwanted sexual comments or propositions,None (in person),,School or university,Mazowieckie,PL,Herself,18-29,Description only,,verified,13.5,"Stranger asked whether she was ""one of those Ukrainian girls"" and made sexual remarks."
PL-001878,synthetic-demo,2026-07-13T14:40:20Z,2026-07-13,2026-W29,2026-07-13,2026-07,online,Fabricated story,Abusing benefits / taking jobs,TikTok,,Pomorskie,PL,Ukrainian women as a group,Unknown,Description only,,verified,23.2,Meme says Ukrainian mothers abuse child benefits and take kindergarten places.
PL-001879,synthetic-demo,2026-07-13T14:54:03Z,2026-07-13,2026-W29,2026-07-13,2026-07,in-person,Unwanted sexual comments or propositions,None (in person),,Accommodation or housing,Lubelskie,PL,Herself,30-49,Description only,,verified,17.1,Followed after meeting someone who offered work through a chat channel.
PL-001880,synthetic-demo,2026-07-13T16:58:04Z,2026-07-13,2026-W29,2026-07-13,2026-07,in-person,Being followed or watched,None (in person),,Accommodation or housing,Lubelskie,PL,Herself,13-17,Description only,,verified,51.1,"The ""employer"" from an online ad kept her documents and threatened her when she asked for them back."
PL-001881,synthetic-demo,2026-07-13T19:41:06Z,2026-07-13,2026-W29,2026-07-13,2026-07,online,False claim to discredit,Abusing benefits / taking jobs,X,,Dolnośląskie,PL,Public figure,30-49,Link and screenshot,LC-53896,verified,49.6,Post claims Ukrainian women receive more benefits than Polish families; the figures are invented.
PL-001882,synthetic-demo,2026-07-13T22:15:02Z,2026-07-13,2026-W29,2026-07-13,2026-07,online,Sexualised content or stereotypes,Sex work stereotypes,Instagram,,Dolnośląskie,PL,Ukrainian women as a group,Unknown,Link and screenshot,LC-43244,verified,4.9,"Post describes Ukrainian women as ""easy"" and links this to the war; widely shared."
PL-001883,synthetic-demo,2026-07-13T23:58:33Z,2026-07-13,2026-W29,2026-07-13,2026-07,online,Fabricated story,Other or unclear,Telegram,,Małopolskie,UA,Herself,Unknown,Link only,LC-19935,verified,33.9,Her home area and phone number were posted in a hostile group.
PL-001884,synthetic-demo,2026-07-14T03:14:23Z,2026-07-14,2026-W29,2026-07-13,2026-07,online,Doxxing or exposure,Stolen photos / fake profiles,Instagram,,Lubuskie,PL,Herself,30-49,Link only,LC-59698,pending,,Edited photo puts a Ukrainian woman's face on a sexualised image; shared in a group.
PL-001885,synthetic-demo,2026-07-14T08:52:15Z,2026-07-14,2026-W29,2026-07-13,2026-07,online,Sexualised content or stereotypes,Came to seduce / steal husbands,Telegram,,Dolnośląskie,UA,Someone she knows,30-49,Link only,LC-42222,verified,29.4,Meme on Telegram claims Ukrainian women come to Poland to find Polish husbands.
PL-001886,synthetic-demo,2026-07-14T09:06:13Z,2026-07-14,2026-W29,2026-07-13,2026-07,online,False claim to discredit,Abusing benefits / taking jobs,X,,Zachodniopomorskie,EN,Someone she knows,18-29,Link only,LC-50734,rejected,22.6,Post claims Ukrainian women receive more benefits than Polish families; the figures are invented.
PL-001887,synthetic-demo,2026-07-14T12:32:50Z,2026-07-14,2026-W29,2026-07-13,2026-07,online,"Fake job, housing or relationship offer",Fake offers (lures),Telegram,,Pomorskie,UA,Ukrainian women as a group,18-29,Link only,LC-27777,verified,9.6,"Ad offers a well-paid cleaning job with free housing and travel, and asks for a passport photo first."
PL-001888,synthetic-demo,2026-07-14T12:54:13Z,2026-07-14,2026-W29,2026-07-13,2026-07,online,Fabricated story,Abusing benefits / taking jobs,Facebook,,Małopolskie,EN,Ukrainian women as a group,18-29,Screenshot only,,rejected,11.5,Carousel post claims Ukrainian women take jobs from Polish women while living on benefits.
PL-001889,synthetic-demo,2026-07-14T16:09:59Z,2026-07-14,2026-W29,2026-07-13,2026-07,in-person,Physical or sexual violence,None (in person),,Other,Kujawsko-pomorskie,PL,Someone she knows,18-29,Description only,,verified,4.5,Touched without consent by a co-worker; the manager did nothing.
PL-001890,synthetic-demo,2026-07-14T16:13:03Z,2026-07-14,2026-W29,2026-07-13,2026-07,online,Sexualised content or stereotypes,Came to seduce / steal husbands,Instagram,,Śląskie,PL,Public figure,30-49,Link and screenshot,LC-20459,verified,19.1,Meme mocks Ukrainian women as only interested in men with money; many replies agree.
PL-001891,synthetic-demo,2026-07-14T16:14:55Z,2026-07-14,2026-W29,2026-07-13,2026-07,online,Fabricated story,Came to seduce / steal husbands,X,,Lubuskie,UA,Ukrainian women as a group,Unknown,Screenshot only,,verified,11.8,Meme on X claims Ukrainian women come to Poland to find Polish husbands.
PL-001892,synthetic-demo,2026-07-14T18:14:36Z,2026-07-14,2026-W29,2026-07-13,2026-07,online,Harassment or pile-on,Criminal or dangerous,Instagram,,Śląskie,PL,Ukrainian women as a group,Unknown,Description only,,needs more info,18.7,Old crime story from another country reshared as if it happened in Katowice with a Ukrainian woman.
PL-001893,synthetic-demo,2026-07-15T09:26:05Z,2026-07-15,2026-W29,2026-07-13,2026-07,in-person,Unwanted sexual comments or propositions,None (in person),,Street or public transport,Lubelskie,PL,Herself,30-49,Photo,,verified,9.2,"The ""employer"" from an online ad kept her documents and threatened her when she asked for them back."
PL-001894,synthetic-demo,2026-07-15T10:27:21Z,2026-07-15,2026-W29,2026-07-13,2026-07,in-person,Verbal harassment or insults,None (in person),,Other,Śląskie,PL,Herself,18-29,Description only,,verified,7.5,Group of men called her names linked to her nationality in the street.
PL-001895,synthetic-demo,2026-07-15T10:37:41Z,2026-07-15,2026-W29,2026-07-13,2026-07,online,"Fake job, housing or relationship offer",Fake offers (lures),Telegram,,Lubelskie,PL,Ukrainian women as a group,18-29,Link and screenshot,LC-68042,needs more info,10.7,"Ad offers a well-paid care worker job with free housing and travel, and asks for a passport photo first."
PL-001896,synthetic-demo,2026-07-15T11:52:52Z,2026-07-15,2026-W29,2026-07-13,2026-07,online,False claim to discredit,Abusing benefits / taking jobs,X,,Podkarpackie,PL,Ukrainian women as a group,30-49,Link and screenshot,LC-69768,verified,18.6,Post claims Ukrainian women take jobs from Polish women while living on benefits.
PL-001897,synthetic-demo,2026-07-15T15:00:53Z,2026-07-15,2026-W29,2026-07-13,2026-07,online,"Fake job, housing or relationship offer",Fake offers (lures),Classifieds site,,Podkarpackie,RU,Herself,13-17,Link only,LC-65374,verified,8.3,"Ad offers a well-paid hostess job with free housing and travel, and asks for a passport photo first."
PL-001898,synthetic-demo,2026-07-15T16:12:56Z,2026-07-15,2026-W29,2026-07-13,2026-07,online,Fabricated story,Abusing benefits / taking jobs,Facebook,,Dolnośląskie,PL,Herself,Unknown,Screenshot only,,verified,27.2,"Chart with false numbers about benefits paid to Ukrainian women, shared as if official."
PL-001899,synthetic-demo,2026-07-15T16:50:04Z,2026-07-15,2026-W29,2026-07-13,2026-07,online,Manipulated image or video,Criminal or dangerous,Instagram,,Mazowieckie,UA,Ukrainian women as a group,Unknown,Screenshot only,,verified,7.5,Fabricated story says a Ukrainian woman stole from her employer; the photo is from another country.
PL-001900,synthetic-demo,2026-07-15T22:09:02Z,2026-07-15,2026-W29,2026-07-13,2026-07,online,Fabricated story,Abusing benefits / taking jobs,X,,Śląskie,PL,Someone she knows,30-49,Description only,,verified,21.1,Post claims Ukrainian women receive more benefits than Polish families; the figures are invented.
PL-001901,synthetic-demo,2026-07-15T22:44:25Z,2026-07-15,2026-W29,2026-07-13,2026-07,online,Fabricated story,Criminal or dangerous,TikTok,,Wielkopolskie,PL,Herself,30-49,Description only,,needs more info,10.7,Old crime story from another country reshared as if it happened in Poznań with a Ukrainian woman.
PL-001902,synthetic-demo,2026-07-16T10:19:05Z,2026-07-16,2026-W29,2026-07-13,2026-07,online,Sexualised content or stereotypes,Sex work stereotypes,TikTok,,Lubelskie,RU,Ukrainian women as a group,18-29,Link and screenshot,LC-56940,needs more info,17.5,"Post describes Ukrainian women as ""easy"" and links this to the war; widely shared."
PL-001903,synthetic-demo,2026-07-16T11:37:22Z,2026-07-16,2026-W29,2026-07-13,2026-07,in-person,Being followed or watched,None (in person),,Accommodation or housing,Podkarpackie,PL,Someone she knows,13-17,Photo,,verified,8.6,Followed after meeting someone who offered work through a chat channel.
PL-001904,synthetic-demo,2026-07-16T13:55:18Z,2026-07-16,2026-W29,2026-07-13,2026-07,online,"Fake job, housing or relationship offer",Fake offers (lures),Classifieds site,,Lubelskie,UA,Ukrainian women as a group,30-49,Link and screenshot,LC-40311,verified,16.3,"Message offers a free room to young Ukrainian women ""in exchange for help around the house""."
PL-001905,synthetic-demo,2026-07-16T15:16:17Z,2026-07-16,2026-W29,2026-07-13,2026-07,online,Manipulated image or video,Stolen photos / fake profiles,TikTok,,Śląskie,PL,Herself,30-49,Description only,,verified,5.2,Photos from a Ukrainian woman's private account reposted on a page with sexual captions.
PL-001906,synthetic-demo,2026-07-16T17:06:02Z,2026-07-16,2026-W29,2026-07-13,2026-07,online,"Fake job, housing or relationship offer",Fake offers (lures),Telegram,,Podkarpackie,UA,Herself,50+,Link only,LC-92328,rejected,18.4,"Offer of a hotel job near Rzeszów with pay far above normal, asks women to send full-length photos."
PL-001907,synthetic-demo,2026-07-16T19:44:17Z,2026-07-16,2026-W29,2026-07-13,2026-07,online,Harassment or pile-on,Came to seduce / steal husbands,Facebook,,Pomorskie,PL,Ukrainian women as a group,13-17,Description only,,rejected,21.9,Comment thread uses a sexualised stereotype of Ukrainian women to joke about Polish wives.
PL-001908,synthetic-demo,2026-07-16T20:20:52Z,2026-07-16,2026-W29,2026-07-13,2026-07,in-person,Being followed or watched,None (in person),,Workplace,Podkarpackie,PL,Herself,18-29,Description only,,rejected,50.1,"The ""employer"" from an online ad kept her documents and threatened her when she asked for them back."
PL-001909,synthetic-demo,2026-07-16T20:25:02Z,2026-07-16,2026-W29,2026-07-13,2026-07,online,"Fake job, housing or relationship offer",Fake offers (lures),Classifieds site,,Podkarpackie,RU,Ukrainian women as a group,18-29,Link and screenshot,LC-14232,verified,11.3,"Ad offers a well-paid cleaning job with free housing and travel, and asks for a passport photo first."
PL-001910,synthetic-demo,2026-07-17T08:28:29Z,2026-07-17,2026-W29,2026-07-13,2026-07,in-person,Being followed or watched,None (in person),,Accommodation or housing,Podkarpackie,PL,Herself,18-29,Description only,,needs more info,36.3,Followed from the bus stop to her accommodation twice in one week.
PL-001911,synthetic-demo,2026-07-17T10:48:30Z,2026-07-17,2026-W29,2026-07-13,2026-07,online,Fabricated story,Criminal or dangerous,Telegram,,Podkarpackie,PL,Ukrainian women as a group,Unknown,Link and screenshot,LC-18129,rejected,27.3,Fabricated story says a Ukrainian woman stole from her employer; the photo is from another country.
PL-001912,synthetic-demo,2026-07-17T14:54:25Z,2026-07-17,2026-W29,2026-07-13,2026-07,in-person,Rumours or lies spread about her,None (in person),,Street or public transport,Śląskie,UA,Someone she knows,Unknown,Description only,,verified,12.2,"Parents at school said she had a ""bad reputation"" because she is Ukrainian."
PL-001913,synthetic-demo,2026-07-17T15:38:51Z,2026-07-17,2026-W29,2026-07-13,2026-07,online,False claim to discredit,Abusing benefits / taking jobs,X,,Mazowieckie,PL,Public figure,18-29,Link only,LC-63942,rejected,119.4,Meme says Ukrainian mothers abuse child benefits and take kindergarten places.
PL-001914,synthetic-demo,2026-07-17T16:51:59Z,2026-07-17,2026-W29,2026-07-13,2026-07,online,"Fake job, housing or relationship offer",Fake offers (lures),Telegram,,Podkarpackie,UA,Ukrainian women as a group,18-29,Screenshot only,,verified,31,"Ad for seasonal farm work abroad through Poland, no company name, contact by private chat only."
PL-001915,synthetic-demo,2026-07-17T17:05:37Z,2026-07-17,2026-W29,2026-07-13,2026-07,online,"Fake job, housing or relationship offer",Fake offers (lures),Telegram,,Podkarpackie,RU,Ukrainian women as a group,18-29,Screenshot only,,verified,7.6,"Ad for model work abroad through Poland, no company name, contact by private chat only."
PL-001916,synthetic-demo,2026-07-17T17:09:40Z,2026-07-17,2026-W29,2026-07-13,2026-07,online,"Fake job, housing or relationship offer",Fake offers (lures),Telegram,,Podkarpackie,RU,Ukrainian women as a group,18-29,Description only,,verified,10.3,"Post offers help finding a ""sponsor"" for women who have just arrived."
PL-001917,synthetic-demo,2026-07-17T17:54:57Z,2026-07-17,2026-W29,2026-07-13,2026-07,in-person,Unwanted sexual comments or propositions,None (in person),,Shop or service,Śląskie,PL,Herself,18-29,Description only,,verified,3.2,"Man at her workplace made sexual comments and suggested she was ""available"" because she is Ukrainian."
PL-001918,synthetic-demo,2026-07-17T23:58:33Z,2026-07-17,2026-W29,2026-07-13,2026-07,in-person,Other (in person),None (in person),,Other,Pomorskie,PL,Herself,18-29,Description only,,pending,,Refused service and humiliated in a shop because she is Ukrainian.
PL-001919,synthetic-demo,2026-07-18T07:19:09Z,2026-07-18,2026-W29,2026-07-13,2026-07,online,False claim to discredit,Abusing benefits / taking jobs,Facebook,,Mazowieckie,PL,Public figure,18-29,Link only,LC-51677,verified,22.5,Post says Ukrainian mothers abuse child benefits and take kindergarten places.
PL-001920,synthetic-demo,2026-07-18T15:11:26Z,2026-07-18,2026-W29,2026-07-13,2026-07,in-person,Rumours or lies spread about her,None (in person),,School or university,Lubelskie,PL,Herself,13-17,Description only,,rejected,2.1,Neighbours spread a rumour that she came to Poland to find a husband.
PL-001921,synthetic-demo,2026-07-18T16:51:03Z,2026-07-18,2026-W29,2026-07-13,2026-07,online,Sexualised content or stereotypes,Available women / brides,Instagram,,Warmińsko-mazurskie,PL,Herself,30-49,Screenshot only,,verified,15,"Page advertises ""Ukrainian brides"" using photos that appear to be taken from a refugee support group."
PL-001922,synthetic-demo,2026-07-18T17:39:35Z,2026-07-18,2026-W29,2026-07-13,2026-07,online,"Fake job, housing or relationship offer",Fake offers (lures),Telegram,,Lubelskie,UA,Ukrainian women as a group,Unknown,Link and screenshot,LC-17677,verified,12.3,"Offer of a hotel job near Lublin with pay far above normal, asks women to send full-length photos."
PL-001923,synthetic-demo,2026-07-18T18:12:41Z,2026-07-18,2026-W29,2026-07-13,2026-07,online,Sexualised content or stereotypes,Available women / brides,X,,Wielkopolskie,PL,Ukrainian women as a group,Unknown,Screenshot only,,verified,36.5,Short clip presents Ukrainian women as available for dating in exchange for help with housing.
PL-001924,synthetic-demo,2026-07-19T12:17:59Z,2026-07-19,2026-W29,2026-07-13,2026-07,online,"Fake job, housing or relationship offer",Fake offers (lures),Classifieds site,,Lubelskie,RU,Ukrainian women as a group,Unknown,Link and screenshot,LC-85495,verified,7.8,"Ad offers a well-paid model job with free housing and travel, and asks for a passport photo first."
PL-001925,synthetic-demo,2026-07-19T14:47:40Z,2026-07-19,2026-W29,2026-07-13,2026-07,online,"Fake job, housing or relationship offer",Fake offers (lures),Classifieds site,,Podkarpackie,UA,Herself,13-17,Link and screenshot,LC-98653,verified,22.7,"Offer of a hostess job near Rzeszów with pay far above normal, asks women to send full-length photos."
PL-001926,synthetic-demo,2026-07-19T15:39:07Z,2026-07-19,2026-W29,2026-07-13,2026-07,in-person,Threats or intimidation,None (in person),,Accommodation or housing,Lubelskie,PL,Herself,18-29,Description only,,pending,,"The ""employer"" from an online ad kept her documents and threatened her when she asked for them back."
PL-001927,synthetic-demo,2026-07-19T16:53:55Z,2026-07-19,2026-W29,2026-07-13,2026-07,in-person,Being followed or watched,None (in person),,Street or public transport,Podkarpackie,PL,Someone she knows,Unknown,Description only,,needs more info,11.2,Person behind a job ad she answered kept calling and turned up at her workplace.
PL-001928,synthetic-demo,2026-07-19T18:31:51Z,2026-07-19,2026-W29,2026-07-13,2026-07,online,Fabricated story,Abusing benefits / taking jobs,Telegram,,Śląskie,UA,Ukrainian women as a group,Unknown,Link and screenshot,LC-33768,verified,46.8,Comment thread says Ukrainian mothers abuse child benefits and take kindergarten places.
PL-001929,synthetic-demo,2026-07-19T20:39:52Z,2026-07-19,2026-W29,2026-07-13,2026-07,online,"Fake job, housing or relationship offer",Fake offers (lures),Telegram,,Lubelskie,UA,Ukrainian women as a group,18-29,Link and screenshot,LC-78639,verified,17.9,"Ad for seasonal farm work abroad through Poland, no company name, contact by private chat only."
PL-001930,synthetic-demo,2026-07-19T20:49:40Z,2026-07-19,2026-W29,2026-07-13,2026-07,online,Harassment or pile-on,Other or unclear,Other,,Dolnośląskie,PL,Ukrainian women as a group,30-49,Link only,LC-55822,verified,15.9,Pile-on in the comments after a Ukrainian woman spoke about her work in local media.
PL-001931,synthetic-demo,2026-07-19T22:23:42Z,2026-07-19,2026-W29,2026-07-13,2026-07,online,Fabricated story,Criminal or dangerous,X,,Podlaskie,PL,Herself,30-49,Link and screenshot,LC-71459,verified,32.3,Video claims Ukrainian women bring disease and crime; uses an unrelated photo.
PL-001932,synthetic-demo,2026-07-19T23:58:33Z,2026-07-19,2026-W29,2026-07-13,2026-07,online,Sexualised content or stereotypes,Sex work stereotypes,Telegram,,Wielkopolskie,PL,Public figure,Unknown,Description only,,needs more info,17.4,"Comment thread describes Ukrainian women as ""easy"" and links this to the war; widely shared."
PL-001933,synthetic-demo,2026-07-20T09:10:38Z,2026-07-20,2026-W30,2026-07-20,2026-07,online,Manipulated image or video,Available women / brides,Instagram,,Małopolskie,PL,Ukrainian women as a group,Unknown,Description only,,rejected,20.2,"Page advertises ""Ukrainian brides"" using photos that appear to be taken from a refugee support group."
PL-001934,synthetic-demo,2026-07-20T09:45:03Z,2026-07-20,2026-W30,2026-07-20,2026-07,in-person,Verbal harassment or insults,None (in person),,Accommodation or housing,Małopolskie,PL,Herself,30-49,Description only,,needs more info,5.8,Shouted at on public transport in Kraków for speaking Ukrainian.
PL-001935,synthetic-demo,2026-07-20T11:22:53Z,2026-07-20,2026-W30,2026-07-20,2026-07,in-person,Threats or intimidation,None (in person),,Workplace,Podkarpackie,PL,Someone she knows,18-29,Description only,,verified,5.3,"The ""employer"" from an online ad kept her documents and threatened her when she asked for them back."
PL-001936,synthetic-demo,2026-07-20T13:34:04Z,2026-07-20,2026-W30,2026-07-20,2026-07,online,Harassment or pile-on,Available women / brides,Telegram,,Lubuskie,PL,Ukrainian women as a group,13-17,Link and screenshot,LC-80592,verified,91.1,"Short clip ranks Ukrainian women by appearance and invites men to ""choose one""."
PL-001937,synthetic-demo,2026-07-20T13:41:11Z,2026-07-20,2026-W30,2026-07-20,2026-07,online,False claim to discredit,Sex work stereotypes,X,,Podkarpackie,PL,Public figure,18-29,Link and screenshot,LC-51426,verified,18.2,Post claims Ukrainian women arriving in Poland mostly work in the sex industry.
PL-001938,synthetic-demo,2026-07-20T18:41:26Z,2026-07-20,2026-W30,2026-07-20,2026-07,in-person,Threats or intimidation,None (in person),,Accommodation or housing,Lubelskie,PL,Someone she knows,Unknown,Description only,,verified,14.3,Followed after meeting someone who offered work through a chat channel.
PL-001939,synthetic-demo,2026-07-20T19:04:25Z,2026-07-20,2026-W30,2026-07-20,2026-07,in-person,Other (in person),None (in person),,Other,Zachodniopomorskie,RU,Someone she knows,18-29,Description only,,verified,25.9,Refused service and humiliated in a shop because she is Ukrainian.
PL-001940,synthetic-demo,2026-07-20T23:11:26Z,2026-07-20,2026-W30,2026-07-20,2026-07,online,"Fake job, housing or relationship offer",Fake offers (lures),Telegram,,Podkarpackie,UA,Ukrainian women as a group,18-29,Screenshot only,,verified,19.4,"Post offers help finding a ""sponsor"" for women who have just arrived."
PL-001941,synthetic-demo,2026-07-20T23:58:33Z,2026-07-20,2026-W30,2026-07-20,2026-07,in-person,Unwanted sexual comments or propositions,None (in person),,Street or public transport,Mazowieckie,PL,Herself,13-17,Description only,,verified,32.8,"Stranger asked whether she was ""one of those Ukrainian girls"" and made sexual remarks."
PL-001942,synthetic-demo,2026-07-21T09:33:21Z,2026-07-21,2026-W30,2026-07-20,2026-07,online,Sexualised content or stereotypes,Came to seduce / steal husbands,Instagram,,Małopolskie,PL,Ukrainian women as a group,Unknown,Link and screenshot,LC-85211,rejected,20,Meme mocks Ukrainian women as only interested in men with money; many replies agree.
PL-001943,synthetic-demo,2026-07-21T10:59:03Z,2026-07-21,2026-W30,2026-07-20,2026-07,online,Sexualised content or stereotypes,Came to seduce / steal husbands,Instagram,,Śląskie,PL,Ukrainian women as a group,Unknown,Link only,LC-35636,verified,13,Comment thread mocks Ukrainian women as only interested in men with money; many replies agree.
PL-001944,synthetic-demo,2026-07-21T11:58:52Z,2026-07-21,2026-W30,2026-07-20,2026-07,online,Fabricated story,Criminal or dangerous,TikTok,,Dolnośląskie,PL,Public figure,18-29,Description only,,verified,17.9,Comment thread claims Ukrainian women bring disease and crime; uses an unrelated photo.
PL-001945,synthetic-demo,2026-07-21T14:40:21Z,2026-07-21,2026-W30,2026-07-20,2026-07,online,False claim to discredit,Abusing benefits / taking jobs,X,,Małopolskie,PL,Public figure,18-29,Description only,,needs more info,25.7,Post claims Ukrainian women receive more benefits than Polish families; the figures are invented.
PL-001946,synthetic-demo,2026-07-21T15:37:33Z,2026-07-21,2026-W30,2026-07-20,2026-07,online,False claim to discredit,Sex work stereotypes,Facebook,,Małopolskie,PL,Ukrainian women as a group,30-49,Link only,LC-61373,verified,10.1,Comments call a Ukrainian woman a sex worker after she posted about her new job.
PL-001947,synthetic-demo,2026-07-22T06:14:55Z,2026-07-22,2026-W30,2026-07-20,2026-07,online,False claim to discredit,Sex work stereotypes,Facebook,,Mazowieckie,PL,Herself,18-29,Link only,LC-20165,verified,104.4,Meme claims Ukrainian women arriving in Poland mostly work in the sex industry.
PL-001948,synthetic-demo,2026-07-22T07:31:32Z,2026-07-22,2026-W30,2026-07-20,2026-07,online,Manipulated image or video,Available women / brides,TikTok,,Łódzkie,PL,Ukrainian women as a group,13-17,Screenshot only,,verified,23.3,"Account shares sexualised images captioned as Ukrainian women ""looking for a husband""."
PL-001949,synthetic-demo,2026-07-22T07:53:58Z,2026-07-22,2026-W30,2026-07-20,2026-07,in-person,Physical or sexual violence,None (in person),,Street or public transport,Mazowieckie,PL,Herself,Unknown,Description only,,verified,9.5,Touched without consent by a co-worker; the manager did nothing.
PL-001950,synthetic-demo,2026-07-22T12:32:01Z,2026-07-22,2026-W30,2026-07-20,2026-07,online,Sexualised content or stereotypes,Available women / brides,TikTok,,Śląskie,PL,Herself,Unknown,Link only,LC-98450,verified,11.1,"Account shares sexualised images captioned as Ukrainian women ""looking for a husband""."
PL-001951,synthetic-demo,2026-07-22T12:59:39Z,2026-07-22,2026-W30,2026-07-20,2026-07,online,Sexualised content or stereotypes,Available women / brides,Instagram,,Wielkopolskie,PL,Herself,30-49,Link and screenshot,LC-50351,verified,35.1,"Page advertises ""Ukrainian brides"" using photos that appear to be taken from a refugee support group."
PL-001952,synthetic-demo,2026-07-22T13:16:49Z,2026-07-22,2026-W30,2026-07-20,2026-07,online,False claim to discredit,Abusing benefits / taking jobs,Facebook,,Podkarpackie,PL,Ukrainian women as a group,Unknown,Link and screenshot,LC-30717,verified,4.5,Carousel post claims Ukrainian women take jobs from Polish women while living on benefits.
PL-001953,synthetic-demo,2026-07-22T13:37:00Z,2026-07-22,2026-W30,2026-07-20,2026-07,online,Harassment or pile-on,Abusing benefits / taking jobs,X,,Podkarpackie,EN,Someone she knows,50+,Screenshot only,,verified,33.7,Post claims Ukrainian women receive more benefits than Polish families; the figures are invented.
PL-001954,synthetic-demo,2026-07-22T14:26:23Z,2026-07-22,2026-W30,2026-07-20,2026-07,in-person,Threats or intimidation,None (in person),,Shop or service,Mazowieckie,PL,Herself,13-17,Photo,,verified,58.7,Employer threatened to report her to the authorities if she complained about pay.
PL-001955,synthetic-demo,2026-07-22T15:12:19Z,2026-07-22,2026-W30,2026-07-20,2026-07,online,False claim to discredit,Abusing benefits / taking jobs,X,,Lubelskie,PL,Herself,18-29,Description only,,verified,14.8,Meme claims Ukrainian women take jobs from Polish women while living on benefits.
PL-001956,synthetic-demo,2026-07-22T16:01:26Z,2026-07-22,2026-W30,2026-07-20,2026-07,online,"Fake job, housing or relationship offer",Fake offers (lures),Telegram,,Dolnośląskie,RU,Ukrainian women as a group,18-29,Link only,LC-68003,verified,11.4,"Ad offers a well-paid massage salon job with free housing and travel, and asks for a passport photo first."
PL-001957,synthetic-demo,2026-07-22T17:00:45Z,2026-07-22,2026-W30,2026-07-20,2026-07,online,"Fake job, housing or relationship offer",Fake offers (lures),WhatsApp,,Śląskie,UA,Herself,18-29,Link and screenshot,LC-60135,verified,29.1,"Ad offers a well-paid cleaning job with free housing and travel, and asks for a passport photo first."
PL-001958,synthetic-demo,2026-07-22T18:41:04Z,2026-07-22,2026-W30,2026-07-20,2026-07,in-person,Threats or intimidation,None (in person),,Workplace,Lubelskie,PL,Someone she knows,Unknown,Description only,,pending,,Former partner threatened to share private photos.
PL-001959,synthetic-demo,2026-07-22T19:23:39Z,2026-07-22,2026-W30,2026-07-20,2026-07,online,Manipulated image or video,Stolen photos / fake profiles,Telegram,,Mazowieckie,RU,Herself,13-17,Description only,,rejected,23.5,Dating profile uses photos of a Ukrainian woman without her consent.
PL-001960,synthetic-demo,2026-07-22T20:22:09Z,2026-07-22,2026-W30,2026-07-20,2026-07,in-person,Being followed or watched,None (in person),,Street or public transport,Podkarpackie,PL,Herself,18-29,Description only,,verified,22.6,Threatened by a man from an online job offer when she would not go with him.
PL-001961,synthetic-demo,2026-07-23T11:37:04Z,2026-07-23,2026-W30,2026-07-20,2026-07,online,Fabricated story,Criminal or dangerous,Facebook,,Małopolskie,PL,Ukrainian women as a group,Unknown,Link only,LC-56953,verified,14.5,Video claims Ukrainian women bring disease and crime; uses an unrelated photo.
PL-001962,synthetic-demo,2026-07-23T11:41:11Z,2026-07-23,2026-W30,2026-07-20,2026-07,online,False claim to discredit,Abusing benefits / taking jobs,Facebook,,Podkarpackie,PL,Herself,18-29,Description only,,rejected,24.1,"Chart with false numbers about benefits paid to Ukrainian women, shared as if official."
PL-001963,synthetic-demo,2026-07-23T16:45:26Z,2026-07-23,2026-W30,2026-07-20,2026-07,online,"Fake job, housing or relationship offer",Fake offers (lures),Facebook,,Śląskie,RU,Ukrainian women as a group,13-17,Screenshot only,,verified,69.7,"Message offers a free room to young Ukrainian women ""in exchange for help around the house""."
PL-001964,synthetic-demo,2026-07-23T17:40:45Z,2026-07-23,2026-W30,2026-07-20,2026-07,online,Fabricated story,Came to seduce / steal husbands,X,,Lubelskie,PL,Ukrainian women as a group,Unknown,Screenshot only,,verified,13.4,Post on X claims Ukrainian women come to Poland to find Polish husbands.
PL-001965,synthetic-demo,2026-07-23T19:04:24Z,2026-07-23,2026-W30,2026-07-20,2026-07,online,Harassment or pile-on,Came to seduce / steal husbands,Instagram,,Mazowieckie,PL,Public figure,18-29,Link only,LC-86119,verified,39.2,"Comments under a local news story say Ukrainian women ""take"" Polish men and break up families."
PL-001966,synthetic-demo,2026-07-23T19:14:15Z,2026-07-23,2026-W30,2026-07-20,2026-07,online,Fabricated story,Other or unclear,Facebook,,Łódzkie,PL,Public figure,18-29,Description only,,needs more info,16.7,Her home area and phone number were posted in a hostile group.
PL-001967,synthetic-demo,2026-07-23T21:14:21Z,2026-07-23,2026-W30,2026-07-20,2026-07,online,Sexualised content or stereotypes,Sex work stereotypes,Instagram,,Opolskie,PL,Ukrainian women as a group,Unknown,Link and screenshot,LC-38377,verified,55.4,"Comment thread describes Ukrainian women as ""easy"" and links this to the war; widely shared."
PL-001968,synthetic-demo,2026-07-24T02:56:42Z,2026-07-24,2026-W30,2026-07-20,2026-07,online,Harassment or pile-on,Criminal or dangerous,TikTok,,Śląskie,PL,Herself,30-49,Screenshot only,,verified,43.7,Short clip claims Ukrainian women run scams targeting elderly people; no source.
PL-001969,synthetic-demo,2026-07-24T04:48:44Z,2026-07-24,2026-W30,2026-07-20,2026-07,online,False claim to discredit,Abusing benefits / taking jobs,Facebook,,Podlaskie,PL,Ukrainian women as a group,18-29,Link only,LC-17978,verified,3.4,Post claims Ukrainian women receive more benefits than Polish families; the figures are invented.
PL-001970,synthetic-demo,2026-07-24T07:41:13Z,2026-07-24,2026-W30,2026-07-20,2026-07,in-person,Unwanted sexual comments or propositions,None (in person),,Accommodation or housing,Łódzkie,PL,Herself,13-17,Photo,,verified,121,"Landlord made sexual comments and hinted rent could be ""paid another way""."
PL-001971,synthetic-demo,2026-07-24T09:55:46Z,2026-07-24,2026-W30,2026-07-20,2026-07,online,False claim to discredit,Sex work stereotypes,Facebook,,Wielkopolskie,PL,Public figure,Unknown,Link only,LC-30799,verified,33.1,Comments call a Ukrainian woman a sex worker after she posted about her new job.
PL-001972,synthetic-demo,2026-07-24T10:01:49Z,2026-07-24,2026-W30,2026-07-20,2026-07,online,Harassment or pile-on,Sex work stereotypes,Instagram,,Mazowieckie,PL,Ukrainian women as a group,18-29,Link and screenshot,LC-25649,verified,46.1,"Comment thread describes Ukrainian women as ""easy"" and links this to the war; widely shared."
PL-001973,synthetic-demo,2026-07-24T13:08:01Z,2026-07-24,2026-W30,2026-07-20,2026-07,online,Harassment or pile-on,Sex work stereotypes,X,,Mazowieckie,EN,Ukrainian women as a group,Unknown,Link only,LC-77267,verified,6.9,Comments call a Ukrainian woman a sex worker after she posted about her new job.
PL-001974,synthetic-demo,2026-07-24T14:51:02Z,2026-07-24,2026-W30,2026-07-20,2026-07,online,"Fake job, housing or relationship offer",Fake offers (lures),Telegram,,Lubelskie,UA,Ukrainian women as a group,Unknown,Link and screenshot,LC-95929,verified,21.6,"Message offers a free room to young Ukrainian women ""in exchange for help around the house""."
PL-001975,synthetic-demo,2026-07-24T15:28:38Z,2026-07-24,2026-W30,2026-07-20,2026-07,in-person,Being followed or watched,None (in person),,Workplace,Podkarpackie,PL,Herself,30-49,Photo,,verified,30.4,"The ""employer"" from an online ad kept her documents and threatened her when she asked for them back."
PL-001976,synthetic-demo,2026-07-24T16:44:30Z,2026-07-24,2026-W30,2026-07-20,2026-07,online,Sexualised content or stereotypes,Came to seduce / steal husbands,X,,Wielkopolskie,PL,Herself,Unknown,Link only,LC-15690,verified,10.5,Meme mocks Ukrainian women as only interested in men with money; many replies agree.
PL-001977,synthetic-demo,2026-07-24T17:03:42Z,2026-07-24,2026-W30,2026-07-20,2026-07,in-person,Rumours or lies spread about her,None (in person),,Street or public transport,Łódzkie,PL,Herself,18-29,Description only,,needs more info,14.5,Neighbours spread a rumour that she came to Poland to find a husband.
PL-001978,synthetic-demo,2026-07-25T05:02:33Z,2026-07-25,2026-W30,2026-07-20,2026-07,in-person,Verbal harassment or insults,None (in person),,Shop or service,Pomorskie,PL,Herself,18-29,Description only,,verified,22.9,Insulted by a customer at work after they heard her accent.
PL-001979,synthetic-demo,2026-07-25T05:05:32Z,2026-07-25,2026-W30,2026-07-20,2026-07,in-person,Being followed or watched,None (in person),,Street or public transport,Mazowieckie,PL,Someone she knows,18-29,Description only,,needs more info,23.7,Followed from the bus stop to her accommodation twice in one week.
PL-001980,synthetic-demo,2026-07-25T10:08:05Z,2026-07-25,2026-W30,2026-07-20,2026-07,online,Harassment or pile-on,Came to seduce / steal husbands,X,,Mazowieckie,PL,Ukrainian women as a group,Unknown,Screenshot only,,verified,77.3,Carousel post mocks Ukrainian women as only interested in men with money; many replies agree.
PL-001981,synthetic-demo,2026-07-25T13:44:17Z,2026-07-25,2026-W30,2026-07-20,2026-07,online,Harassment or pile-on,Came to seduce / steal husbands,Facebook,,Pomorskie,PL,Someone she knows,50+,Link only,LC-31402,verified,24.9,"Comments under a local news story say Ukrainian women ""take"" Polish men and break up families."
PL-001982,synthetic-demo,2026-07-25T17:06:49Z,2026-07-25,2026-W30,2026-07-20,2026-07,online,Fabricated story,Abusing benefits / taking jobs,X,,Pomorskie,PL,Someone she knows,30-49,Link only,LC-25344,verified,32.4,"Chart with false numbers about benefits paid to Ukrainian women, shared as if official."
PL-001983,synthetic-demo,2026-07-25T23:58:33Z,2026-07-25,2026-W30,2026-07-20,2026-07,in-person,Threats or intimidation,None (in person),,Street or public transport,Podkarpackie,PL,Herself,30-49,Photo,,verified,16.4,Followed after meeting someone who offered work through a chat channel.
PL-001984,synthetic-demo,2026-07-26T07:05:59Z,2026-07-26,2026-W30,2026-07-20,2026-07,online,Sexualised content or stereotypes,Available women / brides,X,,Podkarpackie,RU,Ukrainian women as a group,Unknown,Screenshot only,,verified,28.3,"Page advertises ""Ukrainian brides"" using photos that appear to be taken from a refugee support group."
PL-001985,synthetic-demo,2026-07-26T11:21:39Z,2026-07-26,2026-W30,2026-07-20,2026-07,online,Harassment or pile-on,Available women / brides,TikTok,,Pomorskie,PL,Herself,13-17,Description only,,verified,11.2,"Page advertises ""Ukrainian brides"" using photos that appear to be taken from a refugee support group."
PL-001986,synthetic-demo,2026-07-26T11:23:20Z,2026-07-26,2026-W30,2026-07-20,2026-07,online,Manipulated image or video,Stolen photos / fake profiles,X,,Śląskie,PL,Someone she knows,30-49,Screenshot only,,verified,43,Photos from a Ukrainian woman's private account reposted on a page with sexual captions.
PL-001987,synthetic-demo,2026-07-26T12:45:42Z,2026-07-26,2026-W30,2026-07-20,2026-07,in-person,Rumours or lies spread about her,None (in person),,School or university,Kujawsko-pomorskie,PL,Someone she knows,30-49,Description only,,verified,39,Neighbours spread a rumour that she came to Poland to find a husband.
PL-001988,synthetic-demo,2026-07-26T13:52:58Z,2026-07-26,2026-W30,2026-07-20,2026-07,online,"Fake job, housing or relationship offer",Fake offers (lures),Telegram,,Mazowieckie,RU,Ukrainian women as a group,Unknown,Screenshot only,,verified,5.3,"Message offers a free room to young Ukrainian women ""in exchange for help around the house""."
PL-001989,synthetic-demo,2026-07-26T14:13:05Z,2026-07-26,2026-W30,2026-07-20,2026-07,online,Harassment or pile-on,Came to seduce / steal husbands,Other,,Pomorskie,PL,Ukrainian women as a group,Unknown,Link only,LC-63426,verified,14.5,"Comments under a local news story say Ukrainian women ""take"" Polish men and break up families."
PL-001990,synthetic-demo,2026-07-26T15:18:11Z,2026-07-26,2026-W30,2026-07-20,2026-07,in-person,Other (in person),None (in person),,Workplace,Kujawsko-pomorskie,PL,Herself,18-29,Description only,,rejected,46,Treated in a degrading way at an office when asking for help.
PL-001991,synthetic-demo,2026-07-26T16:12:06Z,2026-07-26,2026-W30,2026-07-20,2026-07,in-person,Unwanted sexual comments or propositions,None (in person),,Accommodation or housing,Podkarpackie,PL,Herself,18-29,Description only,,verified,14.9,Person behind a job ad she answered kept calling and turned up at her workplace.
PL-001992,synthetic-demo,2026-07-26T17:36:09Z,2026-07-26,2026-W30,2026-07-20,2026-07,online,"Fake job, housing or relationship offer",Fake offers (lures),WhatsApp,,Mazowieckie,UA,Herself,13-17,Link and screenshot,LC-47584,rejected,21.7,"Message offers a free room to young Ukrainian women ""in exchange for help around the house""."
PL-001993,synthetic-demo,2026-07-26T19:18:11Z,2026-07-26,2026-W30,2026-07-20,2026-07,online,Harassment or pile-on,Abusing benefits / taking jobs,Instagram,,Małopolskie,UA,Someone she knows,18-29,Screenshot only,,verified,6.3,Post claims Ukrainian women receive more benefits than Polish families; the figures are invented.
PL-001994,synthetic-demo,2026-07-26T23:21:47Z,2026-07-26,2026-W30,2026-07-20,2026-07,online,Other (online),Other or unclear,TikTok,,Lubelskie,UA,Someone she knows,18-29,Link and screenshot,LC-13026,verified,15,Pile-on in the comments after a Ukrainian woman spoke about her work in local media.
PL-001995,synthetic-demo,2026-07-27T06:57:37Z,2026-07-27,2026-W31,2026-07-27,2026-07,in-person,Unwanted sexual comments or propositions,None (in person),,Street or public transport,Podkarpackie,PL,Herself,30-49,Photo,,verified,44.8,Followed after meeting someone who offered work through a chat channel.
PL-001996,synthetic-demo,2026-07-27T14:24:21Z,2026-07-27,2026-W31,2026-07-27,2026-07,online,Fabricated story,Criminal or dangerous,Facebook,,Lubelskie,PL,Public figure,18-29,Link only,LC-81400,verified,24.8,Fabricated story says a Ukrainian woman stole from her employer; the photo is from another country.
PL-001997,synthetic-demo,2026-07-27T14:26:14Z,2026-07-27,2026-W31,2026-07-27,2026-07,online,Fabricated story,Came to seduce / steal husbands,Telegram,,Podkarpackie,RU,Ukrainian women as a group,Unknown,Link and screenshot,LC-46913,verified,7.4,Post uses a sexualised stereotype of Ukrainian women to joke about Polish wives.
PL-001998,synthetic-demo,2026-07-27T15:44:52Z,2026-07-27,2026-W31,2026-07-27,2026-07,in-person,Verbal harassment or insults,None (in person),,School or university,Łódzkie,PL,Someone she knows,18-29,Description only,,rejected,4.6,Group of men called her names linked to her nationality in the street.
PL-001999,synthetic-demo,2026-07-27T16:54:33Z,2026-07-27,2026-W31,2026-07-27,2026-07,online,Harassment or pile-on,Sex work stereotypes,TikTok,,Pomorskie,PL,Someone she knows,13-17,Link and screenshot,LC-89754,rejected,6.5,Comments call a Ukrainian woman a sex worker after she posted about her new job.
PL-002000,synthetic-demo,2026-07-27T18:16:16Z,2026-07-27,2026-W31,2026-07-27,2026-07,online,Manipulated image or video,Criminal or dangerous,Instagram,,Małopolskie,PL,Public figure,Unknown,Description only,,verified,8.7,Old crime story from another country reshared as if it happened in Kraków with a Ukrainian woman.
PL-002001,synthetic-demo,2026-07-27T18:36:43Z,2026-07-27,2026-W31,2026-07-27,2026-07,in-person,Unwanted sexual comments or propositions,None (in person),,Community or religious place,Świętokrzyskie,PL,Someone she knows,30-49,Description only,,needs more info,14.6,"Landlord made sexual comments and hinted rent could be ""paid another way""."
PL-002002,synthetic-demo,2026-07-27T18:49:44Z,2026-07-27,2026-W31,2026-07-27,2026-07,online,Sexualised content or stereotypes,Available women / brides,X,,Pomorskie,PL,Someone she knows,50+,Link and screenshot,LC-88482,verified,1.6,"Meme ranks Ukrainian women by appearance and invites men to ""choose one""."
PL-002003,synthetic-demo,2026-07-27T23:39:59Z,2026-07-27,2026-W31,2026-07-27,2026-07,online,Manipulated image or video,Criminal or dangerous,Instagram,,Podkarpackie,EN,Someone she knows,18-29,Link only,LC-41341,verified,13.1,Old crime story from another country reshared as if it happened in Rzeszów with a Ukrainian woman.
PL-002004,synthetic-demo,2026-07-27T23:58:33Z,2026-07-27,2026-W31,2026-07-27,2026-07,online,Sexualised content or stereotypes,Available women / brides,TikTok,,Kujawsko-pomorskie,EN,Ukrainian women as a group,Unknown,Link and screenshot,LC-29308,verified,7,"Short clip ranks Ukrainian women by appearance and invites men to ""choose one""."
PL-002005,synthetic-demo,2026-07-28T05:12:17Z,2026-07-28,2026-W31,2026-07-27,2026-07,online,Fabricated story,Abusing benefits / taking jobs,X,,Łódzkie,PL,Someone she knows,13-17,Link only,LC-63268,verified,9.4,Comment thread says Ukrainian mothers abuse child benefits and take kindergarten places.
PL-002006,synthetic-demo,2026-07-28T12:17:02Z,2026-07-28,2026-W31,2026-07-27,2026-07,in-person,Verbal harassment or insults,None (in person),,Accommodation or housing,Mazowieckie,PL,Someone she knows,30-49,Description only,,verified,19.5,Group of men called her names linked to her nationality in the street.
PL-002007,synthetic-demo,2026-07-28T13:54:56Z,2026-07-28,2026-W31,2026-07-27,2026-07,in-person,Threats or intimidation,None (in person),,Accommodation or housing,Śląskie,PL,Herself,30-49,Description only,,verified,3.5,Former partner threatened to share private photos.
PL-002008,synthetic-demo,2026-07-28T15:25:57Z,2026-07-28,2026-W31,2026-07-27,2026-07,in-person,Threats or intimidation,None (in person),,Accommodation or housing,Lubelskie,PL,Herself,18-29,Description only,,verified,10.5,Man who posted a housing offer online waited outside her accommodation after she refused.
PL-002009,synthetic-demo,2026-07-28T17:55:40Z,2026-07-28,2026-W31,2026-07-27,2026-07,online,Fabricated story,Criminal or dangerous,Telegram,,Mazowieckie,UA,Ukrainian women as a group,Unknown,Link and screenshot,LC-73511,verified,7.7,Old crime story from another country reshared as if it happened in Warsaw with a Ukrainian woman.
PL-002010,synthetic-demo,2026-07-28T18:33:22Z,2026-07-28,2026-W31,2026-07-27,2026-07,in-person,Threats or intimidation,None (in person),,Other,Zachodniopomorskie,PL,Herself,Unknown,Description only,,verified,26,Employer threatened to report her to the authorities if she complained about pay.
PL-002011,synthetic-demo,2026-07-28T19:49:04Z,2026-07-28,2026-W31,2026-07-27,2026-07,in-person,Other (in person),None (in person),,Shop or service,Mazowieckie,PL,Someone she knows,18-29,Description only,,verified,6.5,Treated in a degrading way at an office when asking for help.
PL-002012,synthetic-demo,2026-07-28T22:40:36Z,2026-07-28,2026-W31,2026-07-27,2026-07,online,Doxxing or exposure,Stolen photos / fake profiles,Telegram,,Łódzkie,UA,Herself,30-49,Link only,LC-65089,verified,5.9,Edited photo puts a Ukrainian woman's face on a sexualised image; shared in a group.
PL-002013,synthetic-demo,2026-07-29T11:05:25Z,2026-07-29,2026-W31,2026-07-27,2026-07,online,Fabricated story,Came to seduce / steal husbands,TikTok,,Małopolskie,PL,Ukrainian women as a group,Unknown,Link only,LC-44197,verified,13.5,Video uses a sexualised stereotype of Ukrainian women to joke about Polish wives.
PL-002014,synthetic-demo,2026-07-29T14:11:13Z,2026-07-29,2026-W31,2026-07-27,2026-07,online,Fabricated story,Abusing benefits / taking jobs,X,,Śląskie,PL,Ukrainian women as a group,Unknown,Screenshot only,,verified,20.4,Short clip says Ukrainian mothers abuse child benefits and take kindergarten places.
PL-002015,synthetic-demo,2026-07-29T14:29:03Z,2026-07-29,2026-W31,2026-07-27,2026-07,online,Fabricated story,Criminal or dangerous,Telegram,,Opolskie,UA,Public figure,18-29,Description only,,rejected,57.2,Video claims Ukrainian women run scams targeting elderly people; no source.
PL-002016,synthetic-demo,2026-07-29T14:35:27Z,2026-07-29,2026-W31,2026-07-27,2026-07,in-person,Threats or intimidation,None (in person),,Other,Podlaskie,PL,Herself,18-29,Description only,,needs more info,23,Employer threatened to report her to the authorities if she complained about pay.
PL-002017,synthetic-demo,2026-07-29T15:50:22Z,2026-07-29,2026-W31,2026-07-27,2026-07,online,Harassment or pile-on,Criminal or dangerous,X,,Świętokrzyskie,PL,Herself,30-49,Screenshot only,,verified,6.2,Carousel post claims Ukrainian women bring disease and crime; uses an unrelated photo.
PL-002018,synthetic-demo,2026-07-29T17:03:10Z,2026-07-29,2026-W31,2026-07-27,2026-07,online,Sexualised content or stereotypes,Available women / brides,Facebook,,Świętokrzyskie,PL,Ukrainian women as a group,30-49,Screenshot only,,verified,8.6,"Account shares sexualised images captioned as Ukrainian women ""looking for a husband""."
PL-002019,synthetic-demo,2026-07-29T17:53:03Z,2026-07-29,2026-W31,2026-07-27,2026-07,online,Sexualised content or stereotypes,Available women / brides,Instagram,,Podkarpackie,PL,Ukrainian women as a group,Unknown,Link only,LC-12654,verified,67.6,"Page advertises ""Ukrainian brides"" using photos that appear to be taken from a refugee support group."
PL-002020,synthetic-demo,2026-07-29T18:50:29Z,2026-07-29,2026-W31,2026-07-27,2026-07,in-person,Unwanted sexual comments or propositions,None (in person),,Workplace,Pomorskie,PL,Herself,18-29,Photo,,verified,24,"Landlord made sexual comments and hinted rent could be ""paid another way""."
PL-002021,synthetic-demo,2026-07-29T20:02:32Z,2026-07-29,2026-W31,2026-07-27,2026-07,online,Sexualised content or stereotypes,Sex work stereotypes,X,,Pomorskie,EN,Ukrainian women as a group,Unknown,Screenshot only,,verified,14.7,Post suggests a reception point in Gdańsk is used for sex work; no evidence given.
PL-002022,synthetic-demo,2026-07-29T21:52:37Z,2026-07-29,2026-W31,2026-07-27,2026-07,online,Fabricated story,Criminal or dangerous,TikTok,,Pomorskie,PL,Public figure,18-29,Link only,LC-48477,verified,24.6,Carousel post claims Ukrainian women bring disease and crime; uses an unrelated photo.
PL-002023,synthetic-demo,2026-07-29T23:14:12Z,2026-07-29,2026-W31,2026-07-27,2026-07,online,Sexualised content or stereotypes,Sex work stereotypes,X,,Mazowieckie,PL,Ukrainian women as a group,Unknown,Link only,LC-76104,verified,23.5,Comments call a Ukrainian woman a sex worker after she posted about her new job.
PL-002024,synthetic-demo,2026-07-30T09:58:13Z,2026-07-30,2026-W31,2026-07-27,2026-07,online,Harassment or pile-on,Came to seduce / steal husbands,X,,Pomorskie,PL,Herself,50+,Link only,LC-37144,verified,1.9,Comment thread on X claims Ukrainian women come to Poland to find Polish husbands.
PL-002025,synthetic-demo,2026-07-30T11:18:52Z,2026-07-30,2026-W31,2026-07-27,2026-07,in-person,Threats or intimidation,None (in person),,Accommodation or housing,Podkarpackie,PL,Herself,30-49,Description only,,verified,41,Man who posted a housing offer online waited outside her accommodation after she refused.
PL-002026,synthetic-demo,2026-07-30T11:59:47Z,2026-07-30,2026-W31,2026-07-27,2026-07,online,Fabricated story,Criminal or dangerous,Facebook,,Śląskie,PL,Herself,30-49,Screenshot only,,verified,11.6,Fabricated story says a Ukrainian woman stole from her employer; the photo is from another country.
PL-002027,synthetic-demo,2026-07-30T13:07:16Z,2026-07-30,2026-W31,2026-07-27,2026-07,online,Harassment or pile-on,Criminal or dangerous,X,,Dolnośląskie,PL,Public figure,18-29,Link and screenshot,LC-49701,verified,93.9,Old crime story from another country reshared as if it happened in Wrocław with a Ukrainian woman.
PL-002028,synthetic-demo,2026-07-30T13:15:22Z,2026-07-30,2026-W31,2026-07-27,2026-07,online,False claim to discredit,Abusing benefits / taking jobs,X,,Podkarpackie,PL,Herself,18-29,Link and screenshot,LC-68114,verified,29.6,"Chart with false numbers about benefits paid to Ukrainian women, shared as if official."
PL-002029,synthetic-demo,2026-07-30T13:27:36Z,2026-07-30,2026-W31,2026-07-27,2026-07,in-person,Being followed or watched,None (in person),,Accommodation or housing,Podkarpackie,PL,Herself,18-29,Photo,,verified,19.5,Followed after meeting someone who offered work through a chat channel.
PL-002030,synthetic-demo,2026-07-30T17:08:37Z,2026-07-30,2026-W31,2026-07-27,2026-07,online,Manipulated image or video,Criminal or dangerous,Instagram,,Mazowieckie,PL,Ukrainian women as a group,Unknown,Description only,,verified,10,Video claims Ukrainian women bring disease and crime; uses an unrelated photo.
PL-002031,synthetic-demo,2026-07-30T18:58:45Z,2026-07-30,2026-W31,2026-07-27,2026-07,online,Fabricated story,Criminal or dangerous,Facebook,,Mazowieckie,PL,Herself,50+,Link and screenshot,LC-85129,verified,15.3,Meme claims Ukrainian women bring disease and crime; uses an unrelated photo.
PL-002032,synthetic-demo,2026-07-30T21:20:16Z,2026-07-30,2026-W31,2026-07-27,2026-07,online,Manipulated image or video,Available women / brides,TikTok,,Mazowieckie,PL,Someone she knows,13-17,Link and screenshot,LC-85222,rejected,33.3,"Account shares sexualised images captioned as Ukrainian women ""looking for a husband""."
PL-002033,synthetic-demo,2026-07-30T23:28:36Z,2026-07-30,2026-W31,2026-07-27,2026-07,online,Manipulated image or video,Available women / brides,Facebook,,Opolskie,PL,Public figure,Unknown,Screenshot only,,verified,32.3,"Meme ranks Ukrainian women by appearance and invites men to ""choose one""."
PL-002034,synthetic-demo,2026-07-31T08:44:18Z,2026-07-31,2026-W31,2026-07-27,2026-07,online,Manipulated image or video,Criminal or dangerous,Instagram,,Mazowieckie,PL,Ukrainian women as a group,18-29,Link only,LC-29058,verified,32.5,Old crime story from another country reshared as if it happened in Warsaw with a Ukrainian woman.
PL-002035,synthetic-demo,2026-07-31T11:47:00Z,2026-07-31,2026-W31,2026-07-27,2026-07,online,Harassment or pile-on,Other or unclear,Instagram,,Świętokrzyskie,PL,Herself,18-29,Screenshot only,,verified,12.2,Meme targets a Ukrainian woman activist with insults and false claims about her past.
PL-002036,synthetic-demo,2026-07-31T13:03:08Z,2026-07-31,2026-W31,2026-07-27,2026-07,online,Harassment or pile-on,Sex work stereotypes,TikTok,,Pomorskie,PL,Ukrainian women as a group,Unknown,Link and screenshot,LC-11483,verified,13.8,"Video describes Ukrainian women as ""easy"" and links this to the war; widely shared."
PL-002037,synthetic-demo,2026-07-31T13:07:44Z,2026-07-31,2026-W31,2026-07-27,2026-07,online,False claim to discredit,Abusing benefits / taking jobs,X,,Mazowieckie,EN,Herself,50+,Link and screenshot,LC-45505,verified,7.2,Post claims Ukrainian women take jobs from Polish women while living on benefits.
PL-002038,synthetic-demo,2026-07-31T13:33:48Z,2026-07-31,2026-W31,2026-07-27,2026-07,in-person,Being followed or watched,None (in person),,Workplace,Podkarpackie,PL,Herself,18-29,Description only,,rejected,9.9,Man she did not know kept appearing near her building and watching the entrance.
PL-002039,synthetic-demo,2026-07-31T23:58:33Z,2026-07-31,2026-W31,2026-07-27,2026-07,in-person,Other (in person),None (in person),,Shop or service,Lubelskie,PL,Herself,18-29,Photo,,verified,33.4,Refused service and humiliated in a shop because she is Ukrainian.
PL-002040,synthetic-demo,2026-07-31T23:58:33Z,2026-07-31,2026-W31,2026-07-27,2026-07,online,Fabricated story,Abusing benefits / taking jobs,Telegram,,Warmińsko-mazurskie,PL,Herself,18-29,Link only,LC-17277,verified,19.2,Post claims Ukrainian women receive more benefits than Polish families; the figures are invented.
PL-002041,synthetic-demo,2026-08-01T07:38:59Z,2026-08-01,2026-W31,2026-07-27,2026-08,online,Sexualised content or stereotypes,Came to seduce / steal husbands,X,,Pomorskie,PL,Herself,50+,Description only,,verified,12.2,"Comments under a local news story say Ukrainian women ""take"" Polish men and break up families."
PL-002042,synthetic-demo,2026-08-01T11:13:09Z,2026-08-01,2026-W31,2026-07-27,2026-08,online,Fabricated story,Criminal or dangerous,X,,Pomorskie,PL,Public figure,18-29,Link only,LC-87383,verified,68.8,Fabricated story says a Ukrainian woman stole from her employer; the photo is from another country.
PL-002043,synthetic-demo,2026-08-01T11:44:56Z,2026-08-01,2026-W31,2026-07-27,2026-08,online,Manipulated image or video,Stolen photos / fake profiles,Facebook,,Pomorskie,PL,Herself,18-29,Link and screenshot,LC-39561,verified,3.9,Edited photo puts a Ukrainian woman's face on a sexualised image; shared in a group.
PL-002044,synthetic-demo,2026-08-01T13:57:28Z,2026-08-01,2026-W31,2026-07-27,2026-08,online,"Fake job, housing or relationship offer",Fake offers (lures),Classifieds site,,Wielkopolskie,UA,Herself,18-29,Link only,LC-91237,verified,32.1,"Message offers a free room to young Ukrainian women ""in exchange for help around the house""."
PL-002045,synthetic-demo,2026-08-01T14:04:47Z,2026-08-01,2026-W31,2026-07-27,2026-08,in-person,Verbal harassment or insults,None (in person),,Workplace,Lubelskie,PL,Herself,Unknown,Description only,,needs more info,49,Shouted at on public transport in Lublin for speaking Ukrainian.
PL-002046,synthetic-demo,2026-08-01T15:26:13Z,2026-08-01,2026-W31,2026-07-27,2026-08,online,Sexualised content or stereotypes,Came to seduce / steal husbands,TikTok,,Łódzkie,PL,Someone she knows,18-29,Description only,,verified,20.3,Meme on TikTok claims Ukrainian women come to Poland to find Polish husbands.
PL-002047,synthetic-demo,2026-08-01T15:31:10Z,2026-08-01,2026-W31,2026-07-27,2026-08,online,Doxxing or exposure,Stolen photos / fake profiles,Telegram,,Małopolskie,RU,Someone she knows,18-29,Link and screenshot,LC-78406,verified,37.4,Edited photo puts a Ukrainian woman's face on a sexualised image; shared in a group.
PL-002048,synthetic-demo,2026-08-01T15:43:54Z,2026-08-01,2026-W31,2026-07-27,2026-08,online,Sexualised content or stereotypes,Came to seduce / steal husbands,Instagram,,Śląskie,PL,Public figure,30-49,Link and screenshot,LC-30178,rejected,6.8,Carousel post on Instagram claims Ukrainian women come to Poland to find Polish husbands.
PL-002049,synthetic-demo,2026-08-01T17:03:11Z,2026-08-01,2026-W31,2026-07-27,2026-08,online,Manipulated image or video,Stolen photos / fake profiles,TikTok,,Wielkopolskie,PL,Herself,13-17,Link only,LC-37700,verified,13,Dating profile uses photos of a Ukrainian woman without her consent.
PL-002050,synthetic-demo,2026-08-01T18:05:23Z,2026-08-01,2026-W31,2026-07-27,2026-08,online,False claim to discredit,Sex work stereotypes,Facebook,,Mazowieckie,PL,Herself,18-29,Link only,LC-88887,verified,12.4,Comment thread claims Ukrainian women arriving in Poland mostly work in the sex industry.
PL-002051,synthetic-demo,2026-08-01T20:16:54Z,2026-08-01,2026-W31,2026-07-27,2026-08,online,"Fake job, housing or relationship offer",Fake offers (lures),Facebook,,Pomorskie,PL,Herself,13-17,Link only,LC-65098,verified,17.5,"Ad offers a well-paid hostess job with free housing and travel, and asks for a passport photo first."
PL-002052,synthetic-demo,2026-08-02T10:17:08Z,2026-08-02,2026-W31,2026-07-27,2026-08,online,Fabricated story,Criminal or dangerous,Facebook,,Opolskie,PL,Herself,13-17,Link only,LC-76953,verified,6.7,Comment thread claims Ukrainian women run scams targeting elderly people; no source.
PL-002053,synthetic-demo,2026-08-02T12:40:28Z,2026-08-02,2026-W31,2026-07-27,2026-08,online,Fabricated story,Abusing benefits / taking jobs,Facebook,,Lubelskie,PL,Ukrainian women as a group,Unknown,Link and screenshot,LC-20691,verified,97.4,Meme says Ukrainian mothers abuse child benefits and take kindergarten places.
PL-002054,synthetic-demo,2026-08-02T13:48:28Z,2026-08-02,2026-W31,2026-07-27,2026-08,in-person,Being followed or watched,None (in person),,Street or public transport,Lubelskie,PL,Herself,30-49,Description only,,verified,30.8,Followed after meeting someone who offered work through a chat channel.
PL-002055,synthetic-demo,2026-08-02T15:11:18Z,2026-08-02,2026-W31,2026-07-27,2026-08,in-person,Unwanted sexual comments or propositions,None (in person),,Workplace,Śląskie,PL,Herself,18-29,Description only,,verified,21,"Stranger asked whether she was ""one of those Ukrainian girls"" and made sexual remarks."
PL-002056,synthetic-demo,2026-08-02T15:32:22Z,2026-08-02,2026-W31,2026-07-27,2026-08,online,Harassment or pile-on,Criminal or dangerous,X,,Wielkopolskie,PL,Public figure,18-29,Link and screenshot,LC-77244,pending,,Fabricated story says a Ukrainian woman stole from her employer; the photo is from another country.
PL-002057,synthetic-demo,2026-08-02T15:33:19Z,2026-08-02,2026-W31,2026-07-27,2026-08,in-person,Unwanted sexual comments or propositions,None (in person),,Shop or service,Małopolskie,PL,Herself,50+,Description only,,rejected,25.3,"Landlord made sexual comments and hinted rent could be ""paid another way""."
PL-002058,synthetic-demo,2026-08-02T17:15:52Z,2026-08-02,2026-W31,2026-07-27,2026-08,online,Harassment or pile-on,Criminal or dangerous,TikTok,,Małopolskie,PL,Herself,30-49,Link and screenshot,LC-88335,verified,9.4,Post claims Ukrainian women bring disease and crime; uses an unrelated photo.
PL-002059,synthetic-demo,2026-08-02T17:20:47Z,2026-08-02,2026-W31,2026-07-27,2026-08,online,Harassment or pile-on,Criminal or dangerous,Other,,Małopolskie,EN,Someone she knows,13-17,Screenshot only,,verified,37.3,Fabricated story says a Ukrainian woman stole from her employer; the photo is from another country.
PL-002060,synthetic-demo,2026-08-02T18:11:53Z,2026-08-02,2026-W31,2026-07-27,2026-08,online,"Fake job, housing or relationship offer",Fake offers (lures),Classifieds site,,Łódzkie,UA,Ukrainian women as a group,Unknown,Link only,LC-97729,verified,11.2,"Ad offers a well-paid massage salon job with free housing and travel, and asks for a passport photo first."
PL-002061,synthetic-demo,2026-08-02T19:57:07Z,2026-08-02,2026-W31,2026-07-27,2026-08,in-person,Threats or intimidation,None (in person),,School or university,Mazowieckie,PL,Herself,18-29,Description only,,verified,28.6,"Man told her to leave the neighbourhood or ""something would happen""."
PL-002062,synthetic-demo,2026-08-02T20:08:57Z,2026-08-02,2026-W31,2026-07-27,2026-08,online,Sexualised content or stereotypes,Available women / brides,X,,Podkarpackie,EN,Ukrainian women as a group,Unknown,Description only,,verified,70.2,"Meme ranks Ukrainian women by appearance and invites men to ""choose one""."
PL-002063,synthetic-demo,2026-08-02T22:13:38Z,2026-08-02,2026-W31,2026-07-27,2026-08,in-person,Verbal harassment or insults,None (in person),,Community or religious place,Mazowieckie,PL,Herself,30-49,Description only,,verified,2.7,Shouted at on public transport in Warsaw for speaking Ukrainian.
PL-002064,synthetic-demo,2026-08-02T23:34:31Z,2026-08-02,2026-W31,2026-07-27,2026-08,in-person,Unwanted sexual comments or propositions,None (in person),,Workplace,Lubelskie,PL,Herself,30-49,Description only,,pending,,"The ""employer"" from an online ad kept her documents and threatened her when she asked for them back."
PL-002065,synthetic-demo,2026-08-02T23:58:33Z,2026-08-02,2026-W31,2026-07-27,2026-08,in-person,Threats or intimidation,None (in person),,Accommodation or housing,Pomorskie,PL,Herself,50+,Photo,,verified,28.9,"Man told her to leave the neighbourhood or ""something would happen""."
PL-002066,synthetic-demo,2026-08-03T09:25:37Z,2026-08-03,2026-W32,2026-08-03,2026-08,online,Doxxing or exposure,Sex work stereotypes,Telegram,,Wielkopolskie,UA,Public figure,18-29,Link only,LC-61375,verified,9.1,Comments call a Ukrainian woman a sex worker after she posted about her new job.
PL-002067,synthetic-demo,2026-08-03T09:50:24Z,2026-08-03,2026-W32,2026-08-03,2026-08,online,Fabricated story,Abusing benefits / taking jobs,Facebook,,Zachodniopomorskie,UA,Herself,30-49,Screenshot only,,verified,26.2,Video says Ukrainian mothers abuse child benefits and take kindergarten places.
PL-002068,synthetic-demo,2026-08-03T11:42:25Z,2026-08-03,2026-W32,2026-08-03,2026-08,online,Doxxing or exposure,Stolen photos / fake profiles,X,,Podlaskie,PL,Herself,Unknown,Description only,,verified,13.3,Fake account copies a woman's profile photos and messages men pretending to be her.
PL-002069,synthetic-demo,2026-08-03T12:23:51Z,2026-08-03,2026-W32,2026-08-03,2026-08,online,Sexualised content or stereotypes,Came to seduce / steal husbands,TikTok,,Mazowieckie,PL,Herself,30-49,Link and screenshot,LC-99533,verified,52.3,"Comments under a local news story say Ukrainian women ""take"" Polish men and break up families."
PL-002070,synthetic-demo,2026-08-03T13:51:19Z,2026-08-03,2026-W32,2026-08-03,2026-08,in-person,Being followed or watched,None (in person),,Street or public transport,Podkarpackie,PL,Someone she knows,13-17,Description only,,verified,131.3,Followed after meeting someone who offered work through a chat channel.
PL-002071,synthetic-demo,2026-08-03T14:34:17Z,2026-08-03,2026-W32,2026-08-03,2026-08,online,Harassment or pile-on,Other or unclear,TikTok,,Wielkopolskie,PL,Public figure,30-49,Link and screenshot,LC-67292,verified,20.8,Her home area and phone number were posted in a hostile group.
PL-002072,synthetic-demo,2026-08-03T19:49:29Z,2026-08-03,2026-W32,2026-08-03,2026-08,in-person,Rumours or lies spread about her,None (in person),,Workplace,Śląskie,PL,Herself,Unknown,Description only,,verified,31.3,"Parents at school said she had a ""bad reputation"" because she is Ukrainian."
PL-002073,synthetic-demo,2026-08-03T22:22:09Z,2026-08-03,2026-W32,2026-08-03,2026-08,online,Fabricated story,Criminal or dangerous,TikTok,,Śląskie,EN,Ukrainian women as a group,Unknown,Link only,LC-96812,verified,21.4,Comment thread claims Ukrainian women run scams targeting elderly people; no source.
PL-002074,synthetic-demo,2026-08-04T10:16:20Z,2026-08-04,2026-W32,2026-08-03,2026-08,online,Manipulated image or video,Stolen photos / fake profiles,Facebook,,Mazowieckie,UA,Public figure,Unknown,Link and screenshot,LC-31619,verified,9.1,Edited photo puts a Ukrainian woman's face on a sexualised image; shared in a group.
PL-002075,synthetic-demo,2026-08-04T15:24:34Z,2026-08-04,2026-W32,2026-08-03,2026-08,online,Fabricated story,Criminal or dangerous,Facebook,,Mazowieckie,EN,Ukrainian women as a group,50+,Link only,LC-61112,verified,30.2,Meme claims Ukrainian women bring disease and crime; uses an unrelated photo.
PL-002076,synthetic-demo,2026-08-05T05:38:41Z,2026-08-05,2026-W32,2026-08-03,2026-08,in-person,Rumours or lies spread about her,None (in person),,Shop or service,Pomorskie,PL,Someone she knows,30-49,Photo,,verified,25.5,Colleagues told others she got her job through a relationship with the manager.
PL-002077,synthetic-demo,2026-08-05T08:10:39Z,2026-08-05,2026-W32,2026-08-03,2026-08,online,Fabricated story,Criminal or dangerous,Telegram,,Pomorskie,UA,Ukrainian women as a group,30-49,Link and screenshot,LC-96162,pending,,Meme claims Ukrainian women bring disease and crime; uses an unrelated photo.
PL-002078,synthetic-demo,2026-08-05T13:04:27Z,2026-08-05,2026-W32,2026-08-03,2026-08,online,Fabricated story,Abusing benefits / taking jobs,X,,Dolnośląskie,PL,Herself,18-29,Screenshot only,,verified,13.4,"Chart with false numbers about benefits paid to Ukrainian women, shared as if official."
PL-002079,synthetic-demo,2026-08-05T16:50:21Z,2026-08-05,2026-W32,2026-08-03,2026-08,online,"Fake job, housing or relationship offer",Fake offers (lures),Classifieds site,,Mazowieckie,RU,Herself,18-29,Link and screenshot,LC-71218,verified,36.1,"Offer of a hostess job near Warsaw with pay far above normal, asks women to send full-length photos."
PL-002080,synthetic-demo,2026-08-05T19:37:35Z,2026-08-05,2026-W32,2026-08-03,2026-08,in-person,Threats or intimidation,None (in person),,Accommodation or housing,Podkarpackie,PL,Herself,18-29,Description only,,verified,14.5,Person behind a job ad she answered kept calling and turned up at her workplace.
PL-002081,synthetic-demo,2026-08-06T08:15:44Z,2026-08-06,2026-W32,2026-08-03,2026-08,in-person,Being followed or watched,None (in person),,Accommodation or housing,Podkarpackie,PL,Herself,Unknown,Description only,,verified,13,"The ""employer"" from an online ad kept her documents and threatened her when she asked for them back."
PL-002082,synthetic-demo,2026-08-06T09:05:04Z,2026-08-06,2026-W32,2026-08-03,2026-08,online,Sexualised content or stereotypes,Came to seduce / steal husbands,X,,Śląskie,PL,Ukrainian women as a group,Unknown,Description only,,rejected,6.3,Post uses a sexualised stereotype of Ukrainian women to joke about Polish wives.
PL-002083,synthetic-demo,2026-08-06T12:05:39Z,2026-08-06,2026-W32,2026-08-03,2026-08,online,Manipulated image or video,Stolen photos / fake profiles,TikTok,,Łódzkie,PL,Herself,18-29,Link and screenshot,LC-80747,verified,12.6,Photos from a Ukrainian woman's private account reposted on a page with sexual captions.
PL-002084,synthetic-demo,2026-08-06T16:48:06Z,2026-08-06,2026-W32,2026-08-03,2026-08,online,Harassment or pile-on,Abusing benefits / taking jobs,Instagram,,Dolnośląskie,PL,Ukrainian women as a group,Unknown,Screenshot only,,needs more info,22.2,"Chart with false numbers about benefits paid to Ukrainian women, shared as if official."
PL-002085,synthetic-demo,2026-08-06T23:58:33Z,2026-08-06,2026-W32,2026-08-03,2026-08,in-person,Threats or intimidation,None (in person),,Workplace,Lubelskie,PL,Herself,18-29,Description only,,verified,33.7,Threatened by a man from an online job offer when she would not go with him.
PL-002086,synthetic-demo,2026-08-07T01:59:32Z,2026-08-07,2026-W32,2026-08-03,2026-08,online,False claim to discredit,Abusing benefits / taking jobs,Facebook,,Kujawsko-pomorskie,PL,Someone she knows,30-49,Screenshot only,,verified,5.5,"Chart with false numbers about benefits paid to Ukrainian women, shared as if official."
PL-002087,synthetic-demo,2026-08-07T11:20:48Z,2026-08-07,2026-W32,2026-08-03,2026-08,online,Sexualised content or stereotypes,Came to seduce / steal husbands,TikTok,,Podkarpackie,EN,Herself,Unknown,Screenshot only,,verified,42.2,Short clip mocks Ukrainian women as only interested in men with money; many replies agree.
PL-002088,synthetic-demo,2026-08-07T12:37:58Z,2026-08-07,2026-W32,2026-08-03,2026-08,in-person,Threats or intimidation,None (in person),,Accommodation or housing,Pomorskie,PL,Herself,18-29,Description only,,verified,30,"Man told her to leave the neighbourhood or ""something would happen""."
PL-002089,synthetic-demo,2026-08-07T13:46:58Z,2026-08-07,2026-W32,2026-08-03,2026-08,online,"Fake job, housing or relationship offer",Fake offers (lures),Telegram,,Mazowieckie,UA,Ukrainian women as a group,30-49,Screenshot only,,verified,16.9,"Post offers help finding a ""sponsor"" for women who have just arrived."
PL-002090,synthetic-demo,2026-08-07T14:32:41Z,2026-08-07,2026-W32,2026-08-03,2026-08,online,Harassment or pile-on,Criminal or dangerous,Facebook,,Śląskie,PL,Ukrainian women as a group,Unknown,Link only,LC-16932,verified,34,Old crime story from another country reshared as if it happened in Katowice with a Ukrainian woman.
PL-002091,synthetic-demo,2026-08-07T14:59:57Z,2026-08-07,2026-W32,2026-08-03,2026-08,online,Sexualised content or stereotypes,Sex work stereotypes,Instagram,,Podlaskie,RU,Ukrainian women as a group,30-49,Link and screenshot,LC-33610,verified,11.3,Comments call a Ukrainian woman a sex worker after she posted about her new job.
PL-002092,synthetic-demo,2026-08-07T16:02:06Z,2026-08-07,2026-W32,2026-08-03,2026-08,online,Harassment or pile-on,Available women / brides,X,,Mazowieckie,PL,Herself,30-49,Link and screenshot,LC-22160,verified,12.6,Post presents Ukrainian women as available for dating in exchange for help with housing.
PL-002093,synthetic-demo,2026-08-07T17:31:30Z,2026-08-07,2026-W32,2026-08-03,2026-08,in-person,Rumours or lies spread about her,None (in person),,Accommodation or housing,Wielkopolskie,PL,Someone she knows,18-29,Description only,,needs more info,22.3,"Parents at school said she had a ""bad reputation"" because she is Ukrainian."
PL-002094,synthetic-demo,2026-08-07T17:55:17Z,2026-08-07,2026-W32,2026-08-03,2026-08,online,Doxxing or exposure,Sex work stereotypes,Telegram,,Podkarpackie,PL,Someone she knows,30-49,Link and screenshot,LC-58787,rejected,10.1,Short clip claims Ukrainian women arriving in Poland mostly work in the sex industry.
PL-002095,synthetic-demo,2026-08-07T20:29:19Z,2026-08-07,2026-W32,2026-08-03,2026-08,in-person,Threats or intimidation,None (in person),,Accommodation or housing,Podkarpackie,RU,Herself,18-29,Description only,,rejected,11,"The ""employer"" from an online ad kept her documents and threatened her when she asked for them back."
PL-002096,synthetic-demo,2026-08-08T05:08:30Z,2026-08-08,2026-W32,2026-08-03,2026-08,in-person,Rumours or lies spread about her,None (in person),,Street or public transport,Mazowieckie,PL,Herself,18-29,Description only,,needs more info,9.5,Colleagues told others she got her job through a relationship with the manager.
PL-002097,synthetic-demo,2026-08-08T06:13:57Z,2026-08-08,2026-W32,2026-08-03,2026-08,online,False claim to discredit,Abusing benefits / taking jobs,TikTok,,Mazowieckie,PL,Ukrainian women as a group,18-29,Link only,LC-42728,verified,16.6,Post claims Ukrainian women receive more benefits than Polish families; the figures are invented.
PL-002098,synthetic-demo,2026-08-08T12:54:06Z,2026-08-08,2026-W32,2026-08-03,2026-08,in-person,Physical or sexual violence,None (in person),,Street or public transport,Mazowieckie,UA,Someone she knows,30-49,Description only,,verified,17.8,Grabbed by a man in the street after refusing to talk to him.
PL-002099,synthetic-demo,2026-08-08T15:03:42Z,2026-08-08,2026-W32,2026-08-03,2026-08,online,Fabricated story,Criminal or dangerous,TikTok,,Małopolskie,PL,Herself,Unknown,Description only,,verified,13.4,Short clip claims Ukrainian women run scams targeting elderly people; no source.
PL-002100,synthetic-demo,2026-08-09T07:49:25Z,2026-08-09,2026-W32,2026-08-03,2026-08,online,Harassment or pile-on,Came to seduce / steal husbands,TikTok,,Śląskie,PL,Ukrainian women as a group,30-49,Link only,LC-21240,rejected,11.3,"Comments under a local news story say Ukrainian women ""take"" Polish men and break up families."
PL-002101,synthetic-demo,2026-08-09T07:55:44Z,2026-08-09,2026-W32,2026-08-03,2026-08,online,Doxxing or exposure,Sex work stereotypes,Telegram,,Śląskie,PL,Ukrainian women as a group,Unknown,Description only,,rejected,14.2,"Carousel post describes Ukrainian women as ""easy"" and links this to the war; widely shared."
PL-002102,synthetic-demo,2026-08-09T15:28:52Z,2026-08-09,2026-W32,2026-08-03,2026-08,online,Fabricated story,Abusing benefits / taking jobs,X,,Śląskie,PL,Ukrainian women as a group,Unknown,Link and screenshot,LC-36628,verified,8.3,Meme claims Ukrainian women take jobs from Polish women while living on benefits.
PL-002103,synthetic-demo,2026-08-09T17:20:50Z,2026-08-09,2026-W32,2026-08-03,2026-08,online,Sexualised content or stereotypes,Sex work stereotypes,TikTok,,Mazowieckie,PL,Herself,18-29,Link only,LC-12416,verified,21.5,Comments call a Ukrainian woman a sex worker after she posted about her new job.
PL-002104,synthetic-demo,2026-08-09T22:06:30Z,2026-08-09,2026-W32,2026-08-03,2026-08,in-person,Threats or intimidation,None (in person),,Workplace,Podkarpackie,PL,Herself,30-49,Photo,,rejected,16.5,Man who posted a housing offer online waited outside her accommodation after she refused.
PL-002105,synthetic-demo,2026-08-10T08:40:09Z,2026-08-10,2026-W33,2026-08-10,2026-08,online,Harassment or pile-on,Came to seduce / steal husbands,Instagram,,Mazowieckie,PL,Ukrainian women as a group,30-49,Link and screenshot,LC-17306,verified,35.1,Carousel post uses a sexualised stereotype of Ukrainian women to joke about Polish wives.
PL-002106,synthetic-demo,2026-08-10T08:54:48Z,2026-08-10,2026-W33,2026-08-10,2026-08,online,Harassment or pile-on,Available women / brides,Other,,Wielkopolskie,PL,Herself,18-29,Link only,LC-24784,verified,5.8,"Page advertises ""Ukrainian brides"" using photos that appear to be taken from a refugee support group."
PL-002107,synthetic-demo,2026-08-10T10:05:28Z,2026-08-10,2026-W33,2026-08-10,2026-08,online,Sexualised content or stereotypes,Available women / brides,TikTok,,Łódzkie,UA,Public figure,Unknown,Link and screenshot,LC-15906,verified,39.8,Carousel post presents Ukrainian women as available for dating in exchange for help with housing.
PL-002108,synthetic-demo,2026-08-10T13:02:29Z,2026-08-10,2026-W33,2026-08-10,2026-08,online,"Fake job, housing or relationship offer",Fake offers (lures),Telegram,,Świętokrzyskie,PL,Ukrainian women as a group,Unknown,Screenshot only,,verified,13.1,"Ad offers a well-paid hotel job with free housing and travel, and asks for a passport photo first."
PL-002109,synthetic-demo,2026-08-10T14:19:09Z,2026-08-10,2026-W33,2026-08-10,2026-08,online,Harassment or pile-on,Other or unclear,Telegram,,Pomorskie,PL,Ukrainian women as a group,Unknown,Screenshot only,,verified,5.9,Hostile messages sent to several Ukrainian women in a local community group.
PL-002110,synthetic-demo,2026-08-10T16:34:23Z,2026-08-10,2026-W33,2026-08-10,2026-08,in-person,Being followed or watched,None (in person),,Accommodation or housing,Lubelskie,PL,Herself,50+,Description only,,pending,,Person behind a job ad she answered kept calling and turned up at her workplace.
PL-002111,synthetic-demo,2026-08-10T21:28:01Z,2026-08-10,2026-W33,2026-08-10,2026-08,in-person,Verbal harassment or insults,None (in person),,Workplace,Małopolskie,PL,Herself,50+,Description only,,verified,34.5,Insulted by a customer at work after they heard her accent.
PL-002112,synthetic-demo,2026-08-10T22:28:53Z,2026-08-10,2026-W33,2026-08-10,2026-08,in-person,Threats or intimidation,None (in person),,Workplace,Podkarpackie,UA,Herself,30-49,Photo,,verified,12.7,Man who posted a housing offer online waited outside her accommodation after she refused.
PL-002113,synthetic-demo,2026-08-11T00:00:00Z,2026-08-11,2026-W33,2026-08-10,2026-08,in-person,Threats or intimidation,None (in person),,Workplace,Śląskie,PL,Herself,30-49,Description only,,needs more info,16.5,Employer threatened to report her to the authorities if she complained about pay.
PL-002114,synthetic-demo,2026-08-11T09:30:07Z,2026-08-11,2026-W33,2026-08-10,2026-08,online,"Fake job, housing or relationship offer",Fake offers (lures),Facebook,,Podkarpackie,RU,Ukrainian women as a group,Unknown,Link and screenshot,LC-34735,verified,5.1,"Ad for hostess work abroad through Poland, no company name, contact by private chat only."
PL-002115,synthetic-demo,2026-08-11T10:23:11Z,2026-08-11,2026-W33,2026-08-10,2026-08,online,Harassment or pile-on,Abusing benefits / taking jobs,Facebook,,Zachodniopomorskie,PL,Herself,18-29,Link and screenshot,LC-63838,verified,29.1,"Chart with false numbers about benefits paid to Ukrainian women, shared as if official."
PL-002116,synthetic-demo,2026-08-11T14:12:24Z,2026-08-11,2026-W33,2026-08-10,2026-08,in-person,Threats or intimidation,None (in person),,Street or public transport,Lubelskie,PL,Herself,30-49,Photo,,verified,3.9,"The ""employer"" from an online ad kept her documents and threatened her when she asked for them back."
PL-002117,synthetic-demo,2026-08-11T15:24:02Z,2026-08-11,2026-W33,2026-08-10,2026-08,online,False claim to discredit,Abusing benefits / taking jobs,X,,Podkarpackie,PL,Public figure,30-49,Link and screenshot,LC-78735,verified,22.4,Post claims Ukrainian women receive more benefits than Polish families; the figures are invented.
PL-002118,synthetic-demo,2026-08-11T15:39:26Z,2026-08-11,2026-W33,2026-08-10,2026-08,online,"Fake job, housing or relationship offer",Fake offers (lures),Telegram,,Łódzkie,PL,Ukrainian women as a group,Unknown,Description only,,verified,4.6,"Ad for cleaning work abroad through Poland, no company name, contact by private chat only."
PL-002119,synthetic-demo,2026-08-11T16:07:31Z,2026-08-11,2026-W33,2026-08-10,2026-08,in-person,Verbal harassment or insults,None (in person),,Street or public transport,Śląskie,PL,Herself,30-49,Description only,,needs more info,9.5,Group of men called her names linked to her nationality in the street.
PL-002120,synthetic-demo,2026-08-11T18:33:53Z,2026-08-11,2026-W33,2026-08-10,2026-08,online,Fabricated story,Other or unclear,Facebook,,Podkarpackie,UA,Someone she knows,13-17,Link only,LC-64566,verified,24.4,Video targets a Ukrainian woman activist with insults and false claims about her past.
PL-002121,synthetic-demo,2026-08-11T21:51:55Z,2026-08-11,2026-W33,2026-08-10,2026-08,online,"Fake job, housing or relationship offer",Fake offers (lures),Classifieds site,,Świętokrzyskie,UA,Ukrainian women as a group,18-29,Screenshot only,,verified,5.9,"Message offers a free room to young Ukrainian women ""in exchange for help around the house""."
PL-002122,synthetic-demo,2026-08-11T23:00:31Z,2026-08-11,2026-W33,2026-08-10,2026-08,online,Sexualised content or stereotypes,Came to seduce / steal husbands,Instagram,,Lubelskie,PL,Ukrainian women as a group,18-29,Screenshot only,,needs more info,15.1,Carousel post on Instagram claims Ukrainian women come to Poland to find Polish husbands.
PL-002123,synthetic-demo,2026-08-11T23:08:47Z,2026-08-11,2026-W33,2026-08-10,2026-08,in-person,Verbal harassment or insults,None (in person),,Other,Małopolskie,UA,Herself,18-29,Description only,,needs more info,12.5,Shouted at on public transport in Kraków for speaking Ukrainian.
PL-002124,synthetic-demo,2026-08-11T23:58:33Z,2026-08-11,2026-W33,2026-08-10,2026-08,online,Manipulated image or video,Available women / brides,TikTok,,Pomorskie,PL,Ukrainian women as a group,Unknown,Link and screenshot,LC-56125,verified,19.5,"Page advertises ""Ukrainian brides"" using photos that appear to be taken from a refugee support group."
PL-002125,synthetic-demo,2026-08-12T11:09:49Z,2026-08-12,2026-W33,2026-08-10,2026-08,online,Sexualised content or stereotypes,Came to seduce / steal husbands,Instagram,,Łódzkie,PL,Herself,18-29,Screenshot only,,verified,31.2,"Comments under a local news story say Ukrainian women ""take"" Polish men and break up families."
PL-002126,synthetic-demo,2026-08-12T14:44:45Z,2026-08-12,2026-W33,2026-08-10,2026-08,in-person,Threats or intimidation,None (in person),,Workplace,Podkarpackie,PL,Herself,30-49,Description only,,verified,60.3,Followed after meeting someone who offered work through a chat channel.
PL-002127,synthetic-demo,2026-08-12T16:00:54Z,2026-08-12,2026-W33,2026-08-10,2026-08,online,Sexualised content or stereotypes,Came to seduce / steal husbands,TikTok,,Wielkopolskie,PL,Someone she knows,18-29,Description only,,verified,28.3,"Comments under a local news story say Ukrainian women ""take"" Polish men and break up families."
PL-002128,synthetic-demo,2026-08-12T16:11:44Z,2026-08-12,2026-W33,2026-08-10,2026-08,online,Sexualised content or stereotypes,Available women / brides,TikTok,,Podkarpackie,PL,Public figure,30-49,Link only,LC-11796,verified,6.1,"Page advertises ""Ukrainian brides"" using photos that appear to be taken from a refugee support group."
PL-002129,synthetic-demo,2026-08-12T16:42:15Z,2026-08-12,2026-W33,2026-08-10,2026-08,online,Doxxing or exposure,Stolen photos / fake profiles,Telegram,,Lubelskie,UA,Herself,18-29,Screenshot only,,verified,5.6,Edited photo puts a Ukrainian woman's face on a sexualised image; shared in a group.
PL-002130,synthetic-demo,2026-08-12T17:10:54Z,2026-08-12,2026-W33,2026-08-10,2026-08,in-person,Being followed or watched,None (in person),,Workplace,Podkarpackie,UA,Herself,18-29,Description only,,verified,11.6,Threatened by a man from an online job offer when she would not go with him.
PL-002131,synthetic-demo,2026-08-12T17:38:04Z,2026-08-12,2026-W33,2026-08-10,2026-08,online,Fabricated story,Abusing benefits / taking jobs,X,,Pomorskie,EN,Ukrainian women as a group,Unknown,Link and screenshot,LC-29244,needs more info,12.2,Post claims Ukrainian women receive more benefits than Polish families; the figures are invented.
PL-002132,synthetic-demo,2026-08-12T17:56:31Z,2026-08-12,2026-W33,2026-08-10,2026-08,in-person,Being followed or watched,None (in person),,Street or public transport,Podkarpackie,PL,Herself,30-49,Description only,,verified,18.7,Person behind a job ad she answered kept calling and turned up at her workplace.
PL-002133,synthetic-demo,2026-08-12T19:23:56Z,2026-08-12,2026-W33,2026-08-10,2026-08,online,False claim to discredit,Abusing benefits / taking jobs,Other,,Małopolskie,PL,Ukrainian women as a group,30-49,Link and screenshot,LC-39467,verified,10,"Chart with false numbers about benefits paid to Ukrainian women, shared as if official."
PL-002134,synthetic-demo,2026-08-13T03:41:18Z,2026-08-13,2026-W33,2026-08-10,2026-08,online,Sexualised content or stereotypes,Available women / brides,Facebook,,Podkarpackie,PL,Herself,18-29,Link and screenshot,LC-77307,verified,4.2,"Page advertises ""Ukrainian brides"" using photos that appear to be taken from a refugee support group."
PL-002135,synthetic-demo,2026-08-13T10:02:25Z,2026-08-13,2026-W33,2026-08-10,2026-08,online,Doxxing or exposure,Stolen photos / fake profiles,Facebook,,Mazowieckie,EN,Herself,13-17,Link only,LC-51233,verified,28,Photos from a Ukrainian woman's private account reposted on a page with sexual captions.
PL-002136,synthetic-demo,2026-08-13T11:53:41Z,2026-08-13,2026-W33,2026-08-10,2026-08,in-person,Unwanted sexual comments or propositions,None (in person),,Street or public transport,Mazowieckie,PL,Herself,18-29,Description only,,verified,26.4,"Landlord made sexual comments and hinted rent could be ""paid another way""."
PL-002137,synthetic-demo,2026-08-13T12:36:26Z,2026-08-13,2026-W33,2026-08-10,2026-08,online,Sexualised content or stereotypes,Sex work stereotypes,Facebook,,Wielkopolskie,PL,Public figure,13-17,Link and screenshot,LC-53127,verified,6.3,Video claims Ukrainian women arriving in Poland mostly work in the sex industry.
PL-002138,synthetic-demo,2026-08-13T13:43:31Z,2026-08-13,2026-W33,2026-08-10,2026-08,in-person,Verbal harassment or insults,None (in person),,Accommodation or housing,Śląskie,PL,Someone she knows,50+,Description only,,verified,13.5,Group of men called her names linked to her nationality in the street.
PL-002139,synthetic-demo,2026-08-13T13:57:30Z,2026-08-13,2026-W33,2026-08-10,2026-08,in-person,Verbal harassment or insults,None (in person),,Accommodation or housing,Lubelskie,PL,Someone she knows,18-29,Description only,,verified,25.5,Insulted by a customer at work after they heard her accent.
PL-002140,synthetic-demo,2026-08-13T14:20:44Z,2026-08-13,2026-W33,2026-08-10,2026-08,online,Manipulated image or video,Stolen photos / fake profiles,TikTok,,Lubelskie,PL,Someone she knows,30-49,Link only,LC-58830,verified,51.9,Dating profile uses photos of a Ukrainian woman without her consent.
PL-002141,synthetic-demo,2026-08-13T15:03:35Z,2026-08-13,2026-W33,2026-08-10,2026-08,online,Harassment or pile-on,Criminal or dangerous,X,,Śląskie,PL,Ukrainian women as a group,30-49,Link only,LC-90499,verified,10.7,Fabricated story says a Ukrainian woman stole from her employer; the photo is from another country.
PL-002142,synthetic-demo,2026-08-13T17:02:46Z,2026-08-13,2026-W33,2026-08-10,2026-08,online,Sexualised content or stereotypes,Came to seduce / steal husbands,Instagram,,Lubelskie,PL,Public figure,18-29,Link and screenshot,LC-73953,verified,2.3,Video mocks Ukrainian women as only interested in men with money; many replies agree.
PL-002143,synthetic-demo,2026-08-13T18:18:39Z,2026-08-13,2026-W33,2026-08-10,2026-08,online,Harassment or pile-on,Came to seduce / steal husbands,Facebook,,Śląskie,UA,Herself,13-17,Screenshot only,,verified,11.5,Carousel post uses a sexualised stereotype of Ukrainian women to joke about Polish wives.
PL-002144,synthetic-demo,2026-08-13T20:09:58Z,2026-08-13,2026-W33,2026-08-10,2026-08,in-person,Being followed or watched,None (in person),,Accommodation or housing,Podkarpackie,PL,Herself,50+,Description only,,verified,5.9,Same car seen waiting outside her workplace several evenings.
PL-002145,synthetic-demo,2026-08-13T22:51:33Z,2026-08-13,2026-W33,2026-08-10,2026-08,online,Harassment or pile-on,Criminal or dangerous,Facebook,,Mazowieckie,EN,Herself,18-29,Link only,LC-14216,verified,69.9,Fabricated story says a Ukrainian woman stole from her employer; the photo is from another country.
PL-002146,synthetic-demo,2026-08-13T23:58:33Z,2026-08-13,2026-W33,2026-08-10,2026-08,online,Sexualised content or stereotypes,Came to seduce / steal husbands,TikTok,,Lubelskie,EN,Herself,30-49,Screenshot only,,rejected,7.1,"Comments under a local news story say Ukrainian women ""take"" Polish men and break up families."
PL-002147,synthetic-demo,2026-08-13T23:58:33Z,2026-08-13,2026-W33,2026-08-10,2026-08,online,Harassment or pile-on,Criminal or dangerous,X,,Mazowieckie,EN,Herself,Unknown,Screenshot only,,verified,32.7,Old crime story from another country reshared as if it happened in Warsaw with a Ukrainian woman.
PL-002148,synthetic-demo,2026-08-14T07:09:03Z,2026-08-14,2026-W33,2026-08-10,2026-08,online,Harassment or pile-on,Came to seduce / steal husbands,Facebook,,Opolskie,PL,Someone she knows,13-17,Screenshot only,,verified,14,Video uses a sexualised stereotype of Ukrainian women to joke about Polish wives.
PL-002149,synthetic-demo,2026-08-14T07:46:44Z,2026-08-14,2026-W33,2026-08-10,2026-08,in-person,Rumours or lies spread about her,None (in person),,Shop or service,Mazowieckie,PL,Herself,30-49,Photo,,verified,38.3,Neighbours spread a rumour that she came to Poland to find a husband.
PL-002150,synthetic-demo,2026-08-14T09:01:42Z,2026-08-14,2026-W33,2026-08-10,2026-08,online,Sexualised content or stereotypes,Available women / brides,X,,Śląskie,PL,Ukrainian women as a group,Unknown,Description only,,verified,73.5,"Post ranks Ukrainian women by appearance and invites men to ""choose one""."
PL-002151,synthetic-demo,2026-08-14T09:26:34Z,2026-08-14,2026-W33,2026-08-10,2026-08,online,Sexualised content or stereotypes,Sex work stereotypes,Instagram,,Mazowieckie,PL,Ukrainian women as a group,Unknown,Link and screenshot,LC-95554,verified,11.3,Post suggests a reception point in Warsaw is used for sex work; no evidence given.
PL-002152,synthetic-demo,2026-08-14T14:02:15Z,2026-08-14,2026-W33,2026-08-10,2026-08,online,Sexualised content or stereotypes,Available women / brides,TikTok,,Opolskie,PL,Ukrainian women as a group,Unknown,Link and screenshot,LC-60389,verified,22.5,Post presents Ukrainian women as available for dating in exchange for help with housing.
PL-002153,synthetic-demo,2026-08-14T17:17:06Z,2026-08-14,2026-W33,2026-08-10,2026-08,online,Fabricated story,Abusing benefits / taking jobs,TikTok,,Mazowieckie,PL,Ukrainian women as a group,Unknown,Link and screenshot,LC-87000,verified,9,"Chart with false numbers about benefits paid to Ukrainian women, shared as if official."
PL-002154,synthetic-demo,2026-08-14T17:30:58Z,2026-08-14,2026-W33,2026-08-10,2026-08,in-person,Unwanted sexual comments or propositions,None (in person),,Accommodation or housing,Małopolskie,PL,Herself,18-29,Description only,,pending,,"Stranger asked whether she was ""one of those Ukrainian girls"" and made sexual remarks."
PL-002155,synthetic-demo,2026-08-15T10:35:55Z,2026-08-15,2026-W33,2026-08-10,2026-08,online,Harassment or pile-on,Available women / brides,Telegram,,Dolnośląskie,RU,Ukrainian women as a group,Unknown,Screenshot only,,verified,13.3,"Meme ranks Ukrainian women by appearance and invites men to ""choose one""."
PL-002156,synthetic-demo,2026-08-15T11:32:26Z,2026-08-15,2026-W33,2026-08-10,2026-08,online,Manipulated image or video,Stolen photos / fake profiles,TikTok,,Małopolskie,PL,Herself,Unknown,Screenshot only,,verified,11.8,Edited photo puts a Ukrainian woman's face on a sexualised image; shared in a group.
PL-002157,synthetic-demo,2026-08-15T16:47:33Z,2026-08-15,2026-W33,2026-08-10,2026-08,online,Sexualised content or stereotypes,Sex work stereotypes,X,,Mazowieckie,PL,Public figure,18-29,Screenshot only,,verified,7.5,Carousel post claims Ukrainian women arriving in Poland mostly work in the sex industry.
PL-002158,synthetic-demo,2026-08-16T06:45:23Z,2026-08-16,2026-W33,2026-08-10,2026-08,online,Fabricated story,Came to seduce / steal husbands,Facebook,,Mazowieckie,PL,Herself,18-29,Link only,LC-10432,verified,13.6,"Comments under a local news story say Ukrainian women ""take"" Polish men and break up families."
PL-002159,synthetic-demo,2026-08-16T08:18:18Z,2026-08-16,2026-W33,2026-08-10,2026-08,online,Sexualised content or stereotypes,Came to seduce / steal husbands,TikTok,,Śląskie,PL,Ukrainian women as a group,18-29,Link only,LC-24015,verified,25.5,Comment thread on TikTok claims Ukrainian women come to Poland to find Polish husbands.
PL-002160,synthetic-demo,2026-08-16T09:00:45Z,2026-08-16,2026-W33,2026-08-10,2026-08,in-person,Verbal harassment or insults,None (in person),,Street or public transport,Pomorskie,PL,Herself,18-29,Description only,,verified,10.2,Group of men called her names linked to her nationality in the street.
PL-002161,synthetic-demo,2026-08-16T12:53:12Z,2026-08-16,2026-W33,2026-08-10,2026-08,online,False claim to discredit,Abusing benefits / taking jobs,Facebook,,Mazowieckie,PL,Ukrainian women as a group,Unknown,Link only,LC-45893,verified,22.4,"Chart with false numbers about benefits paid to Ukrainian women, shared as if official."
PL-002162,synthetic-demo,2026-08-16T16:37:55Z,2026-08-16,2026-W33,2026-08-10,2026-08,online,Sexualised content or stereotypes,Came to seduce / steal husbands,X,,Podkarpackie,PL,Herself,18-29,Link only,LC-66851,verified,20.4,Carousel post mocks Ukrainian women as only interested in men with money; many replies agree.
PL-002163,synthetic-demo,2026-08-16T18:04:58Z,2026-08-16,2026-W33,2026-08-10,2026-08,online,"Fake job, housing or relationship offer",Fake offers (lures),Classifieds site,,Łódzkie,UA,Ukrainian women as a group,Unknown,Link and screenshot,LC-93499,pending,,"Post offers help finding a ""sponsor"" for women who have just arrived."
PL-002164,synthetic-demo,2026-08-16T19:48:59Z,2026-08-16,2026-W33,2026-08-10,2026-08,online,Sexualised content or stereotypes,Sex work stereotypes,Instagram,,Podlaskie,PL,Ukrainian women as a group,Unknown,Description only,,verified,23.1,Comments call a Ukrainian woman a sex worker after she posted about her new job.
PL-002165,synthetic-demo,2026-08-16T21:42:55Z,2026-08-16,2026-W33,2026-08-10,2026-08,online,Harassment or pile-on,Criminal or dangerous,Facebook,,Mazowieckie,PL,Herself,13-17,Screenshot only,,verified,10.7,Meme claims Ukrainian women run scams targeting elderly people; no source.
PL-002166,synthetic-demo,2026-08-17T15:05:44Z,2026-08-17,2026-W34,2026-08-17,2026-08,online,"Fake job, housing or relationship offer",Fake offers (lures),Telegram,,Podkarpackie,UA,Ukrainian women as a group,Unknown,Link only,LC-12376,verified,82.8,"Ad offers a well-paid model job with free housing and travel, and asks for a passport photo first."
PL-002167,synthetic-demo,2026-08-17T15:06:37Z,2026-08-17,2026-W34,2026-08-17,2026-08,online,Doxxing or exposure,Other or unclear,Telegram,,Lubelskie,UA,Ukrainian women as a group,Unknown,Link only,LC-38662,verified,71.7,Pile-on in the comments after a Ukrainian woman spoke about her work in local media.
PL-002168,synthetic-demo,2026-08-17T15:32:08Z,2026-08-17,2026-W34,2026-08-17,2026-08,online,Sexualised content or stereotypes,Came to seduce / steal husbands,TikTok,,Śląskie,PL,Ukrainian women as a group,30-49,Link only,LC-68526,verified,14.6,Short clip on TikTok claims Ukrainian women come to Poland to find Polish husbands.
PL-002169,synthetic-demo,2026-08-18T07:00:12Z,2026-08-18,2026-W34,2026-08-17,2026-08,in-person,Threats or intimidation,None (in person),,Street or public transport,Warmińsko-mazurskie,UA,Someone she knows,30-49,Description only,,verified,21.5,Former partner threatened to share private photos.
PL-002170,synthetic-demo,2026-08-18T11:42:25Z,2026-08-18,2026-W34,2026-08-17,2026-08,online,Doxxing or exposure,Other or unclear,X,,Wielkopolskie,PL,Herself,30-49,Link and screenshot,LC-27294,verified,13.1,Meme targets a Ukrainian woman activist with insults and false claims about her past.
PL-002171,synthetic-demo,2026-08-18T13:59:52Z,2026-08-18,2026-W34,2026-08-17,2026-08,online,"Fake job, housing or relationship offer",Fake offers (lures),Telegram,,Warmińsko-mazurskie,RU,Ukrainian women as a group,18-29,Screenshot only,,verified,13.2,"Post offers help finding a ""sponsor"" for women who have just arrived."
PL-002172,synthetic-demo,2026-08-18T14:39:21Z,2026-08-18,2026-W34,2026-08-17,2026-08,in-person,Being followed or watched,None (in person),,Workplace,Mazowieckie,PL,Herself,30-49,Description only,,pending,,Followed from the bus stop to her accommodation twice in one week.
PL-002173,synthetic-demo,2026-08-18T15:35:26Z,2026-08-18,2026-W34,2026-08-17,2026-08,online,Sexualised content or stereotypes,Sex work stereotypes,TikTok,,Mazowieckie,PL,Ukrainian women as a group,Unknown,Link and screenshot,LC-77643,verified,35,Comments call a Ukrainian woman a sex worker after she posted about her new job.
PL-002174,synthetic-demo,2026-08-18T15:38:46Z,2026-08-18,2026-W34,2026-08-17,2026-08,online,False claim to discredit,Abusing benefits / taking jobs,Facebook,,Wielkopolskie,RU,Herself,30-49,Description only,,rejected,25.5,Video claims Ukrainian women take jobs from Polish women while living on benefits.
PL-002175,synthetic-demo,2026-08-18T15:54:14Z,2026-08-18,2026-W34,2026-08-17,2026-08,online,"Fake job, housing or relationship offer",Fake offers (lures),Facebook,,Lubuskie,PL,Ukrainian women as a group,Unknown,Link only,LC-99259,verified,13.1,"Ad offers a well-paid cleaning job with free housing and travel, and asks for a passport photo first."
PL-002176,synthetic-demo,2026-08-18T16:08:22Z,2026-08-18,2026-W34,2026-08-17,2026-08,online,"Fake job, housing or relationship offer",Fake offers (lures),Telegram,,Małopolskie,UA,Herself,30-49,Screenshot only,,needs more info,9.7,"Ad offers a well-paid hostess job with free housing and travel, and asks for a passport photo first."
PL-002177,synthetic-demo,2026-08-18T16:45:07Z,2026-08-18,2026-W34,2026-08-17,2026-08,in-person,Unwanted sexual comments or propositions,None (in person),,Street or public transport,Podkarpackie,PL,Someone she knows,18-29,Description only,,verified,31.8,"Landlord made sexual comments and hinted rent could be ""paid another way""."
PL-002178,synthetic-demo,2026-08-18T21:59:55Z,2026-08-18,2026-W34,2026-08-17,2026-08,in-person,Rumours or lies spread about her,None (in person),,Street or public transport,Dolnośląskie,PL,Herself,18-29,Photo,,verified,12.6,Neighbours spread a rumour that she came to Poland to find a husband.
PL-002179,synthetic-demo,2026-08-18T22:48:59Z,2026-08-18,2026-W34,2026-08-17,2026-08,online,Sexualised content or stereotypes,Came to seduce / steal husbands,TikTok,,Podkarpackie,PL,Ukrainian women as a group,30-49,Link and screenshot,LC-61056,verified,13.4,Video on TikTok claims Ukrainian women come to Poland to find Polish husbands.
PL-002180,synthetic-demo,2026-08-19T07:58:25Z,2026-08-19,2026-W34,2026-08-17,2026-08,online,Harassment or pile-on,Came to seduce / steal husbands,X,,Podlaskie,PL,Someone she knows,30-49,Description only,,pending,,Carousel post mocks Ukrainian women as only interested in men with money; many replies agree.
PL-002181,synthetic-demo,2026-08-19T08:14:57Z,2026-08-19,2026-W34,2026-08-17,2026-08,online,Other (online),Other or unclear,Telegram,,Dolnośląskie,UA,Public figure,Unknown,Link only,LC-19815,verified,11.4,Pile-on in the comments after a Ukrainian woman spoke about her work in local media.
PL-002182,synthetic-demo,2026-08-19T09:00:32Z,2026-08-19,2026-W34,2026-08-17,2026-08,online,Manipulated image or video,Stolen photos / fake profiles,Instagram,,Świętokrzyskie,PL,Herself,13-17,Description only,,verified,14.8,Photos from a Ukrainian woman's private account reposted on a page with sexual captions.
PL-002183,synthetic-demo,2026-08-19T09:58:09Z,2026-08-19,2026-W34,2026-08-17,2026-08,in-person,Unwanted sexual comments or propositions,None (in person),,Workplace,Wielkopolskie,PL,Herself,13-17,Description only,,verified,5.3,"Landlord made sexual comments and hinted rent could be ""paid another way""."
PL-002184,synthetic-demo,2026-08-19T14:16:56Z,2026-08-19,2026-W34,2026-08-17,2026-08,in-person,Unwanted sexual comments or propositions,None (in person),,School or university,Dolnośląskie,PL,Herself,18-29,Description only,,verified,7.4,"Stranger asked whether she was ""one of those Ukrainian girls"" and made sexual remarks."
PL-002185,synthetic-demo,2026-08-19T14:25:38Z,2026-08-19,2026-W34,2026-08-17,2026-08,in-person,Rumours or lies spread about her,None (in person),,Accommodation or housing,Mazowieckie,PL,Herself,13-17,Description only,,pending,,Neighbours spread a rumour that she came to Poland to find a husband.
PL-002186,synthetic-demo,2026-08-19T15:31:03Z,2026-08-19,2026-W34,2026-08-17,2026-08,online,Manipulated image or video,Stolen photos / fake profiles,TikTok,,Mazowieckie,PL,Herself,18-29,Link only,LC-88751,pending,,Fake account copies a woman's profile photos and messages men pretending to be her.
PL-002187,synthetic-demo,2026-08-19T15:41:22Z,2026-08-19,2026-W34,2026-08-17,2026-08,online,Fabricated story,Criminal or dangerous,TikTok,,Pomorskie,PL,Ukrainian women as a group,Unknown,Link only,LC-40322,pending,,Old crime story from another country reshared as if it happened in Gdańsk with a Ukrainian woman.
PL-002188,synthetic-demo,2026-08-19T16:23:12Z,2026-08-19,2026-W34,2026-08-17,2026-08,online,Sexualised content or stereotypes,Came to seduce / steal husbands,Instagram,,Dolnośląskie,PL,Herself,18-29,Link and screenshot,LC-33650,verified,51.3,Carousel post on Instagram claims Ukrainian women come to Poland to find Polish husbands.
PL-002189,synthetic-demo,2026-08-19T18:37:21Z,2026-08-19,2026-W34,2026-08-17,2026-08,in-person,Verbal harassment or insults,None (in person),,Shop or service,Śląskie,PL,Someone she knows,18-29,Description only,,pending,,Insulted by a customer at work after they heard her accent.
PL-002190,synthetic-demo,2026-08-19T18:58:08Z,2026-08-19,2026-W34,2026-08-17,2026-08,online,Sexualised content or stereotypes,Available women / brides,Instagram,,Śląskie,PL,Herself,18-29,Link and screenshot,LC-33203,verified,13.3,Post presents Ukrainian women as available for dating in exchange for help with housing.
PL-002191,synthetic-demo,2026-08-20T11:45:21Z,2026-08-20,2026-W34,2026-08-17,2026-08,online,Sexualised content or stereotypes,Sex work stereotypes,Instagram,,Podkarpackie,PL,Someone she knows,30-49,Screenshot only,,pending,,"Carousel post describes Ukrainian women as ""easy"" and links this to the war; widely shared."
PL-002192,synthetic-demo,2026-08-20T12:15:22Z,2026-08-20,2026-W34,2026-08-17,2026-08,online,"Fake job, housing or relationship offer",Fake offers (lures),Classifieds site,,Dolnośląskie,UA,Herself,13-17,Link and screenshot,LC-78762,verified,15.4,"Post offers help finding a ""sponsor"" for women who have just arrived."
PL-002193,synthetic-demo,2026-08-20T12:22:42Z,2026-08-20,2026-W34,2026-08-17,2026-08,online,Fabricated story,Criminal or dangerous,TikTok,,Śląskie,PL,Ukrainian women as a group,Unknown,Link and screenshot,LC-25016,rejected,14.9,Fabricated story says a Ukrainian woman stole from her employer; the photo is from another country.
PL-002194,synthetic-demo,2026-08-20T14:37:34Z,2026-08-20,2026-W34,2026-08-17,2026-08,online,Sexualised content or stereotypes,Available women / brides,TikTok,,Dolnośląskie,UA,Someone she knows,Unknown,Screenshot only,,verified,28.5,"Account shares sexualised images captioned as Ukrainian women ""looking for a husband""."
PL-002195,synthetic-demo,2026-08-20T16:29:12Z,2026-08-20,2026-W34,2026-08-17,2026-08,online,Harassment or pile-on,Available women / brides,Facebook,,Małopolskie,PL,Herself,18-29,Link and screenshot,LC-36054,pending,,Meme presents Ukrainian women as available for dating in exchange for help with housing.
PL-002196,synthetic-demo,2026-08-20T19:55:10Z,2026-08-20,2026-W34,2026-08-17,2026-08,in-person,Threats or intimidation,None (in person),,Shop or service,Śląskie,PL,Herself,18-29,Description only,,verified,32.4,"Man told her to leave the neighbourhood or ""something would happen""."
PL-002197,synthetic-demo,2026-08-21T06:06:59Z,2026-08-21,2026-W34,2026-08-17,2026-08,online,Sexualised content or stereotypes,Came to seduce / steal husbands,TikTok,,Wielkopolskie,PL,Ukrainian women as a group,Unknown,Link only,LC-74005,verified,19.5,Meme uses a sexualised stereotype of Ukrainian women to joke about Polish wives.
PL-002198,synthetic-demo,2026-08-21T08:53:20Z,2026-08-21,2026-W34,2026-08-17,2026-08,in-person,Verbal harassment or insults,None (in person),,Community or religious place,Pomorskie,PL,Someone she knows,18-29,Photo,,pending,,Insulted by a customer at work after they heard her accent.
PL-002199,synthetic-demo,2026-08-21T10:11:39Z,2026-08-21,2026-W34,2026-08-17,2026-08,online,Fabricated story,Came to seduce / steal husbands,X,,Śląskie,UA,Ukrainian women as a group,30-49,Description only,,verified,26.4,"Comments under a local news story say Ukrainian women ""take"" Polish men and break up families."
PL-002200,synthetic-demo,2026-08-21T14:16:46Z,2026-08-21,2026-W34,2026-08-17,2026-08,online,Other (online),Other or unclear,Facebook,,Małopolskie,PL,Public figure,30-49,Link and screenshot,LC-93835,verified,19.9,Carousel post targets a Ukrainian woman activist with insults and false claims about her past.
PL-002201,synthetic-demo,2026-08-21T14:51:58Z,2026-08-21,2026-W34,2026-08-17,2026-08,online,Sexualised content or stereotypes,Came to seduce / steal husbands,Instagram,,Mazowieckie,PL,Public figure,30-49,Link only,LC-53894,pending,,"Comments under a local news story say Ukrainian women ""take"" Polish men and break up families."
PL-002202,synthetic-demo,2026-08-21T16:22:05Z,2026-08-21,2026-W34,2026-08-17,2026-08,online,Harassment or pile-on,Available women / brides,X,,Małopolskie,PL,Herself,30-49,Description only,,pending,,Meme presents Ukrainian women as available for dating in exchange for help with housing.
PL-002203,synthetic-demo,2026-08-21T18:10:45Z,2026-08-21,2026-W34,2026-08-17,2026-08,online,"Fake job, housing or relationship offer",Fake offers (lures),Telegram,,Podlaskie,PL,Ukrainian women as a group,Unknown,Link only,LC-84363,pending,,"Offer of a care worker job near Białystok with pay far above normal, asks women to send full-length photos."
PL-002204,synthetic-demo,2026-08-21T18:27:59Z,2026-08-21,2026-W34,2026-08-17,2026-08,in-person,Physical or sexual violence,None (in person),,Street or public transport,Małopolskie,PL,Herself,18-29,Photo,,rejected,64.1,Touched without consent by a co-worker; the manager did nothing.
PL-002205,synthetic-demo,2026-08-21T18:46:48Z,2026-08-21,2026-W34,2026-08-17,2026-08,online,Harassment or pile-on,Sex work stereotypes,Facebook,,Lubuskie,PL,Herself,18-29,Screenshot only,,pending,,Comments call a Ukrainian woman a sex worker after she posted about her new job.
PL-002206,synthetic-demo,2026-08-21T19:18:02Z,2026-08-21,2026-W34,2026-08-17,2026-08,in-person,Unwanted sexual comments or propositions,None (in person),,Other,Podkarpackie,PL,Herself,50+,Description only,,pending,,"Stranger asked whether she was ""one of those Ukrainian girls"" and made sexual remarks."
PL-002207,synthetic-demo,2026-08-21T23:58:33Z,2026-08-21,2026-W34,2026-08-17,2026-08,online,Sexualised content or stereotypes,Came to seduce / steal husbands,TikTok,,Dolnośląskie,EN,Public figure,Unknown,Link and screenshot,LC-34258,verified,20.6,Comment thread uses a sexualised stereotype of Ukrainian women to joke about Polish wives.
PL-002208,synthetic-demo,2026-08-22T20:58:41Z,2026-08-22,2026-W34,2026-08-17,2026-08,online,Fabricated story,Abusing benefits / taking jobs,Facebook,,Dolnośląskie,PL,Ukrainian women as a group,18-29,Link and screenshot,LC-73883,pending,,Post says Ukrainian mothers abuse child benefits and take kindergarten places.
PL-002209,synthetic-demo,2026-08-22T21:42:03Z,2026-08-22,2026-W34,2026-08-17,2026-08,in-person,Rumours or lies spread about her,None (in person),,Shop or service,Lubelskie,PL,Herself,18-29,Description only,,pending,,Colleagues told others she got her job through a relationship with the manager.
PL-002210,synthetic-demo,2026-08-22T23:58:33Z,2026-08-22,2026-W34,2026-08-17,2026-08,online,Sexualised content or stereotypes,Sex work stereotypes,TikTok,,Mazowieckie,PL,Public figure,30-49,Description only,,pending,,Comments call a Ukrainian woman a sex worker after she posted about her new job.
PL-002211,synthetic-demo,2026-08-23T11:00:45Z,2026-08-23,2026-W34,2026-08-17,2026-08,online,Fabricated story,Came to seduce / steal husbands,TikTok,,Pomorskie,PL,Herself,30-49,Link and screenshot,LC-13447,rejected,10.1,Carousel post uses a sexualised stereotype of Ukrainian women to joke about Polish wives.
PL-002212,synthetic-demo,2026-08-23T11:43:11Z,2026-08-23,2026-W34,2026-08-17,2026-08,online,Harassment or pile-on,Came to seduce / steal husbands,Instagram,,Pomorskie,PL,Ukrainian women as a group,Unknown,Link and screenshot,LC-49564,verified,6.3,Video uses a sexualised stereotype of Ukrainian women to joke about Polish wives.
PL-002213,synthetic-demo,2026-08-23T15:53:47Z,2026-08-23,2026-W34,2026-08-17,2026-08,online,Harassment or pile-on,Criminal or dangerous,Other,,Śląskie,UA,Ukrainian women as a group,Unknown,Screenshot only,,verified,25.2,Comment thread claims Ukrainian women run scams targeting elderly people; no source.
PL-002214,synthetic-demo,2026-08-24T04:57:50Z,2026-08-24,2026-W35,2026-08-24,2026-08,online,Harassment or pile-on,Came to seduce / steal husbands,Facebook,,Małopolskie,PL,Public figure,30-49,Description only,,pending,,Video mocks Ukrainian women as only interested in men with money; many replies agree.
PL-002215,synthetic-demo,2026-08-24T10:29:09Z,2026-08-24,2026-W35,2026-08-24,2026-08,online,Sexualised content or stereotypes,Available women / brides,Instagram,,Mazowieckie,PL,Someone she knows,30-49,Screenshot only,,verified,7.7,"Video ranks Ukrainian women by appearance and invites men to ""choose one""."
PL-002216,synthetic-demo,2026-08-24T11:22:39Z,2026-08-24,2026-W35,2026-08-24,2026-08,online,"Fake job, housing or relationship offer",Fake offers (lures),Classifieds site,,Łódzkie,UA,Herself,30-49,Link only,LC-17436,pending,,"Ad offers a well-paid nanny job with free housing and travel, and asks for a passport photo first."
PL-002217,synthetic-demo,2026-08-24T12:06:19Z,2026-08-24,2026-W35,2026-08-24,2026-08,online,Harassment or pile-on,Other or unclear,X,,Śląskie,PL,Someone she knows,30-49,Screenshot only,,verified,19.7,Comment thread targets a Ukrainian woman activist with insults and false claims about her past.
PL-002218,synthetic-demo,2026-08-24T12:33:26Z,2026-08-24,2026-W35,2026-08-24,2026-08,online,Manipulated image or video,Available women / brides,Facebook,,Śląskie,UA,Ukrainian women as a group,18-29,Link only,LC-27732,verified,10,"Account shares sexualised images captioned as Ukrainian women ""looking for a husband""."
PL-002219,synthetic-demo,2026-08-24T13:04:11Z,2026-08-24,2026-W35,2026-08-24,2026-08,in-person,Verbal harassment or insults,None (in person),,Street or public transport,Dolnośląskie,PL,Herself,Unknown,Photo,,verified,12.5,Insulted by a customer at work after they heard her accent.
PL-002220,synthetic-demo,2026-08-24T13:15:41Z,2026-08-24,2026-W35,2026-08-24,2026-08,online,Sexualised content or stereotypes,Sex work stereotypes,Instagram,,Mazowieckie,PL,Someone she knows,30-49,Screenshot only,,verified,42.5,Post suggests a reception point in Warsaw is used for sex work; no evidence given.
PL-002221,synthetic-demo,2026-08-24T19:18:27Z,2026-08-24,2026-W35,2026-08-24,2026-08,online,Fabricated story,Abusing benefits / taking jobs,Facebook,,Małopolskie,EN,Ukrainian women as a group,Unknown,Link and screenshot,LC-95168,verified,83.7,Short clip says Ukrainian mothers abuse child benefits and take kindergarten places.
PL-002222,synthetic-demo,2026-08-24T23:58:33Z,2026-08-24,2026-W35,2026-08-24,2026-08,online,Harassment or pile-on,Sex work stereotypes,X,,Lubelskie,PL,Public figure,18-29,Link only,LC-87418,pending,,Comments call a Ukrainian woman a sex worker after she posted about her new job.
PL-002223,synthetic-demo,2026-08-25T11:22:09Z,2026-08-25,2026-W35,2026-08-24,2026-08,online,Fabricated story,Came to seduce / steal husbands,Facebook,,Podkarpackie,PL,Public figure,18-29,Link and screenshot,LC-71986,verified,14.4,Short clip mocks Ukrainian women as only interested in men with money; many replies agree.
PL-002224,synthetic-demo,2026-08-25T11:53:04Z,2026-08-25,2026-W35,2026-08-24,2026-08,online,Sexualised content or stereotypes,Available women / brides,TikTok,,Podkarpackie,PL,Someone she knows,18-29,Link and screenshot,LC-12191,verified,8.6,"Account shares sexualised images captioned as Ukrainian women ""looking for a husband""."
PL-002225,synthetic-demo,2026-08-25T12:46:20Z,2026-08-25,2026-W35,2026-08-24,2026-08,online,Harassment or pile-on,Abusing benefits / taking jobs,TikTok,,Dolnośląskie,RU,Herself,Unknown,Link only,LC-22402,pending,,Post claims Ukrainian women receive more benefits than Polish families; the figures are invented.
PL-002226,synthetic-demo,2026-08-25T15:45:13Z,2026-08-25,2026-W35,2026-08-24,2026-08,in-person,Unwanted sexual comments or propositions,None (in person),,Community or religious place,Dolnośląskie,PL,Someone she knows,30-49,Description only,,pending,,"Landlord made sexual comments and hinted rent could be ""paid another way""."
PL-002227,synthetic-demo,2026-08-25T15:48:30Z,2026-08-25,2026-W35,2026-08-24,2026-08,in-person,Unwanted sexual comments or propositions,None (in person),,Other,Lubelskie,PL,Herself,18-29,Description only,,pending,,"Man at her workplace made sexual comments and suggested she was ""available"" because she is Ukrainian."
PL-002228,synthetic-demo,2026-08-25T16:53:59Z,2026-08-25,2026-W35,2026-08-24,2026-08,online,Sexualised content or stereotypes,Available women / brides,Instagram,,Łódzkie,PL,Herself,Unknown,Screenshot only,,needs more info,40.3,"Comment thread ranks Ukrainian women by appearance and invites men to ""choose one""."
PL-002229,synthetic-demo,2026-08-25T17:13:36Z,2026-08-25,2026-W35,2026-08-24,2026-08,online,Fabricated story,Criminal or dangerous,Facebook,,Mazowieckie,PL,Someone she knows,Unknown,Link only,LC-12860,verified,5,Short clip claims Ukrainian women bring disease and crime; uses an unrelated photo.
PL-002230,synthetic-demo,2026-08-25T17:31:20Z,2026-08-25,2026-W35,2026-08-24,2026-08,online,Sexualised content or stereotypes,Came to seduce / steal husbands,Instagram,,Dolnośląskie,PL,Herself,30-49,Description only,,pending,,Comment thread mocks Ukrainian women as only interested in men with money; many replies agree.
PL-002231,synthetic-demo,2026-08-25T18:11:20Z,2026-08-25,2026-W35,2026-08-24,2026-08,in-person,Physical or sexual violence,None (in person),,Street or public transport,Podkarpackie,PL,Someone she knows,18-29,Description only,,verified,27.6,Pushed and hit by a stranger who shouted about Ukrainians.
PL-002232,synthetic-demo,2026-08-25T18:32:42Z,2026-08-25,2026-W35,2026-08-24,2026-08,online,Sexualised content or stereotypes,Came to seduce / steal husbands,X,,Pomorskie,PL,Someone she knows,30-49,Link and screenshot,LC-95103,pending,,Post on X claims Ukrainian women come to Poland to find Polish husbands.
PL-002233,synthetic-demo,2026-08-25T19:12:39Z,2026-08-25,2026-W35,2026-08-24,2026-08,online,Fabricated story,Abusing benefits / taking jobs,Facebook,,Podkarpackie,PL,Herself,50+,Screenshot only,,verified,56.5,Post claims Ukrainian women receive more benefits than Polish families; the figures are invented.
PL-002234,synthetic-demo,2026-08-25T19:45:46Z,2026-08-25,2026-W35,2026-08-24,2026-08,online,Fabricated story,Came to seduce / steal husbands,Telegram,,Lubelskie,UA,Someone she knows,30-49,Link only,LC-51802,pending,,"Comments under a local news story say Ukrainian women ""take"" Polish men and break up families."
PL-002235,synthetic-demo,2026-08-26T11:33:48Z,2026-08-26,2026-W35,2026-08-24,2026-08,in-person,Unwanted sexual comments or propositions,None (in person),,Workplace,Dolnośląskie,PL,Someone she knows,30-49,Description only,,rejected,10.1,"Stranger asked whether she was ""one of those Ukrainian girls"" and made sexual remarks."
PL-002236,synthetic-demo,2026-08-26T13:59:49Z,2026-08-26,2026-W35,2026-08-24,2026-08,online,False claim to discredit,Abusing benefits / taking jobs,X,,Lubuskie,PL,Ukrainian women as a group,Unknown,Link and screenshot,LC-35464,pending,,Video says Ukrainian mothers abuse child benefits and take kindergarten places.
PL-002237,synthetic-demo,2026-08-26T15:10:47Z,2026-08-26,2026-W35,2026-08-24,2026-08,in-person,Verbal harassment or insults,None (in person),,Workplace,Dolnośląskie,PL,Someone she knows,50+,Description only,,pending,,Insulted by a customer at work after they heard her accent.
PL-002238,synthetic-demo,2026-08-26T15:58:09Z,2026-08-26,2026-W35,2026-08-24,2026-08,online,Doxxing or exposure,Stolen photos / fake profiles,X,,Mazowieckie,PL,Herself,30-49,Description only,,verified,4.2,Photos from a Ukrainian woman's private account reposted on a page with sexual captions.
PL-002239,synthetic-demo,2026-08-26T20:01:34Z,2026-08-26,2026-W35,2026-08-24,2026-08,online,Manipulated image or video,Stolen photos / fake profiles,Instagram,,Opolskie,PL,Someone she knows,30-49,Screenshot only,,verified,40.9,Dating profile uses photos of a Ukrainian woman without her consent.
PL-002240,synthetic-demo,2026-08-26T22:49:34Z,2026-08-26,2026-W35,2026-08-24,2026-08,online,Harassment or pile-on,Other or unclear,X,,Opolskie,PL,Ukrainian women as a group,Unknown,Link only,LC-30837,verified,10.2,Short clip targets a Ukrainian woman activist with insults and false claims about her past.
PL-002241,synthetic-demo,2026-08-27T09:42:08Z,2026-08-27,2026-W35,2026-08-24,2026-08,online,Sexualised content or stereotypes,Came to seduce / steal husbands,TikTok,,Wielkopolskie,PL,Ukrainian women as a group,30-49,Screenshot only,,pending,,Meme mocks Ukrainian women as only interested in men with money; many replies agree.
PL-002242,synthetic-demo,2026-08-27T09:55:44Z,2026-08-27,2026-W35,2026-08-24,2026-08,online,Manipulated image or video,Available women / brides,TikTok,,Małopolskie,PL,Ukrainian women as a group,Unknown,Description only,,verified,57,Video presents Ukrainian women as available for dating in exchange for help with housing.
PL-002243,synthetic-demo,2026-08-27T10:22:02Z,2026-08-27,2026-W35,2026-08-24,2026-08,online,Sexualised content or stereotypes,Available women / brides,X,,Dolnośląskie,EN,Ukrainian women as a group,Unknown,Screenshot only,,pending,,"Page advertises ""Ukrainian brides"" using photos that appear to be taken from a refugee support group."
PL-002244,synthetic-demo,2026-08-27T11:15:14Z,2026-08-27,2026-W35,2026-08-24,2026-08,online,Sexualised content or stereotypes,Sex work stereotypes,TikTok,,Mazowieckie,UA,Ukrainian women as a group,Unknown,Link and screenshot,LC-61130,verified,11.3,"Post describes Ukrainian women as ""easy"" and links this to the war; widely shared."
PL-002245,synthetic-demo,2026-08-27T18:44:14Z,2026-08-27,2026-W35,2026-08-24,2026-08,in-person,Unwanted sexual comments or propositions,None (in person),,Workplace,Małopolskie,PL,Herself,13-17,Description only,,rejected,34.1,"Stranger asked whether she was ""one of those Ukrainian girls"" and made sexual remarks."
PL-002246,synthetic-demo,2026-08-27T19:01:05Z,2026-08-27,2026-W35,2026-08-24,2026-08,in-person,Unwanted sexual comments or propositions,None (in person),,Street or public transport,Mazowieckie,PL,Herself,30-49,Description only,,pending,,"Landlord made sexual comments and hinted rent could be ""paid another way""."
PL-002247,synthetic-demo,2026-08-27T22:14:07Z,2026-08-27,2026-W35,2026-08-24,2026-08,in-person,Being followed or watched,None (in person),,Workplace,Lubelskie,PL,Someone she knows,18-29,Description only,,needs more info,13.7,Same car seen waiting outside her workplace several evenings.
PL-002248,synthetic-demo,2026-08-27T23:58:33Z,2026-08-27,2026-W35,2026-08-24,2026-08,online,Sexualised content or stereotypes,Came to seduce / steal husbands,Other,,Małopolskie,PL,Ukrainian women as a group,Unknown,Screenshot only,,verified,12.8,Video uses a sexualised stereotype of Ukrainian women to joke about Polish wives.
PL-002249,synthetic-demo,2026-08-28T10:00:17Z,2026-08-28,2026-W35,2026-08-24,2026-08,online,Sexualised content or stereotypes,Came to seduce / steal husbands,Facebook,,Małopolskie,UA,Herself,50+,Link only,LC-87103,verified,17.2,"Comments under a local news story say Ukrainian women ""take"" Polish men and break up families."
PL-002250,synthetic-demo,2026-08-28T10:50:45Z,2026-08-28,2026-W35,2026-08-24,2026-08,in-person,Being followed or watched,None (in person),,Other,Świętokrzyskie,PL,Herself,Unknown,Description only,,verified,102,Same car seen waiting outside her workplace several evenings.
PL-002251,synthetic-demo,2026-08-28T11:10:21Z,2026-08-28,2026-W35,2026-08-24,2026-08,online,"Fake job, housing or relationship offer",Fake offers (lures),Telegram,,Zachodniopomorskie,UA,Herself,18-29,Link only,LC-34715,verified,20,"Offer of a seasonal farm job near Szczecin with pay far above normal, asks women to send full-length photos."
PL-002252,synthetic-demo,2026-08-28T11:36:01Z,2026-08-28,2026-W35,2026-08-24,2026-08,in-person,Unwanted sexual comments or propositions,None (in person),,Street or public transport,Małopolskie,PL,Herself,30-49,Description only,,verified,84.8,"Stranger asked whether she was ""one of those Ukrainian girls"" and made sexual remarks."
PL-002253,synthetic-demo,2026-08-28T11:42:10Z,2026-08-28,2026-W35,2026-08-24,2026-08,online,Harassment or pile-on,Available women / brides,X,,Mazowieckie,PL,Herself,Unknown,Link and screenshot,LC-94707,pending,,"Meme ranks Ukrainian women by appearance and invites men to ""choose one""."
PL-002254,synthetic-demo,2026-08-28T14:15:32Z,2026-08-28,2026-W35,2026-08-24,2026-08,online,Harassment or pile-on,Available women / brides,X,,Wielkopolskie,PL,Someone she knows,30-49,Link and screenshot,LC-15200,pending,,"Page advertises ""Ukrainian brides"" using photos that appear to be taken from a refugee support group."
PL-002255,synthetic-demo,2026-08-28T16:09:04Z,2026-08-28,2026-W35,2026-08-24,2026-08,in-person,Verbal harassment or insults,None (in person),,Shop or service,Zachodniopomorskie,PL,Herself,13-17,Description only,,verified,67.9,Shouted at on public transport in Szczecin for speaking Ukrainian.
PL-002256,synthetic-demo,2026-08-28T19:53:16Z,2026-08-28,2026-W35,2026-08-24,2026-08,online,Fabricated story,Came to seduce / steal husbands,Facebook,,Opolskie,PL,Someone she knows,Unknown,Link and screenshot,LC-98838,pending,,"Comments under a local news story say Ukrainian women ""take"" Polish men and break up families."
PL-002257,synthetic-demo,2026-08-28T20:19:31Z,2026-08-28,2026-W35,2026-08-24,2026-08,online,Sexualised content or stereotypes,Available women / brides,TikTok,,Podkarpackie,PL,Herself,18-29,Link only,LC-97172,pending,,"Account shares sexualised images captioned as Ukrainian women ""looking for a husband""."
PL-002258,synthetic-demo,2026-08-29T08:47:17Z,2026-08-29,2026-W35,2026-08-24,2026-08,online,False claim to discredit,Abusing benefits / taking jobs,Facebook,,Mazowieckie,PL,Ukrainian women as a group,Unknown,Link and screenshot,LC-12418,pending,,"Chart with false numbers about benefits paid to Ukrainian women, shared as if official."
PL-002259,synthetic-demo,2026-08-29T09:29:24Z,2026-08-29,2026-W35,2026-08-24,2026-08,online,Fabricated story,Came to seduce / steal husbands,Facebook,,Pomorskie,PL,Herself,Unknown,Link and screenshot,LC-25721,pending,,Short clip mocks Ukrainian women as only interested in men with money; many replies agree.
PL-002260,synthetic-demo,2026-08-29T16:56:13Z,2026-08-29,2026-W35,2026-08-24,2026-08,online,Manipulated image or video,Stolen photos / fake profiles,X,,Podkarpackie,PL,Someone she knows,Unknown,Link and screenshot,LC-35980,verified,15.8,Dating profile uses photos of a Ukrainian woman without her consent.
PL-002261,synthetic-demo,2026-08-29T18:05:12Z,2026-08-29,2026-W35,2026-08-24,2026-08,online,False claim to discredit,Abusing benefits / taking jobs,Other,,Podkarpackie,PL,Herself,50+,Link only,LC-42965,verified,15.6,Post claims Ukrainian women receive more benefits than Polish families; the figures are invented.
PL-002262,synthetic-demo,2026-08-30T05:07:32Z,2026-08-30,2026-W35,2026-08-24,2026-08,in-person,Rumours or lies spread about her,None (in person),,Accommodation or housing,Mazowieckie,PL,Herself,Unknown,Description only,,verified,13.8,"Parents at school said she had a ""bad reputation"" because she is Ukrainian."
PL-002263,synthetic-demo,2026-08-30T09:56:09Z,2026-08-30,2026-W35,2026-08-24,2026-08,online,Fabricated story,Came to seduce / steal husbands,Telegram,,Mazowieckie,PL,Herself,30-49,Link and screenshot,LC-25299,verified,27.5,Carousel post on Telegram claims Ukrainian women come to Poland to find Polish husbands.
PL-002264,synthetic-demo,2026-08-30T11:48:37Z,2026-08-30,2026-W35,2026-08-24,2026-08,online,Fabricated story,Criminal or dangerous,Facebook,,Dolnośląskie,UA,Ukrainian women as a group,Unknown,Screenshot only,,pending,,Old crime story from another country reshared as if it happened in Wrocław with a Ukrainian woman.
PL-002265,synthetic-demo,2026-08-30T14:44:02Z,2026-08-30,2026-W35,2026-08-24,2026-08,online,Fabricated story,Came to seduce / steal husbands,Facebook,,Wielkopolskie,PL,Ukrainian women as a group,Unknown,Screenshot only,,verified,3.3,"Comments under a local news story say Ukrainian women ""take"" Polish men and break up families."
PL-002266,synthetic-demo,2026-08-30T17:13:02Z,2026-08-30,2026-W35,2026-08-24,2026-08,online,Harassment or pile-on,Other or unclear,Facebook,,Śląskie,PL,Someone she knows,30-49,Link and screenshot,LC-82885,verified,118.5,Hostile messages sent to several Ukrainian women in a local community group.
PL-002267,synthetic-demo,2026-08-30T17:40:22Z,2026-08-30,2026-W35,2026-08-24,2026-08,online,False claim to discredit,Abusing benefits / taking jobs,Facebook,,Pomorskie,EN,Ukrainian women as a group,Unknown,Description only,,verified,13.7,Post claims Ukrainian women receive more benefits than Polish families; the figures are invented.
PL-002268,synthetic-demo,2026-08-30T20:55:47Z,2026-08-30,2026-W35,2026-08-24,2026-08,online,False claim to discredit,Abusing benefits / taking jobs,Telegram,,Podkarpackie,PL,Herself,30-49,Link and screenshot,LC-18416,needs more info,26,Comment thread claims Ukrainian women take jobs from Polish women while living on benefits.
PL-002269,synthetic-demo,2026-08-30T21:13:02Z,2026-08-30,2026-W35,2026-08-24,2026-08,online,False claim to discredit,Abusing benefits / taking jobs,X,,Małopolskie,PL,Herself,Unknown,Link and screenshot,LC-30113,pending,,Post claims Ukrainian women receive more benefits than Polish families; the figures are invented.
PL-002270,synthetic-demo,2026-08-31T06:54:13Z,2026-08-31,2026-W36,2026-08-31,2026-08,online,Sexualised content or stereotypes,Came to seduce / steal husbands,Telegram,,Mazowieckie,RU,Ukrainian women as a group,30-49,Description only,,pending,,Post on Telegram claims Ukrainian women come to Poland to find Polish husbands.
PL-002271,synthetic-demo,2026-08-31T09:37:51Z,2026-08-31,2026-W36,2026-08-31,2026-08,online,Harassment or pile-on,Criminal or dangerous,TikTok,,Małopolskie,PL,Someone she knows,30-49,Screenshot only,,verified,8.5,Short clip claims Ukrainian women run scams targeting elderly people; no source.
PL-002272,synthetic-demo,2026-08-31T10:08:53Z,2026-08-31,2026-W36,2026-08-31,2026-08,in-person,Verbal harassment or insults,None (in person),,Workplace,Dolnośląskie,PL,Someone she knows,Unknown,Description only,,needs more info,30.7,Group of men called her names linked to her nationality in the street.
PL-002273,synthetic-demo,2026-08-31T17:50:07Z,2026-08-31,2026-W36,2026-08-31,2026-08,online,Sexualised content or stereotypes,Available women / brides,X,,Dolnośląskie,UA,Public figure,30-49,Description only,,pending,,"Video ranks Ukrainian women by appearance and invites men to ""choose one""."
PL-002274,synthetic-demo,2026-08-31T18:24:09Z,2026-08-31,2026-W36,2026-08-31,2026-08,online,Manipulated image or video,Stolen photos / fake profiles,X,,Małopolskie,PL,Herself,18-29,Link and screenshot,LC-99225,verified,27,Photos from a Ukrainian woman's private account reposted on a page with sexual captions.
PL-002275,synthetic-demo,2026-08-31T18:40:43Z,2026-08-31,2026-W36,2026-08-31,2026-08,online,Harassment or pile-on,Came to seduce / steal husbands,Facebook,,Mazowieckie,PL,Ukrainian women as a group,Unknown,Screenshot only,,verified,111.8,Carousel post mocks Ukrainian women as only interested in men with money; many replies agree.
PL-002276,synthetic-demo,2026-08-31T19:09:29Z,2026-08-31,2026-W36,2026-08-31,2026-08,in-person,Unwanted sexual comments or propositions,None (in person),,Workplace,Pomorskie,PL,Herself,Unknown,Description only,,pending,,"Man at her workplace made sexual comments and suggested she was ""available"" because she is Ukrainian."
PL-002277,synthetic-demo,2026-08-31T20:02:47Z,2026-08-31,2026-W36,2026-08-31,2026-08,online,Harassment or pile-on,Came to seduce / steal husbands,Telegram,,Świętokrzyskie,PL,Ukrainian women as a group,13-17,Link only,LC-43018,pending,,Carousel post mocks Ukrainian women as only interested in men with money; many replies agree.
PL-002278,synthetic-demo,2026-08-31T20:18:47Z,2026-08-31,2026-W36,2026-08-31,2026-08,in-person,Being followed or watched,None (in person),,Street or public transport,Dolnośląskie,RU,Herself,30-49,Description only,,pending,,Same car seen waiting outside her workplace several evenings.
PL-002279,synthetic-demo,2026-08-31T22:01:11Z,2026-08-31,2026-W36,2026-08-31,2026-08,online,"Fake job, housing or relationship offer",Fake offers (lures),Classifieds site,,Mazowieckie,UA,Ukrainian women as a group,Unknown,Link and screenshot,LC-91549,pending,,"Post offers help finding a ""sponsor"" for women who have just arrived."
PL-002280,synthetic-demo,2026-09-01T04:49:01Z,2026-09-01,2026-W36,2026-08-31,2026-09,in-person,Rumours or lies spread about her,None (in person),,Street or public transport,Kujawsko-pomorskie,PL,Herself,30-49,Description only,,pending,,Colleagues told others she got her job through a relationship with the manager.
PL-002281,synthetic-demo,2026-09-01T08:58:15Z,2026-09-01,2026-W36,2026-08-31,2026-09,online,False claim to discredit,Abusing benefits / taking jobs,Telegram,,Pomorskie,UA,Ukrainian women as a group,Unknown,Link and screenshot,LC-19334,pending,,"Chart with false numbers about benefits paid to Ukrainian women, shared as if official."
PL-002282,synthetic-demo,2026-09-01T09:18:41Z,2026-09-01,2026-W36,2026-08-31,2026-09,in-person,Threats or intimidation,None (in person),,Street or public transport,Lubuskie,PL,Herself,Unknown,Description only,,verified,30.4,Employer threatened to report her to the authorities if she complained about pay.
PL-002283,synthetic-demo,2026-09-01T09:50:33Z,2026-09-01,2026-W36,2026-08-31,2026-09,online,Fabricated story,Criminal or dangerous,Telegram,,Mazowieckie,UA,Ukrainian women as a group,Unknown,Link and screenshot,LC-93745,pending,,Old crime story from another country reshared as if it happened in Warsaw with a Ukrainian woman.
PL-002284,synthetic-demo,2026-09-01T09:50:39Z,2026-09-01,2026-W36,2026-08-31,2026-09,online,Harassment or pile-on,Other or unclear,Facebook,,Podkarpackie,PL,Herself,Unknown,Link and screenshot,LC-83981,needs more info,42.6,Pile-on in the comments after a Ukrainian woman spoke about her work in local media.
PL-002285,synthetic-demo,2026-09-01T14:16:43Z,2026-09-01,2026-W36,2026-08-31,2026-09,online,Fabricated story,Abusing benefits / taking jobs,Telegram,,Śląskie,UA,Herself,Unknown,Link and screenshot,LC-18876,verified,9.7,"Chart with false numbers about benefits paid to Ukrainian women, shared as if official."
PL-002286,synthetic-demo,2026-09-01T17:56:39Z,2026-09-01,2026-W36,2026-08-31,2026-09,online,"Fake job, housing or relationship offer",Fake offers (lures),Classifieds site,,Pomorskie,RU,Ukrainian women as a group,18-29,Description only,,pending,,"Message offers a free room to young Ukrainian women ""in exchange for help around the house""."
PL-002287,synthetic-demo,2026-09-01T20:38:56Z,2026-09-01,2026-W36,2026-08-31,2026-09,online,Sexualised content or stereotypes,Sex work stereotypes,Instagram,,Dolnośląskie,PL,Someone she knows,30-49,Screenshot only,,verified,7,Post claims Ukrainian women arriving in Poland mostly work in the sex industry.
PL-002288,synthetic-demo,2026-09-02T03:43:12Z,2026-09-02,2026-W36,2026-08-31,2026-09,online,Sexualised content or stereotypes,Came to seduce / steal husbands,Instagram,,Mazowieckie,PL,Someone she knows,18-29,Link only,LC-27152,pending,,"Comments under a local news story say Ukrainian women ""take"" Polish men and break up families."
PL-002289,synthetic-demo,2026-09-02T05:16:26Z,2026-09-02,2026-W36,2026-08-31,2026-09,online,Sexualised content or stereotypes,Available women / brides,Instagram,,Podlaskie,PL,Ukrainian women as a group,18-29,Link and screenshot,LC-47528,pending,,Video presents Ukrainian women as available for dating in exchange for help with housing.
PL-002290,synthetic-demo,2026-09-02T10:22:13Z,2026-09-02,2026-W36,2026-08-31,2026-09,online,False claim to discredit,Sex work stereotypes,TikTok,,Łódzkie,PL,Ukrainian women as a group,Unknown,Screenshot only,,pending,,Meme claims Ukrainian women arriving in Poland mostly work in the sex industry.
PL-002291,synthetic-demo,2026-09-02T10:58:19Z,2026-09-02,2026-W36,2026-08-31,2026-09,online,False claim to discredit,Abusing benefits / taking jobs,Other,,Mazowieckie,PL,Public figure,18-29,Description only,,rejected,19.7,Post claims Ukrainian women receive more benefits than Polish families; the figures are invented.
PL-002292,synthetic-demo,2026-09-02T12:02:54Z,2026-09-02,2026-W36,2026-08-31,2026-09,online,Fabricated story,Criminal or dangerous,X,,Mazowieckie,PL,Herself,30-49,Link and screenshot,LC-17768,verified,19.7,Carousel post claims Ukrainian women run scams targeting elderly people; no source.
PL-002293,synthetic-demo,2026-09-02T18:52:01Z,2026-09-02,2026-W36,2026-08-31,2026-09,in-person,Threats or intimidation,None (in person),,School or university,Śląskie,PL,Herself,Unknown,Photo,,pending,,Employer threatened to report her to the authorities if she complained about pay.
PL-002294,synthetic-demo,2026-09-02T19:16:36Z,2026-09-02,2026-W36,2026-08-31,2026-09,in-person,Rumours or lies spread about her,None (in person),,Accommodation or housing,Małopolskie,PL,Someone she knows,18-29,Description only,,rejected,23.6,Neighbours spread a rumour that she came to Poland to find a husband.
PL-002295,synthetic-demo,2026-09-02T19:20:05Z,2026-09-02,2026-W36,2026-08-31,2026-09,online,Harassment or pile-on,Available women / brides,Facebook,,Śląskie,PL,Herself,Unknown,Link and screenshot,LC-56637,pending,,"Comment thread ranks Ukrainian women by appearance and invites men to ""choose one""."
PL-002296,synthetic-demo,2026-09-03T07:36:18Z,2026-09-03,2026-W36,2026-08-31,2026-09,online,Manipulated image or video,Stolen photos / fake profiles,Instagram,,Podkarpackie,PL,Someone she knows,18-29,Link and screenshot,LC-53680,verified,16.5,Fake account copies a woman's profile photos and messages men pretending to be her.
PL-002297,synthetic-demo,2026-09-03T11:58:07Z,2026-09-03,2026-W36,2026-08-31,2026-09,in-person,Physical or sexual violence,None (in person),,Other,Kujawsko-pomorskie,PL,Someone she knows,Unknown,Description only,,verified,11.1,Touched without consent by a co-worker; the manager did nothing.
PL-002298,synthetic-demo,2026-09-03T12:36:15Z,2026-09-03,2026-W36,2026-08-31,2026-09,online,"Fake job, housing or relationship offer",Fake offers (lures),Telegram,,Podkarpackie,UA,Herself,13-17,Screenshot only,,verified,30.7,"Post offers help finding a ""sponsor"" for women who have just arrived."
PL-002299,synthetic-demo,2026-09-03T14:57:58Z,2026-09-03,2026-W36,2026-08-31,2026-09,online,Sexualised content or stereotypes,Available women / brides,Instagram,,Wielkopolskie,PL,Ukrainian women as a group,Unknown,Link and screenshot,LC-31165,verified,9.7,"Post ranks Ukrainian women by appearance and invites men to ""choose one""."
PL-002300,synthetic-demo,2026-09-03T15:22:18Z,2026-09-03,2026-W36,2026-08-31,2026-09,online,Sexualised content or stereotypes,Available women / brides,X,,Lubelskie,PL,Herself,30-49,Link and screenshot,LC-56601,pending,,"Comment thread ranks Ukrainian women by appearance and invites men to ""choose one""."
PL-002301,synthetic-demo,2026-09-03T16:05:13Z,2026-09-03,2026-W36,2026-08-31,2026-09,online,"Fake job, housing or relationship offer",Fake offers (lures),Facebook,,Mazowieckie,RU,Ukrainian women as a group,Unknown,Link only,LC-89214,verified,8.2,"Ad for massage salon work abroad through Poland, no company name, contact by private chat only."
PL-002302,synthetic-demo,2026-09-03T17:02:26Z,2026-09-03,2026-W36,2026-08-31,2026-09,online,"Fake job, housing or relationship offer",Fake offers (lures),Telegram,,Wielkopolskie,RU,Ukrainian women as a group,18-29,Link and screenshot,LC-16792,pending,,"Offer of a hostess job near Poznań with pay far above normal, asks women to send full-length photos."
PL-002303,synthetic-demo,2026-09-03T19:55:13Z,2026-09-03,2026-W36,2026-08-31,2026-09,online,False claim to discredit,Abusing benefits / taking jobs,X,,Dolnośląskie,PL,Herself,30-49,Link and screenshot,LC-58958,verified,23.6,"Chart with false numbers about benefits paid to Ukrainian women, shared as if official."
PL-002304,synthetic-demo,2026-09-03T23:58:33Z,2026-09-03,2026-W36,2026-08-31,2026-09,online,Harassment or pile-on,Sex work stereotypes,Facebook,,Mazowieckie,PL,Ukrainian women as a group,Unknown,Screenshot only,,verified,31.9,"Meme describes Ukrainian women as ""easy"" and links this to the war; widely shared."
PL-002305,synthetic-demo,2026-09-04T07:23:02Z,2026-09-04,2026-W36,2026-08-31,2026-09,online,Fabricated story,Criminal or dangerous,TikTok,,Dolnośląskie,PL,Ukrainian women as a group,18-29,Link and screenshot,LC-34899,verified,14.2,Comment thread claims Ukrainian women run scams targeting elderly people; no source.
PL-002306,synthetic-demo,2026-09-04T10:59:05Z,2026-09-04,2026-W36,2026-08-31,2026-09,online,Manipulated image or video,Available women / brides,Instagram,,Dolnośląskie,UA,Ukrainian women as a group,30-49,Link and screenshot,LC-62450,pending,,Short clip presents Ukrainian women as available for dating in exchange for help with housing.
PL-002307,synthetic-demo,2026-09-04T11:20:19Z,2026-09-04,2026-W36,2026-08-31,2026-09,online,False claim to discredit,Abusing benefits / taking jobs,X,,Lubelskie,EN,Public figure,18-29,Link and screenshot,LC-52877,verified,9.9,Meme says Ukrainian mothers abuse child benefits and take kindergarten places.
PL-002308,synthetic-demo,2026-09-04T11:50:46Z,2026-09-04,2026-W36,2026-08-31,2026-09,online,Sexualised content or stereotypes,Sex work stereotypes,Instagram,,Podlaskie,PL,Someone she knows,Unknown,Link and screenshot,LC-45177,verified,16.5,Post suggests a reception point in Białystok is used for sex work; no evidence given.
PL-002309,synthetic-demo,2026-09-04T12:39:43Z,2026-09-04,2026-W36,2026-08-31,2026-09,online,Fabricated story,Came to seduce / steal husbands,TikTok,,Małopolskie,UA,Ukrainian women as a group,Unknown,Screenshot only,,pending,,Video mocks Ukrainian women as only interested in men with money; many replies agree.
PL-002310,synthetic-demo,2026-09-04T13:55:20Z,2026-09-04,2026-W36,2026-08-31,2026-09,online,Fabricated story,Abusing benefits / taking jobs,X,,Mazowieckie,PL,Herself,30-49,Link and screenshot,LC-76978,verified,10.6,"Chart with false numbers about benefits paid to Ukrainian women, shared as if official."
PL-002311,synthetic-demo,2026-09-04T15:14:40Z,2026-09-04,2026-W36,2026-08-31,2026-09,in-person,Verbal harassment or insults,None (in person),,Workplace,Podkarpackie,PL,Someone she knows,30-49,Description only,,pending,,Insulted by a customer at work after they heard her accent.
PL-002312,synthetic-demo,2026-09-04T16:19:12Z,2026-09-04,2026-W36,2026-08-31,2026-09,online,Other (online),Other or unclear,Telegram,,Lubelskie,RU,Herself,18-29,Link only,LC-73087,pending,,Pile-on in the comments after a Ukrainian woman spoke about her work in local media.
PL-002313,synthetic-demo,2026-09-04T18:53:38Z,2026-09-04,2026-W36,2026-08-31,2026-09,online,Harassment or pile-on,Sex work stereotypes,X,,Małopolskie,PL,Ukrainian women as a group,Unknown,Description only,,pending,,Post suggests a reception point in Kraków is used for sex work; no evidence given.
PL-002314,synthetic-demo,2026-09-05T09:27:52Z,2026-09-05,2026-W36,2026-08-31,2026-09,in-person,Threats or intimidation,None (in person),,Street or public transport,Mazowieckie,PL,Herself,Unknown,Description only,,needs more info,18.4,Employer threatened to report her to the authorities if she complained about pay.
PL-002315,synthetic-demo,2026-09-05T13:18:09Z,2026-09-05,2026-W36,2026-08-31,2026-09,online,Fabricated story,Abusing benefits / taking jobs,TikTok,,Warmińsko-mazurskie,PL,Public figure,18-29,Link only,LC-87768,verified,37.6,Video says Ukrainian mothers abuse child benefits and take kindergarten places.
PL-002316,synthetic-demo,2026-09-05T16:32:38Z,2026-09-05,2026-W36,2026-08-31,2026-09,online,Fabricated story,Criminal or dangerous,Facebook,,Mazowieckie,PL,Public figure,13-17,Link and screenshot,LC-94537,pending,,Old crime story from another country reshared as if it happened in Warsaw with a Ukrainian woman.
PL-002317,synthetic-demo,2026-09-05T19:51:06Z,2026-09-05,2026-W36,2026-08-31,2026-09,in-person,Verbal harassment or insults,None (in person),,Workplace,Dolnośląskie,RU,Herself,13-17,Description only,,pending,,Shouted at on public transport in Wrocław for speaking Ukrainian.
PL-002318,synthetic-demo,2026-09-05T20:30:05Z,2026-09-05,2026-W36,2026-08-31,2026-09,online,Harassment or pile-on,Criminal or dangerous,TikTok,,Mazowieckie,PL,Ukrainian women as a group,Unknown,Link only,LC-33154,pending,,Video claims Ukrainian women bring disease and crime; uses an unrelated photo.
PL-002319,synthetic-demo,2026-09-05T20:42:38Z,2026-09-05,2026-W36,2026-08-31,2026-09,online,Sexualised content or stereotypes,Came to seduce / steal husbands,Facebook,,Lubelskie,UA,Public figure,18-29,Link and screenshot,LC-68055,pending,,Post mocks Ukrainian women as only interested in men with money; many replies agree.
PL-002320,synthetic-demo,2026-09-06T11:51:23Z,2026-09-06,2026-W36,2026-08-31,2026-09,online,Fabricated story,Came to seduce / steal husbands,TikTok,,Łódzkie,PL,Herself,18-29,Description only,,verified,58.6,Post on TikTok claims Ukrainian women come to Poland to find Polish husbands.
PL-002321,synthetic-demo,2026-09-06T12:15:16Z,2026-09-06,2026-W36,2026-08-31,2026-09,in-person,Verbal harassment or insults,None (in person),,Shop or service,Wielkopolskie,PL,Herself,Unknown,Description only,,verified,32.7,Group of men called her names linked to her nationality in the street.
PL-002322,synthetic-demo,2026-09-06T13:04:05Z,2026-09-06,2026-W36,2026-08-31,2026-09,online,"Fake job, housing or relationship offer",Fake offers (lures),Telegram,,Mazowieckie,UA,Ukrainian women as a group,Unknown,Description only,,verified,39.8,"Ad offers a well-paid care worker job with free housing and travel, and asks for a passport photo first."
PL-002323,synthetic-demo,2026-09-06T16:53:11Z,2026-09-06,2026-W36,2026-08-31,2026-09,in-person,Verbal harassment or insults,None (in person),,Street or public transport,Małopolskie,PL,Herself,18-29,Photo,,pending,,Group of men called her names linked to her nationality in the street.
PL-002324,synthetic-demo,2026-09-06T17:52:38Z,2026-09-06,2026-W36,2026-08-31,2026-09,in-person,Verbal harassment or insults,None (in person),,Workplace,Warmińsko-mazurskie,UA,Herself,30-49,Description only,,verified,30.6,Shouted at on public transport in Olsztyn for speaking Ukrainian.
PL-002325,synthetic-demo,2026-09-07T06:12:49Z,2026-09-07,2026-W37,2026-09-07,2026-09,online,Harassment or pile-on,Came to seduce / steal husbands,TikTok,,Podkarpackie,PL,Herself,13-17,Link only,LC-20230,pending,,"Comments under a local news story say Ukrainian women ""take"" Polish men and break up families."
PL-002326,synthetic-demo,2026-09-07T09:30:40Z,2026-09-07,2026-W37,2026-09-07,2026-09,in-person,Verbal harassment or insults,None (in person),,School or university,Wielkopolskie,UA,Someone she knows,13-17,Description only,,pending,,Group of men called her names linked to her nationality in the street.
PL-002327,synthetic-demo,2026-09-07T09:41:44Z,2026-09-07,2026-W37,2026-09-07,2026-09,in-person,Physical or sexual violence,None (in person),,Street or public transport,Dolnośląskie,PL,Herself,18-29,Description only,,pending,,Pushed and hit by a stranger who shouted about Ukrainians.
PL-002328,synthetic-demo,2026-09-07T13:02:20Z,2026-09-07,2026-W37,2026-09-07,2026-09,online,Fabricated story,Abusing benefits / taking jobs,Facebook,,Małopolskie,RU,Ukrainian women as a group,Unknown,Description only,,verified,10.1,Post claims Ukrainian women receive more benefits than Polish families; the figures are invented.
PL-002329,synthetic-demo,2026-09-07T14:42:25Z,2026-09-07,2026-W37,2026-09-07,2026-09,online,Sexualised content or stereotypes,Sex work stereotypes,Instagram,,Śląskie,PL,Herself,Unknown,Screenshot only,,verified,12.2,Comments call a Ukrainian woman a sex worker after she posted about her new job.
PL-002330,synthetic-demo,2026-09-07T15:49:01Z,2026-09-07,2026-W37,2026-09-07,2026-09,online,Fabricated story,Criminal or dangerous,Facebook,,Podkarpackie,PL,Herself,50+,Link only,LC-21701,verified,47.7,Video claims Ukrainian women run scams targeting elderly people; no source.
PL-002331,synthetic-demo,2026-09-07T16:19:51Z,2026-09-07,2026-W37,2026-09-07,2026-09,online,Fabricated story,Abusing benefits / taking jobs,TikTok,,Wielkopolskie,PL,Ukrainian women as a group,Unknown,Link and screenshot,LC-91148,verified,7.8,Comment thread claims Ukrainian women take jobs from Polish women while living on benefits.
PL-002332,synthetic-demo,2026-09-07T18:25:07Z,2026-09-07,2026-W37,2026-09-07,2026-09,online,Sexualised content or stereotypes,Sex work stereotypes,TikTok,,Dolnośląskie,PL,Ukrainian women as a group,Unknown,Screenshot only,,pending,,Short clip claims Ukrainian women arriving in Poland mostly work in the sex industry.
PL-002333,synthetic-demo,2026-09-07T23:23:17Z,2026-09-07,2026-W37,2026-09-07,2026-09,in-person,Rumours or lies spread about her,None (in person),,Accommodation or housing,Zachodniopomorskie,PL,Herself,18-29,Description only,,verified,6,"Parents at school said she had a ""bad reputation"" because she is Ukrainian."
PL-002334,synthetic-demo,2026-09-08T09:06:54Z,2026-09-08,2026-W37,2026-09-07,2026-09,in-person,Unwanted sexual comments or propositions,None (in person),,Shop or service,Podkarpackie,PL,Herself,30-49,Description only,,needs more info,13.5,"Landlord made sexual comments and hinted rent could be ""paid another way""."
PL-002335,synthetic-demo,2026-09-08T09:41:49Z,2026-09-08,2026-W37,2026-09-07,2026-09,in-person,Rumours or lies spread about her,None (in person),,Other,Pomorskie,PL,Herself,Unknown,Description only,,verified,91,"Parents at school said she had a ""bad reputation"" because she is Ukrainian."
PL-002336,synthetic-demo,2026-09-08T14:41:13Z,2026-09-08,2026-W37,2026-09-07,2026-09,online,Sexualised content or stereotypes,Came to seduce / steal husbands,X,,Świętokrzyskie,PL,Public figure,50+,Screenshot only,,verified,32.5,Carousel post uses a sexualised stereotype of Ukrainian women to joke about Polish wives.
PL-002337,synthetic-demo,2026-09-08T14:49:32Z,2026-09-08,2026-W37,2026-09-07,2026-09,online,Sexualised content or stereotypes,Available women / brides,Facebook,,Lubelskie,PL,Herself,18-29,Description only,,pending,,"Page advertises ""Ukrainian brides"" using photos that appear to be taken from a refugee support group."
PL-002338,synthetic-demo,2026-09-08T15:58:29Z,2026-09-08,2026-W37,2026-09-07,2026-09,online,Manipulated image or video,Criminal or dangerous,TikTok,,Śląskie,PL,Ukrainian women as a group,30-49,Link and screenshot,LC-55841,verified,9.2,Short clip claims Ukrainian women bring disease and crime; uses an unrelated photo.
PL-002339,synthetic-demo,2026-09-08T15:59:54Z,2026-09-08,2026-W37,2026-09-07,2026-09,online,Sexualised content or stereotypes,Came to seduce / steal husbands,X,,Małopolskie,PL,Ukrainian women as a group,Unknown,Screenshot only,,verified,7.7,"Comments under a local news story say Ukrainian women ""take"" Polish men and break up families."
PL-002340,synthetic-demo,2026-09-08T17:42:58Z,2026-09-08,2026-W37,2026-09-07,2026-09,in-person,Verbal harassment or insults,None (in person),,Street or public transport,Mazowieckie,PL,Herself,18-29,Photo,,verified,26.2,Shouted at on public transport in Warsaw for speaking Ukrainian.
PL-002341,synthetic-demo,2026-09-08T19:06:26Z,2026-09-08,2026-W37,2026-09-07,2026-09,online,Fabricated story,Came to seduce / steal husbands,Facebook,,Podkarpackie,PL,Herself,Unknown,Link and screenshot,LC-75427,verified,80.9,Comment thread on Facebook claims Ukrainian women come to Poland to find Polish husbands.
PL-002342,synthetic-demo,2026-09-09T13:33:59Z,2026-09-09,2026-W37,2026-09-07,2026-09,in-person,Verbal harassment or insults,None (in person),,Shop or service,Mazowieckie,PL,Herself,18-29,Description only,,pending,,Group of men called her names linked to her nationality in the street.
PL-002343,synthetic-demo,2026-09-09T16:10:41Z,2026-09-09,2026-W37,2026-09-07,2026-09,online,Fabricated story,Abusing benefits / taking jobs,TikTok,,Mazowieckie,PL,Ukrainian women as a group,50+,Link and screenshot,LC-25920,pending,,"Chart with false numbers about benefits paid to Ukrainian women, shared as if official."
PL-002344,synthetic-demo,2026-09-09T16:18:51Z,2026-09-09,2026-W37,2026-09-07,2026-09,in-person,Verbal harassment or insults,None (in person),,Community or religious place,Opolskie,PL,Herself,Unknown,Description only,,pending,,Group of men called her names linked to her nationality in the street.
PL-002345,synthetic-demo,2026-09-09T18:31:51Z,2026-09-09,2026-W37,2026-09-07,2026-09,online,Harassment or pile-on,Criminal or dangerous,X,,Śląskie,PL,Someone she knows,18-29,Link and screenshot,LC-38059,pending,,Meme claims Ukrainian women run scams targeting elderly people; no source.
PL-002346,synthetic-demo,2026-09-10T05:56:54Z,2026-09-10,2026-W37,2026-09-07,2026-09,online,False claim to discredit,Sex work stereotypes,X,,Mazowieckie,PL,Ukrainian women as a group,18-29,Screenshot only,,verified,11.9,"Carousel post describes Ukrainian women as ""easy"" and links this to the war; widely shared."
PL-002347,synthetic-demo,2026-09-10T08:56:40Z,2026-09-10,2026-W37,2026-09-07,2026-09,online,"Fake job, housing or relationship offer",Fake offers (lures),Facebook,,Świętokrzyskie,UA,Herself,13-17,Screenshot only,,verified,10.8,"Message offers a free room to young Ukrainian women ""in exchange for help around the house""."
PL-002348,synthetic-demo,2026-09-10T14:34:44Z,2026-09-10,2026-W37,2026-09-07,2026-09,online,Sexualised content or stereotypes,Sex work stereotypes,Facebook,,Mazowieckie,PL,Ukrainian women as a group,18-29,Description only,,pending,,Comments call a Ukrainian woman a sex worker after she posted about her new job.
PL-002349,synthetic-demo,2026-09-10T15:43:03Z,2026-09-10,2026-W37,2026-09-07,2026-09,in-person,Unwanted sexual comments or propositions,None (in person),,Shop or service,Pomorskie,PL,Herself,Unknown,Description only,,verified,13.8,"Landlord made sexual comments and hinted rent could be ""paid another way""."
PL-002350,synthetic-demo,2026-09-10T23:58:33Z,2026-09-10,2026-W37,2026-09-07,2026-09,online,"Fake job, housing or relationship offer",Fake offers (lures),Telegram,,Podkarpackie,UA,Ukrainian women as a group,Unknown,Link and screenshot,LC-51622,pending,,"Offer of a seasonal farm job near Rzeszów with pay far above normal, asks women to send full-length photos."
PL-002351,synthetic-demo,2026-09-11T14:53:15Z,2026-09-11,2026-W37,2026-09-07,2026-09,in-person,Other (in person),None (in person),,Other,Śląskie,PL,Someone she knows,18-29,Description only,,pending,,Refused service and humiliated in a shop because she is Ukrainian.
PL-002352,synthetic-demo,2026-09-11T17:50:49Z,2026-09-11,2026-W37,2026-09-07,2026-09,in-person,Unwanted sexual comments or propositions,None (in person),,Workplace,Dolnośląskie,PL,Herself,30-49,Photo,,needs more info,13,"Man at her workplace made sexual comments and suggested she was ""available"" because she is Ukrainian."
PL-002353,synthetic-demo,2026-09-11T19:23:59Z,2026-09-11,2026-W37,2026-09-07,2026-09,in-person,Being followed or watched,None (in person),,Workplace,Pomorskie,PL,Herself,18-29,Photo,,verified,23.5,Followed from the bus stop to her accommodation twice in one week.
PL-002354,synthetic-demo,2026-09-11T23:58:33Z,2026-09-11,2026-W37,2026-09-07,2026-09,in-person,Unwanted sexual comments or propositions,None (in person),,Shop or service,Mazowieckie,PL,Someone she knows,Unknown,Description only,,verified,60.3,"Landlord made sexual comments and hinted rent could be ""paid another way""."
PL-002355,synthetic-demo,2026-09-12T11:39:52Z,2026-09-12,2026-W37,2026-09-07,2026-09,online,Sexualised content or stereotypes,Came to seduce / steal husbands,X,,Mazowieckie,EN,Someone she knows,Unknown,Link and screenshot,LC-84248,pending,,"Comments under a local news story say Ukrainian women ""take"" Polish men and break up families."
PL-002356,synthetic-demo,2026-09-12T16:02:30Z,2026-09-12,2026-W37,2026-09-07,2026-09,online,Sexualised content or stereotypes,Sex work stereotypes,Instagram,,Mazowieckie,PL,Public figure,Unknown,Link only,LC-64266,verified,35,Post suggests a reception point in Warsaw is used for sex work; no evidence given.
PL-002357,synthetic-demo,2026-09-12T17:37:56Z,2026-09-12,2026-W37,2026-09-07,2026-09,online,Harassment or pile-on,Other or unclear,Instagram,,Podlaskie,EN,Ukrainian women as a group,Unknown,Screenshot only,,verified,6.7,Pile-on in the comments after a Ukrainian woman spoke about her work in local media.
PL-002358,synthetic-demo,2026-09-13T11:31:36Z,2026-09-13,2026-W37,2026-09-07,2026-09,in-person,Threats or intimidation,None (in person),,Accommodation or housing,Zachodniopomorskie,PL,Herself,18-29,Description only,,verified,21.5,"Man told her to leave the neighbourhood or ""something would happen""."
PL-002359,synthetic-demo,2026-09-13T12:14:58Z,2026-09-13,2026-W37,2026-09-07,2026-09,online,Fabricated story,Criminal or dangerous,X,,Podkarpackie,EN,Public figure,18-29,Link and screenshot,LC-78328,verified,5.1,Short clip claims Ukrainian women bring disease and crime; uses an unrelated photo.
PL-002360,synthetic-demo,2026-09-13T16:22:35Z,2026-09-13,2026-W37,2026-09-07,2026-09,online,Manipulated image or video,Stolen photos / fake profiles,Instagram,,Śląskie,PL,Herself,30-49,Link and screenshot,LC-35192,verified,31,Fake account copies a woman's profile photos and messages men pretending to be her.
PL-002361,synthetic-demo,2026-09-13T19:05:47Z,2026-09-13,2026-W37,2026-09-07,2026-09,online,"Fake job, housing or relationship offer",Fake offers (lures),Classifieds site,,Wielkopolskie,RU,Herself,Unknown,Screenshot only,,verified,34.2,"Post offers help finding a ""sponsor"" for women who have just arrived."
PL-002362,synthetic-demo,2026-09-13T23:41:01Z,2026-09-13,2026-W37,2026-09-07,2026-09,online,Harassment or pile-on,Sex work stereotypes,TikTok,,Wielkopolskie,PL,Ukrainian women as a group,18-29,Link only,LC-16668,pending,,"Short clip describes Ukrainian women as ""easy"" and links this to the war; widely shared."
PL-002363,synthetic-demo,2026-09-14T06:26:43Z,2026-09-14,2026-W38,2026-09-14,2026-09,online,"Fake job, housing or relationship offer",Fake offers (lures),Classifieds site,,Podkarpackie,RU,Ukrainian women as a group,30-49,Link and screenshot,LC-40901,verified,27.9,"Ad for seasonal farm work abroad through Poland, no company name, contact by private chat only."
PL-002364,synthetic-demo,2026-09-14T07:28:01Z,2026-09-14,2026-W38,2026-09-14,2026-09,online,Harassment or pile-on,Available women / brides,X,,Lubelskie,RU,Ukrainian women as a group,Unknown,Link and screenshot,LC-83535,pending,,"Page advertises ""Ukrainian brides"" using photos that appear to be taken from a refugee support group."
PL-002365,synthetic-demo,2026-09-14T10:09:47Z,2026-09-14,2026-W38,2026-09-14,2026-09,online,Doxxing or exposure,Stolen photos / fake profiles,X,,Lubelskie,PL,Someone she knows,18-29,Screenshot only,,verified,66.3,Dating profile uses photos of a Ukrainian woman without her consent.
PL-002366,synthetic-demo,2026-09-14T14:18:57Z,2026-09-14,2026-W38,2026-09-14,2026-09,online,Harassment or pile-on,Sex work stereotypes,Telegram,,Lubelskie,PL,Someone she knows,18-29,Description only,,pending,,Post suggests a reception point in Lublin is used for sex work; no evidence given.
PL-002367,synthetic-demo,2026-09-14T19:30:11Z,2026-09-14,2026-W38,2026-09-14,2026-09,online,Manipulated image or video,Stolen photos / fake profiles,Instagram,,Zachodniopomorskie,PL,Herself,18-29,Description only,,pending,,Photos from a Ukrainian woman's private account reposted on a page with sexual captions.
PL-002368,synthetic-demo,2026-09-14T23:58:33Z,2026-09-14,2026-W38,2026-09-14,2026-09,online,Sexualised content or stereotypes,Came to seduce / steal husbands,X,,Łódzkie,PL,Ukrainian women as a group,Unknown,Screenshot only,,rejected,17.7,Video on X claims Ukrainian women come to Poland to find Polish husbands.
PL-002369,synthetic-demo,2026-09-15T14:05:27Z,2026-09-15,2026-W38,2026-09-14,2026-09,in-person,Threats or intimidation,None (in person),,Street or public transport,Śląskie,PL,Herself,30-49,Description only,,pending,,Former partner threatened to share private photos.
PL-002370,synthetic-demo,2026-09-15T14:15:13Z,2026-09-15,2026-W38,2026-09-14,2026-09,online,Other (online),Other or unclear,Telegram,,Mazowieckie,RU,Ukrainian women as a group,Unknown,Link and screenshot,LC-54298,verified,7.3,Hostile messages sent to several Ukrainian women in a local community group.
PL-002371,synthetic-demo,2026-09-15T19:01:25Z,2026-09-15,2026-W38,2026-09-14,2026-09,online,Harassment or pile-on,Other or unclear,Instagram,,Warmińsko-mazurskie,PL,Someone she knows,18-29,Description only,,pending,,Pile-on in the comments after a Ukrainian woman spoke about her work in local media.
PL-002372,synthetic-demo,2026-09-16T06:21:45Z,2026-09-16,2026-W38,2026-09-14,2026-09,in-person,Threats or intimidation,None (in person),,Accommodation or housing,Śląskie,PL,Someone she knows,30-49,Description only,,pending,,Former partner threatened to share private photos.
PL-002373,synthetic-demo,2026-09-16T09:58:17Z,2026-09-16,2026-W38,2026-09-14,2026-09,online,Sexualised content or stereotypes,Sex work stereotypes,X,,Podkarpackie,PL,Public figure,30-49,Description only,,needs more info,7.3,Post claims Ukrainian women arriving in Poland mostly work in the sex industry.
PL-002374,synthetic-demo,2026-09-16T11:50:19Z,2026-09-16,2026-W38,2026-09-14,2026-09,online,False claim to discredit,Sex work stereotypes,X,,Śląskie,PL,Someone she knows,18-29,Link and screenshot,LC-26403,verified,8.6,Post suggests a reception point in Katowice is used for sex work; no evidence given.
PL-002375,synthetic-demo,2026-09-16T12:33:40Z,2026-09-16,2026-W38,2026-09-14,2026-09,online,False claim to discredit,Abusing benefits / taking jobs,Telegram,,Mazowieckie,RU,Ukrainian women as a group,30-49,Link and screenshot,LC-40842,verified,15.2,Video says Ukrainian mothers abuse child benefits and take kindergarten places.
PL-002376,synthetic-demo,2026-09-16T15:57:51Z,2026-09-16,2026-W38,2026-09-14,2026-09,online,Fabricated story,Criminal or dangerous,Facebook,,Mazowieckie,EN,Public figure,Unknown,Link and screenshot,LC-59392,verified,11.1,Old crime story from another country reshared as if it happened in Warsaw with a Ukrainian woman.
PL-002377,synthetic-demo,2026-09-16T19:06:58Z,2026-09-16,2026-W38,2026-09-14,2026-09,online,Fabricated story,Came to seduce / steal husbands,Facebook,,Śląskie,PL,Public figure,30-49,Screenshot only,,pending,,"Comments under a local news story say Ukrainian women ""take"" Polish men and break up families."
PL-002378,synthetic-demo,2026-09-16T19:52:00Z,2026-09-16,2026-W38,2026-09-14,2026-09,online,Sexualised content or stereotypes,Sex work stereotypes,Instagram,,Dolnośląskie,PL,Ukrainian women as a group,18-29,Screenshot only,,pending,,"Carousel post describes Ukrainian women as ""easy"" and links this to the war; widely shared."
PL-002379,synthetic-demo,2026-09-16T21:15:40Z,2026-09-16,2026-W38,2026-09-14,2026-09,online,False claim to discredit,Sex work stereotypes,Facebook,,Dolnośląskie,UA,Ukrainian women as a group,18-29,Description only,,verified,14.1,Post suggests a reception point in Wrocław is used for sex work; no evidence given.
PL-002380,synthetic-demo,2026-09-16T21:16:52Z,2026-09-16,2026-W38,2026-09-14,2026-09,online,Sexualised content or stereotypes,Came to seduce / steal husbands,TikTok,,Pomorskie,PL,Public figure,18-29,Screenshot only,,verified,23.6,Post on TikTok claims Ukrainian women come to Poland to find Polish husbands.
PL-002381,synthetic-demo,2026-09-17T05:00:51Z,2026-09-17,2026-W38,2026-09-14,2026-09,online,Manipulated image or video,Available women / brides,Instagram,,Dolnośląskie,PL,Herself,50+,Screenshot only,,verified,31.2,"Post ranks Ukrainian women by appearance and invites men to ""choose one""."
PL-002382,synthetic-demo,2026-09-17T08:52:00Z,2026-09-17,2026-W38,2026-09-14,2026-09,online,Fabricated story,Criminal or dangerous,Telegram,,Łódzkie,RU,Ukrainian women as a group,50+,Link and screenshot,LC-64663,pending,,Old crime story from another country reshared as if it happened in Łódź with a Ukrainian woman.
PL-002383,synthetic-demo,2026-09-17T11:57:29Z,2026-09-17,2026-W38,2026-09-14,2026-09,online,Sexualised content or stereotypes,Sex work stereotypes,Telegram,,Mazowieckie,RU,Herself,18-29,Screenshot only,,pending,,Post suggests a reception point in Warsaw is used for sex work; no evidence given.
PL-002384,synthetic-demo,2026-09-17T14:49:12Z,2026-09-17,2026-W38,2026-09-14,2026-09,online,Doxxing or exposure,Sex work stereotypes,X,,Małopolskie,PL,Ukrainian women as a group,Unknown,Screenshot only,,pending,,Comments call a Ukrainian woman a sex worker after she posted about her new job.
PL-002385,synthetic-demo,2026-09-17T16:12:05Z,2026-09-17,2026-W38,2026-09-14,2026-09,online,"Fake job, housing or relationship offer",Fake offers (lures),Classifieds site,,Lubelskie,RU,Ukrainian women as a group,Unknown,Link only,LC-64526,pending,,"Message offers a free room to young Ukrainian women ""in exchange for help around the house""."
PL-002386,synthetic-demo,2026-09-17T17:58:30Z,2026-09-17,2026-W38,2026-09-14,2026-09,online,Harassment or pile-on,Sex work stereotypes,Instagram,,Wielkopolskie,PL,Someone she knows,Unknown,Link and screenshot,LC-23661,verified,16.7,"Short clip describes Ukrainian women as ""easy"" and links this to the war; widely shared."
PL-002387,synthetic-demo,2026-09-17T20:37:09Z,2026-09-17,2026-W38,2026-09-14,2026-09,online,"Fake job, housing or relationship offer",Fake offers (lures),Classifieds site,,Podlaskie,PL,Herself,13-17,Description only,,pending,,"Ad for hotel work abroad through Poland, no company name, contact by private chat only."
PL-002388,synthetic-demo,2026-09-18T08:19:13Z,2026-09-18,2026-W38,2026-09-14,2026-09,online,Doxxing or exposure,Stolen photos / fake profiles,X,,Śląskie,PL,Herself,30-49,Link only,LC-20829,pending,,Fake account copies a woman's profile photos and messages men pretending to be her.
PL-002389,synthetic-demo,2026-09-18T08:59:57Z,2026-09-18,2026-W38,2026-09-14,2026-09,in-person,Verbal harassment or insults,None (in person),,Street or public transport,Wielkopolskie,PL,Herself,Unknown,Description only,,pending,,Insulted by a customer at work after they heard her accent.
PL-002390,synthetic-demo,2026-09-18T11:27:08Z,2026-09-18,2026-W38,2026-09-14,2026-09,online,Sexualised content or stereotypes,Came to seduce / steal husbands,Instagram,,Lubelskie,PL,Ukrainian women as a group,30-49,Link and screenshot,LC-30301,verified,14.7,Post mocks Ukrainian women as only interested in men with money; many replies agree.
PL-002391,synthetic-demo,2026-09-18T11:38:00Z,2026-09-18,2026-W38,2026-09-14,2026-09,online,Sexualised content or stereotypes,Came to seduce / steal husbands,TikTok,,Łódzkie,PL,Public figure,Unknown,Link and screenshot,LC-78121,pending,,Comment thread uses a sexualised stereotype of Ukrainian women to joke about Polish wives.
PL-002392,synthetic-demo,2026-09-18T14:57:09Z,2026-09-18,2026-W38,2026-09-14,2026-09,online,Sexualised content or stereotypes,Came to seduce / steal husbands,TikTok,,Mazowieckie,EN,Herself,30-49,Link and screenshot,LC-32338,pending,,"Comments under a local news story say Ukrainian women ""take"" Polish men and break up families."
PL-002393,synthetic-demo,2026-09-18T18:23:58Z,2026-09-18,2026-W38,2026-09-14,2026-09,online,Sexualised content or stereotypes,Came to seduce / steal husbands,Other,,Kujawsko-pomorskie,PL,Ukrainian women as a group,Unknown,Description only,,pending,,Post mocks Ukrainian women as only interested in men with money; many replies agree.
PL-002394,synthetic-demo,2026-09-18T21:49:20Z,2026-09-18,2026-W38,2026-09-14,2026-09,online,Fabricated story,Abusing benefits / taking jobs,Facebook,,Pomorskie,PL,Someone she knows,13-17,Link only,LC-65635,verified,11.9,Comment thread says Ukrainian mothers abuse child benefits and take kindergarten places.
PL-002395,synthetic-demo,2026-09-18T22:52:59Z,2026-09-18,2026-W38,2026-09-14,2026-09,in-person,Rumours or lies spread about her,None (in person),,School or university,Mazowieckie,PL,Herself,18-29,Description only,,verified,12.2,Colleagues told others she got her job through a relationship with the manager.
PL-002396,synthetic-demo,2026-09-19T06:02:44Z,2026-09-19,2026-W38,2026-09-14,2026-09,online,Other (online),Other or unclear,Telegram,,Kujawsko-pomorskie,PL,Ukrainian women as a group,Unknown,Link only,LC-17042,verified,8.6,Pile-on in the comments after a Ukrainian woman spoke about her work in local media.
PL-002397,synthetic-demo,2026-09-19T18:27:00Z,2026-09-19,2026-W38,2026-09-14,2026-09,online,False claim to discredit,Abusing benefits / taking jobs,Telegram,,Śląskie,PL,Public figure,30-49,Link and screenshot,LC-20402,verified,43.7,Post claims Ukrainian women receive more benefits than Polish families; the figures are invented.
PL-002398,synthetic-demo,2026-09-20T09:58:40Z,2026-09-20,2026-W38,2026-09-14,2026-09,online,"Fake job, housing or relationship offer",Fake offers (lures),Classifieds site,,Wielkopolskie,UA,Herself,18-29,Screenshot only,,verified,14.7,"Post offers help finding a ""sponsor"" for women who have just arrived."
PL-002399,synthetic-demo,2026-09-20T14:41:26Z,2026-09-20,2026-W38,2026-09-14,2026-09,online,Manipulated image or video,Available women / brides,Instagram,,Małopolskie,PL,Ukrainian women as a group,Unknown,Link and screenshot,LC-22817,pending,,Comment thread presents Ukrainian women as available for dating in exchange for help with housing.
PL-002400,synthetic-demo,2026-09-20T15:36:02Z,2026-09-20,2026-W38,2026-09-14,2026-09,in-person,Verbal harassment or insults,None (in person),,Street or public transport,Małopolskie,PL,Herself,18-29,Description only,,verified,46.5,Shouted at on public transport in Kraków for speaking Ukrainian.
PL-002401,synthetic-demo,2026-09-20T15:52:23Z,2026-09-20,2026-W38,2026-09-14,2026-09,online,Manipulated image or video,Stolen photos / fake profiles,X,,Warmińsko-mazurskie,PL,Someone she knows,13-17,Link and screenshot,LC-95106,pending,,Fake account copies a woman's profile photos and messages men pretending to be her.
PL-002402,synthetic-demo,2026-09-20T16:23:29Z,2026-09-20,2026-W38,2026-09-14,2026-09,online,False claim to discredit,Abusing benefits / taking jobs,X,,Łódzkie,PL,Herself,30-49,Link only,LC-34857,pending,,"Chart with false numbers about benefits paid to Ukrainian women, shared as if official."
PL-002403,synthetic-demo,2026-09-20T19:14:12Z,2026-09-20,2026-W38,2026-09-14,2026-09,online,Harassment or pile-on,Came to seduce / steal husbands,X,,Wielkopolskie,PL,Someone she knows,18-29,Screenshot only,,verified,59.6,Meme on X claims Ukrainian women come to Poland to find Polish husbands.
PL-002404,synthetic-demo,2026-09-20T20:07:09Z,2026-09-20,2026-W38,2026-09-14,2026-09,online,Harassment or pile-on,Other or unclear,X,,Mazowieckie,PL,Someone she knows,30-49,Description only,,pending,,Video targets a Ukrainian woman activist with insults and false claims about her past.
PL-002405,synthetic-demo,2026-09-20T22:49:53Z,2026-09-20,2026-W38,2026-09-14,2026-09,online,Manipulated image or video,Stolen photos / fake profiles,X,,Podlaskie,PL,Herself,Unknown,Description only,,needs more info,13.6,Fake account copies a woman's profile photos and messages men pretending to be her.
PL-002406,synthetic-demo,2026-09-20T23:58:33Z,2026-09-20,2026-W38,2026-09-14,2026-09,online,Fabricated story,Abusing benefits / taking jobs,Facebook,,Lubelskie,PL,Ukrainian women as a group,Unknown,Link only,LC-90324,pending,,Post claims Ukrainian women receive more benefits than Polish families; the figures are invented.
PL-002407,synthetic-demo,2026-09-21T04:40:14Z,2026-09-21,2026-W39,2026-09-21,2026-09,online,Doxxing or exposure,Stolen photos / fake profiles,Instagram,,Śląskie,PL,Herself,18-29,Link and screenshot,LC-67531,pending,,Photos from a Ukrainian woman's private account reposted on a page with sexual captions.
PL-002408,synthetic-demo,2026-09-21T08:38:06Z,2026-09-21,2026-W39,2026-09-21,2026-09,in-person,Being followed or watched,None (in person),,School or university,Wielkopolskie,PL,Herself,Unknown,Photo,,pending,,Followed from the bus stop to her accommodation twice in one week.
PL-002409,synthetic-demo,2026-09-21T09:47:15Z,2026-09-21,2026-W39,2026-09-21,2026-09,online,Harassment or pile-on,Criminal or dangerous,X,,Pomorskie,PL,Ukrainian women as a group,Unknown,Description only,,verified,12.4,Old crime story from another country reshared as if it happened in Gdańsk with a Ukrainian woman.
PL-002410,synthetic-demo,2026-09-21T12:30:47Z,2026-09-21,2026-W39,2026-09-21,2026-09,in-person,Rumours or lies spread about her,None (in person),,Other,Mazowieckie,PL,Herself,30-49,Description only,,verified,7.3,Neighbours spread a rumour that she came to Poland to find a husband.
PL-002411,synthetic-demo,2026-09-21T13:04:41Z,2026-09-21,2026-W39,2026-09-21,2026-09,online,Manipulated image or video,Stolen photos / fake profiles,Instagram,,Małopolskie,PL,Someone she knows,18-29,Link and screenshot,LC-34989,verified,16.1,Fake account copies a woman's profile photos and messages men pretending to be her.
PL-002412,synthetic-demo,2026-09-21T14:36:26Z,2026-09-21,2026-W39,2026-09-21,2026-09,online,False claim to discredit,Abusing benefits / taking jobs,Facebook,,Mazowieckie,PL,Ukrainian women as a group,13-17,Description only,,pending,,Short clip claims Ukrainian women take jobs from Polish women while living on benefits.
PL-002413,synthetic-demo,2026-09-21T14:43:16Z,2026-09-21,2026-W39,2026-09-21,2026-09,online,Harassment or pile-on,Abusing benefits / taking jobs,Instagram,,Pomorskie,PL,Ukrainian women as a group,Unknown,Screenshot only,,pending,,Post claims Ukrainian women receive more benefits than Polish families; the figures are invented.
PL-002414,synthetic-demo,2026-09-21T16:22:14Z,2026-09-21,2026-W39,2026-09-21,2026-09,online,Fabricated story,Criminal or dangerous,Facebook,,Wielkopolskie,PL,Ukrainian women as a group,Unknown,Description only,,needs more info,14.2,Old crime story from another country reshared as if it happened in Poznań with a Ukrainian woman.
PL-002415,synthetic-demo,2026-09-21T18:00:33Z,2026-09-21,2026-W39,2026-09-21,2026-09,online,Harassment or pile-on,Criminal or dangerous,Instagram,,Śląskie,PL,Herself,18-29,Screenshot only,,verified,32.6,Old crime story from another country reshared as if it happened in Katowice with a Ukrainian woman.
PL-002416,synthetic-demo,2026-09-21T18:24:28Z,2026-09-21,2026-W39,2026-09-21,2026-09,online,False claim to discredit,Abusing benefits / taking jobs,X,,Śląskie,UA,Ukrainian women as a group,30-49,Link only,LC-70436,verified,7.5,"Chart with false numbers about benefits paid to Ukrainian women, shared as if official."
PL-002417,synthetic-demo,2026-09-21T18:33:30Z,2026-09-21,2026-W39,2026-09-21,2026-09,in-person,Threats or intimidation,None (in person),,Workplace,Małopolskie,PL,Someone she knows,18-29,Description only,,pending,,"Man told her to leave the neighbourhood or ""something would happen""."
PL-002418,synthetic-demo,2026-09-21T19:01:14Z,2026-09-21,2026-W39,2026-09-21,2026-09,in-person,Verbal harassment or insults,None (in person),,School or university,Wielkopolskie,PL,Herself,18-29,Description only,,pending,,Insulted by a customer at work after they heard her accent.
PL-002419,synthetic-demo,2026-09-21T19:59:06Z,2026-09-21,2026-W39,2026-09-21,2026-09,online,Sexualised content or stereotypes,Came to seduce / steal husbands,X,,Małopolskie,PL,Ukrainian women as a group,30-49,Link only,LC-54281,verified,28.2,Meme uses a sexualised stereotype of Ukrainian women to joke about Polish wives.
PL-002420,synthetic-demo,2026-09-21T23:58:33Z,2026-09-21,2026-W39,2026-09-21,2026-09,online,Sexualised content or stereotypes,Came to seduce / steal husbands,X,,Wielkopolskie,EN,Ukrainian women as a group,30-49,Description only,,needs more info,7.6,Comment thread on X claims Ukrainian women come to Poland to find Polish husbands.
PL-002421,synthetic-demo,2026-09-22T07:39:50Z,2026-09-22,2026-W39,2026-09-21,2026-09,online,Harassment or pile-on,Came to seduce / steal husbands,Facebook,,Mazowieckie,PL,Herself,30-49,Link and screenshot,LC-85300,verified,21.9,Meme uses a sexualised stereotype of Ukrainian women to joke about Polish wives.
PL-002422,synthetic-demo,2026-09-22T12:36:47Z,2026-09-22,2026-W39,2026-09-21,2026-09,in-person,Rumours or lies spread about her,None (in person),,Accommodation or housing,Zachodniopomorskie,PL,Herself,18-29,Photo,,pending,,Neighbours spread a rumour that she came to Poland to find a husband.
PL-002423,synthetic-demo,2026-09-22T13:19:48Z,2026-09-22,2026-W39,2026-09-21,2026-09,in-person,Unwanted sexual comments or propositions,None (in person),,Street or public transport,Mazowieckie,PL,Herself,Unknown,Description only,,verified,18.5,"Stranger asked whether she was ""one of those Ukrainian girls"" and made sexual remarks."
PL-002424,synthetic-demo,2026-09-22T14:48:34Z,2026-09-22,2026-W39,2026-09-21,2026-09,in-person,Rumours or lies spread about her,None (in person),,School or university,Łódzkie,PL,Herself,Unknown,Description only,,needs more info,39.3,Neighbours spread a rumour that she came to Poland to find a husband.
PL-002425,synthetic-demo,2026-09-23T07:55:26Z,2026-09-23,2026-W39,2026-09-21,2026-09,online,Fabricated story,Other or unclear,Facebook,,Mazowieckie,PL,Ukrainian women as a group,Unknown,Screenshot only,,verified,12.9,Her home area and phone number were posted in a hostile group.
PL-002426,synthetic-demo,2026-09-23T09:37:47Z,2026-09-23,2026-W39,2026-09-21,2026-09,in-person,Unwanted sexual comments or propositions,None (in person),,Street or public transport,Mazowieckie,PL,Someone she knows,Unknown,Description only,,rejected,39.3,"Landlord made sexual comments and hinted rent could be ""paid another way""."
PL-002427,synthetic-demo,2026-09-23T13:44:37Z,2026-09-23,2026-W39,2026-09-21,2026-09,online,Harassment or pile-on,Available women / brides,X,,Małopolskie,PL,Herself,Unknown,Link only,LC-47902,pending,,"Account shares sexualised images captioned as Ukrainian women ""looking for a husband""."
PL-002428,synthetic-demo,2026-09-23T15:42:07Z,2026-09-23,2026-W39,2026-09-21,2026-09,online,Sexualised content or stereotypes,Sex work stereotypes,TikTok,,Dolnośląskie,PL,Public figure,18-29,Link only,LC-94382,verified,35.3,Comments call a Ukrainian woman a sex worker after she posted about her new job.
PL-002429,synthetic-demo,2026-09-23T16:20:04Z,2026-09-23,2026-W39,2026-09-21,2026-09,online,Sexualised content or stereotypes,Came to seduce / steal husbands,X,,Lubelskie,UA,Ukrainian women as a group,30-49,Link and screenshot,LC-72024,pending,,Meme on X claims Ukrainian women come to Poland to find Polish husbands.
PL-002430,synthetic-demo,2026-09-23T17:07:13Z,2026-09-23,2026-W39,2026-09-21,2026-09,online,False claim to discredit,Sex work stereotypes,X,,Śląskie,PL,Ukrainian women as a group,18-29,Link only,LC-52578,pending,,Carousel post claims Ukrainian women arriving in Poland mostly work in the sex industry.
PL-002431,synthetic-demo,2026-09-23T17:22:12Z,2026-09-23,2026-W39,2026-09-21,2026-09,online,Harassment or pile-on,Other or unclear,Instagram,,Lubelskie,PL,Someone she knows,Unknown,Description only,,pending,,Her home area and phone number were posted in a hostile group.
PL-002432,synthetic-demo,2026-09-23T19:44:08Z,2026-09-23,2026-W39,2026-09-21,2026-09,online,Harassment or pile-on,Sex work stereotypes,Facebook,,Małopolskie,EN,Ukrainian women as a group,Unknown,Screenshot only,,verified,10.3,Comment thread claims Ukrainian women arriving in Poland mostly work in the sex industry.
PL-002433,synthetic-demo,2026-09-23T20:45:02Z,2026-09-23,2026-W39,2026-09-21,2026-09,online,Sexualised content or stereotypes,Available women / brides,TikTok,,Dolnośląskie,PL,Public figure,30-49,Link and screenshot,LC-49104,pending,,"Account shares sexualised images captioned as Ukrainian women ""looking for a husband""."
PL-002434,synthetic-demo,2026-09-24T07:17:55Z,2026-09-24,2026-W39,2026-09-21,2026-09,in-person,Verbal harassment or insults,None (in person),,Workplace,Lubelskie,PL,Herself,50+,Description only,,pending,,Insulted by a customer at work after they heard her accent.
PL-002435,synthetic-demo,2026-09-24T08:45:25Z,2026-09-24,2026-W39,2026-09-21,2026-09,online,Harassment or pile-on,Available women / brides,TikTok,,Łódzkie,UA,Someone she knows,13-17,Link and screenshot,LC-50175,verified,12.9,"Meme ranks Ukrainian women by appearance and invites men to ""choose one""."
PL-002436,synthetic-demo,2026-09-24T10:31:41Z,2026-09-24,2026-W39,2026-09-21,2026-09,online,Harassment or pile-on,Criminal or dangerous,Facebook,,Zachodniopomorskie,PL,Ukrainian women as a group,Unknown,Link and screenshot,LC-13110,pending,,Meme claims Ukrainian women bring disease and crime; uses an unrelated photo.
PL-002437,synthetic-demo,2026-09-24T11:03:30Z,2026-09-24,2026-W39,2026-09-21,2026-09,online,Harassment or pile-on,Available women / brides,TikTok,,Dolnośląskie,PL,Herself,18-29,Link only,LC-33903,verified,52.9,"Short clip ranks Ukrainian women by appearance and invites men to ""choose one""."
PL-002438,synthetic-demo,2026-09-24T15:17:32Z,2026-09-24,2026-W39,2026-09-21,2026-09,online,Harassment or pile-on,Came to seduce / steal husbands,Instagram,,Opolskie,PL,Herself,18-29,Link and screenshot,LC-87540,verified,16.9,"Comments under a local news story say Ukrainian women ""take"" Polish men and break up families."
PL-002439,synthetic-demo,2026-09-24T15:28:47Z,2026-09-24,2026-W39,2026-09-21,2026-09,online,Harassment or pile-on,Other or unclear,Facebook,,Małopolskie,EN,Ukrainian women as a group,18-29,Screenshot only,,verified,31.6,Pile-on in the comments after a Ukrainian woman spoke about her work in local media.
PL-002440,synthetic-demo,2026-09-24T17:23:15Z,2026-09-24,2026-W39,2026-09-21,2026-09,online,Harassment or pile-on,Available women / brides,X,,Lubelskie,PL,Ukrainian women as a group,13-17,Link and screenshot,LC-95527,needs more info,31,"Account shares sexualised images captioned as Ukrainian women ""looking for a husband""."
PL-002441,synthetic-demo,2026-09-24T23:42:32Z,2026-09-24,2026-W39,2026-09-21,2026-09,in-person,Rumours or lies spread about her,None (in person),,Workplace,Mazowieckie,PL,Someone she knows,18-29,Description only,,pending,,"Parents at school said she had a ""bad reputation"" because she is Ukrainian."
PL-002442,synthetic-demo,2026-09-25T00:54:57Z,2026-09-25,2026-W39,2026-09-21,2026-09,online,Doxxing or exposure,Other or unclear,Instagram,,Wielkopolskie,PL,Ukrainian women as a group,13-17,Link and screenshot,LC-64543,verified,6.1,Video targets a Ukrainian woman activist with insults and false claims about her past.
PL-002443,synthetic-demo,2026-09-25T03:25:58Z,2026-09-25,2026-W39,2026-09-21,2026-09,online,Other (online),Other or unclear,Instagram,,Śląskie,PL,Ukrainian women as a group,30-49,Link only,LC-40081,verified,15.2,Short clip targets a Ukrainian woman activist with insults and false claims about her past.
PL-002444,synthetic-demo,2026-09-25T08:16:46Z,2026-09-25,2026-W39,2026-09-21,2026-09,online,Manipulated image or video,Stolen photos / fake profiles,Instagram,,Dolnośląskie,PL,Herself,30-49,Screenshot only,,pending,,Photos from a Ukrainian woman's private account reposted on a page with sexual captions.
PL-002445,synthetic-demo,2026-09-25T11:47:42Z,2026-09-25,2026-W39,2026-09-21,2026-09,online,Harassment or pile-on,Sex work stereotypes,X,,Mazowieckie,PL,Ukrainian women as a group,Unknown,Screenshot only,,rejected,4.4,"Video describes Ukrainian women as ""easy"" and links this to the war; widely shared."
PL-002446,synthetic-demo,2026-09-25T13:27:58Z,2026-09-25,2026-W39,2026-09-21,2026-09,online,False claim to discredit,Abusing benefits / taking jobs,X,,Śląskie,EN,Public figure,13-17,Description only,,rejected,22.3,"Chart with false numbers about benefits paid to Ukrainian women, shared as if official."
PL-002447,synthetic-demo,2026-09-25T15:24:04Z,2026-09-25,2026-W39,2026-09-21,2026-09,in-person,Unwanted sexual comments or propositions,None (in person),,Accommodation or housing,Pomorskie,PL,Herself,Unknown,Description only,,pending,,"Landlord made sexual comments and hinted rent could be ""paid another way""."
PL-002448,synthetic-demo,2026-09-25T15:27:49Z,2026-09-25,2026-W39,2026-09-21,2026-09,online,Sexualised content or stereotypes,Available women / brides,Instagram,,Opolskie,PL,Ukrainian women as a group,50+,Description only,,pending,,Short clip presents Ukrainian women as available for dating in exchange for help with housing.
PL-002449,synthetic-demo,2026-09-25T17:38:51Z,2026-09-25,2026-W39,2026-09-21,2026-09,in-person,Physical or sexual violence,None (in person),,Workplace,Pomorskie,PL,Herself,30-49,Photo,,verified,61,Pushed and hit by a stranger who shouted about Ukrainians.
PL-002450,synthetic-demo,2026-09-25T23:58:33Z,2026-09-25,2026-W39,2026-09-21,2026-09,in-person,Other (in person),None (in person),,Workplace,Podkarpackie,PL,Herself,30-49,Description only,,pending,,Refused service and humiliated in a shop because she is Ukrainian.
PL-002451,synthetic-demo,2026-09-26T06:08:06Z,2026-09-26,2026-W39,2026-09-21,2026-09,online,Harassment or pile-on,Available women / brides,X,,Podkarpackie,PL,Ukrainian women as a group,50+,Description only,,verified,11.9,Post presents Ukrainian women as available for dating in exchange for help with housing.
PL-002452,synthetic-demo,2026-09-26T14:15:00Z,2026-09-26,2026-W39,2026-09-21,2026-09,online,False claim to discredit,Sex work stereotypes,Facebook,,Śląskie,PL,Ukrainian women as a group,Unknown,Link and screenshot,LC-14574,pending,,"Meme describes Ukrainian women as ""easy"" and links this to the war; widely shared."
PL-002453,synthetic-demo,2026-09-26T18:11:26Z,2026-09-26,2026-W39,2026-09-21,2026-09,online,False claim to discredit,Abusing benefits / taking jobs,X,,Kujawsko-pomorskie,PL,Ukrainian women as a group,18-29,Description only,,pending,,Meme says Ukrainian mothers abuse child benefits and take kindergarten places.
PL-002454,synthetic-demo,2026-09-26T19:04:49Z,2026-09-26,2026-W39,2026-09-21,2026-09,online,Sexualised content or stereotypes,Sex work stereotypes,Instagram,,Lubelskie,PL,Herself,Unknown,Screenshot only,,rejected,61.1,Short clip claims Ukrainian women arriving in Poland mostly work in the sex industry.
PL-002455,synthetic-demo,2026-09-27T02:57:55Z,2026-09-27,2026-W39,2026-09-21,2026-09,online,Sexualised content or stereotypes,Sex work stereotypes,X,,Małopolskie,PL,Herself,18-29,Link only,LC-39487,pending,,Post suggests a reception point in Kraków is used for sex work; no evidence given.
PL-002456,synthetic-demo,2026-09-27T05:47:29Z,2026-09-27,2026-W39,2026-09-21,2026-09,online,Harassment or pile-on,Sex work stereotypes,Instagram,,Dolnośląskie,PL,Herself,30-49,Screenshot only,,pending,,Comments call a Ukrainian woman a sex worker after she posted about her new job.
PL-002457,synthetic-demo,2026-09-27T08:04:50Z,2026-09-27,2026-W39,2026-09-21,2026-09,in-person,Unwanted sexual comments or propositions,None (in person),,School or university,Pomorskie,PL,Someone she knows,18-29,Description only,,verified,7.6,"Landlord made sexual comments and hinted rent could be ""paid another way""."
PL-002458,synthetic-demo,2026-09-27T09:56:09Z,2026-09-27,2026-W39,2026-09-21,2026-09,in-person,Rumours or lies spread about her,None (in person),,Workplace,Lubelskie,UA,Herself,30-49,Description only,,rejected,20.1,Neighbours spread a rumour that she came to Poland to find a husband.
PL-002459,synthetic-demo,2026-09-27T10:05:07Z,2026-09-27,2026-W39,2026-09-21,2026-09,in-person,Verbal harassment or insults,None (in person),,Shop or service,Śląskie,PL,Herself,18-29,Description only,,rejected,4.6,Shouted at on public transport in Katowice for speaking Ukrainian.
PL-002460,synthetic-demo,2026-09-27T12:23:30Z,2026-09-27,2026-W39,2026-09-21,2026-09,online,Manipulated image or video,Stolen photos / fake profiles,Telegram,,Dolnośląskie,RU,Someone she knows,30-49,Screenshot only,,verified,8.4,Edited photo puts a Ukrainian woman's face on a sexualised image; shared in a group.
PL-002461,synthetic-demo,2026-09-27T15:55:22Z,2026-09-27,2026-W39,2026-09-21,2026-09,online,"Fake job, housing or relationship offer",Fake offers (lures),Facebook,,Dolnośląskie,PL,Herself,18-29,Screenshot only,,verified,11.1,"Ad for model work abroad through Poland, no company name, contact by private chat only."
PL-002462,synthetic-demo,2026-09-27T16:40:25Z,2026-09-27,2026-W39,2026-09-21,2026-09,online,Fabricated story,Other or unclear,Other,,Podkarpackie,EN,Ukrainian women as a group,Unknown,Link only,LC-60572,pending,,Meme targets a Ukrainian woman activist with insults and false claims about her past.
PL-002463,synthetic-demo,2026-09-27T16:48:13Z,2026-09-27,2026-W39,2026-09-21,2026-09,online,Sexualised content or stereotypes,Sex work stereotypes,Instagram,,Zachodniopomorskie,PL,Ukrainian women as a group,Unknown,Link and screenshot,LC-95274,pending,,Carousel post claims Ukrainian women arriving in Poland mostly work in the sex industry.
PL-002464,synthetic-demo,2026-09-27T17:30:41Z,2026-09-27,2026-W39,2026-09-21,2026-09,online,Fabricated story,Criminal or dangerous,Facebook,,Małopolskie,PL,Ukrainian women as a group,18-29,Link only,LC-23031,pending,,Video claims Ukrainian women run scams targeting elderly people; no source.
PL-002465,synthetic-demo,2026-09-27T17:52:42Z,2026-09-27,2026-W39,2026-09-21,2026-09,online,Sexualised content or stereotypes,Available women / brides,TikTok,,Lubelskie,PL,Public figure,18-29,Description only,,needs more info,70.2,"Meme ranks Ukrainian women by appearance and invites men to ""choose one""."
PL-002466,synthetic-demo,2026-09-27T19:13:34Z,2026-09-27,2026-W39,2026-09-21,2026-09,online,Manipulated image or video,Stolen photos / fake profiles,Instagram,,Lubuskie,PL,Herself,Unknown,Screenshot only,,needs more info,13.1,Photos from a Ukrainian woman's private account reposted on a page with sexual captions.
PL-002467,synthetic-demo,2026-09-27T20:42:45Z,2026-09-27,2026-W39,2026-09-21,2026-09,online,Sexualised content or stereotypes,Available women / brides,Instagram,,Mazowieckie,PL,Ukrainian women as a group,Unknown,Link only,LC-52921,rejected,17.3,"Account shares sexualised images captioned as Ukrainian women ""looking for a husband""."
PL-002468,synthetic-demo,2026-09-27T21:47:00Z,2026-09-27,2026-W39,2026-09-21,2026-09,online,Fabricated story,Criminal or dangerous,TikTok,,Kujawsko-pomorskie,PL,Herself,30-49,Link only,LC-54605,pending,,Carousel post claims Ukrainian women run scams targeting elderly people; no source.
PL-002469,synthetic-demo,2026-09-28T06:08:24Z,2026-09-28,2026-W40,2026-09-28,2026-09,in-person,Rumours or lies spread about her,None (in person),,Other,Pomorskie,PL,Herself,Unknown,Description only,,verified,4.2,Colleagues told others she got her job through a relationship with the manager.
PL-002470,synthetic-demo,2026-09-28T07:01:30Z,2026-09-28,2026-W40,2026-09-28,2026-09,in-person,Being followed or watched,None (in person),,Street or public transport,Kujawsko-pomorskie,RU,Herself,13-17,Description only,,verified,26.2,Followed from the bus stop to her accommodation twice in one week.
PL-002471,synthetic-demo,2026-09-28T11:42:17Z,2026-09-28,2026-W40,2026-09-28,2026-09,online,Fabricated story,Abusing benefits / taking jobs,Facebook,,Lubelskie,UA,Public figure,30-49,Screenshot only,,verified,30.9,"Chart with false numbers about benefits paid to Ukrainian women, shared as if official."
PL-002472,synthetic-demo,2026-09-28T12:07:22Z,2026-09-28,2026-W40,2026-09-28,2026-09,online,Harassment or pile-on,Came to seduce / steal husbands,Instagram,,Wielkopolskie,PL,Ukrainian women as a group,18-29,Link and screenshot,LC-57227,rejected,113.4,"Comments under a local news story say Ukrainian women ""take"" Polish men and break up families."
PL-002473,synthetic-demo,2026-09-28T12:16:58Z,2026-09-28,2026-W40,2026-09-28,2026-09,online,Manipulated image or video,Criminal or dangerous,Instagram,,Małopolskie,PL,Ukrainian women as a group,Unknown,Link only,LC-60184,verified,5.8,Fabricated story says a Ukrainian woman stole from her employer; the photo is from another country.
PL-002474,synthetic-demo,2026-09-28T13:26:03Z,2026-09-28,2026-W40,2026-09-28,2026-09,online,Harassment or pile-on,Sex work stereotypes,TikTok,,Mazowieckie,PL,Ukrainian women as a group,Unknown,Link and screenshot,LC-37706,verified,26.5,Video claims Ukrainian women arriving in Poland mostly work in the sex industry.
PL-002475,synthetic-demo,2026-09-28T16:13:00Z,2026-09-28,2026-W40,2026-09-28,2026-09,in-person,Rumours or lies spread about her,None (in person),,Street or public transport,Świętokrzyskie,PL,Someone she knows,18-29,Description only,,verified,25.1,"Parents at school said she had a ""bad reputation"" because she is Ukrainian."
PL-002476,synthetic-demo,2026-09-28T17:49:30Z,2026-09-28,2026-W40,2026-09-28,2026-09,online,Harassment or pile-on,Other or unclear,Facebook,,Podkarpackie,PL,Ukrainian women as a group,Unknown,Screenshot only,,verified,21.9,Comment thread targets a Ukrainian woman activist with insults and false claims about her past.
PL-002477,synthetic-demo,2026-09-28T17:58:17Z,2026-09-28,2026-W40,2026-09-28,2026-09,online,False claim to discredit,Abusing benefits / taking jobs,X,,Pomorskie,RU,Ukrainian women as a group,18-29,Screenshot only,,verified,39.9,"Chart with false numbers about benefits paid to Ukrainian women, shared as if official."
PL-002478,synthetic-demo,2026-09-28T18:03:00Z,2026-09-28,2026-W40,2026-09-28,2026-09,online,False claim to discredit,Abusing benefits / taking jobs,Facebook,,Łódzkie,PL,Ukrainian women as a group,Unknown,Description only,,pending,,"Chart with false numbers about benefits paid to Ukrainian women, shared as if official."
PL-002479,synthetic-demo,2026-09-29T13:39:16Z,2026-09-29,2026-W40,2026-09-28,2026-09,in-person,Verbal harassment or insults,None (in person),,Street or public transport,Kujawsko-pomorskie,PL,Herself,18-29,Photo,,verified,34.2,Insulted by a customer at work after they heard her accent.
PL-002480,synthetic-demo,2026-09-29T13:45:21Z,2026-09-29,2026-W40,2026-09-28,2026-09,online,Harassment or pile-on,Sex work stereotypes,TikTok,,Śląskie,PL,Someone she knows,50+,Link and screenshot,LC-20411,verified,22.4,Video claims Ukrainian women arriving in Poland mostly work in the sex industry.
PL-002481,synthetic-demo,2026-09-29T15:30:30Z,2026-09-29,2026-W40,2026-09-28,2026-09,in-person,Verbal harassment or insults,None (in person),,Workplace,Podkarpackie,UA,Herself,30-49,Photo,,pending,,Shouted at on public transport in Rzeszów for speaking Ukrainian.
PL-002482,synthetic-demo,2026-09-29T23:50:48Z,2026-09-29,2026-W40,2026-09-28,2026-09,online,"Fake job, housing or relationship offer",Fake offers (lures),Telegram,,Mazowieckie,UA,Someone she knows,18-29,Description only,,pending,,"Post offers help finding a ""sponsor"" for women who have just arrived."
PL-002483,synthetic-demo,2026-09-30T08:19:41Z,2026-09-30,2026-W40,2026-09-28,2026-09,in-person,Verbal harassment or insults,None (in person),,Accommodation or housing,Wielkopolskie,PL,Someone she knows,18-29,Description only,,pending,,Shouted at on public transport in Poznań for speaking Ukrainian.
PL-002484,synthetic-demo,2026-09-30T10:42:58Z,2026-09-30,2026-W40,2026-09-28,2026-09,online,Harassment or pile-on,Other or unclear,Facebook,,Lubelskie,PL,Ukrainian women as a group,Unknown,Description only,,pending,,Meme targets a Ukrainian woman activist with insults and false claims about her past.
PL-002485,synthetic-demo,2026-09-30T12:32:18Z,2026-09-30,2026-W40,2026-09-28,2026-09,online,False claim to discredit,Abusing benefits / taking jobs,Facebook,,Świętokrzyskie,PL,Herself,18-29,Link only,LC-60087,pending,,"Chart with false numbers about benefits paid to Ukrainian women, shared as if official."
PL-002486,synthetic-demo,2026-09-30T12:44:13Z,2026-09-30,2026-W40,2026-09-28,2026-09,online,Sexualised content or stereotypes,Came to seduce / steal husbands,TikTok,,Wielkopolskie,PL,Someone she knows,Unknown,Link only,LC-27454,verified,9.2,Video on TikTok claims Ukrainian women come to Poland to find Polish husbands.
PL-002487,synthetic-demo,2026-09-30T14:28:41Z,2026-09-30,2026-W40,2026-09-28,2026-09,online,Sexualised content or stereotypes,Came to seduce / steal husbands,Instagram,,Śląskie,EN,Ukrainian women as a group,Unknown,Screenshot only,,pending,,Short clip mocks Ukrainian women as only interested in men with money; many replies agree.
PL-002488,synthetic-demo,2026-09-30T14:44:59Z,2026-09-30,2026-W40,2026-09-28,2026-09,online,Sexualised content or stereotypes,Sex work stereotypes,TikTok,,Dolnośląskie,PL,Someone she knows,18-29,Description only,,rejected,8.2,Post suggests a reception point in Wrocław is used for sex work; no evidence given.
PL-002489,synthetic-demo,2026-09-30T16:20:57Z,2026-09-30,2026-W40,2026-09-28,2026-09,in-person,Verbal harassment or insults,None (in person),,Accommodation or housing,Pomorskie,PL,Herself,18-29,Photo,,rejected,22.7,Insulted by a customer at work after they heard her accent.
PL-002490,synthetic-demo,2026-09-30T19:10:29Z,2026-09-30,2026-W40,2026-09-28,2026-09,in-person,Being followed or watched,None (in person),,Street or public transport,Pomorskie,PL,Someone she knows,30-49,Description only,,rejected,46.5,Man she did not know kept appearing near her building and watching the entrance.
